0.006431108,0.007373705,0.009394017,-0.00341637,0.008321199,0.014302529,0.006035092,0.004893821,0,0.019391786,-0.004744565,0.010740055,0.025644975,0.038642523,0.014910394,0.015521902,0.006802261,0.025000617,1.0341,103,0.042561243,0.006174633,0.009112927,-0.3,-0.2,-0.063080982,-0.06293614,-0.053893217,-0.027908788,-0.073687716,-0.083286961,0.006225009,0.009431298,-0.000142015,0.01101296,0.009481865,0.014154359,0.002863964,0.004428444,0.005433044,0.003578097,0.00956414,0.004123717,0.001969474,40,0.2,40.4,7.390181428,5.799092654,6.023447593,6.22059017,5.924255797,7.506919477,5.462196804,5.9002856,6.569578996,6.160806012,0.010384685,0.02216609,0.032546494,0.024973264,0.005133189,-0.010331125,-0.001443481,0.001369465,0.006229924,-0.003554415,0.009519021,0.001989251,-0.0027517,-0.004383406,-0.001293657,0.000357775,0.025062161,0.024721882,-0.067808582,0.031069936,0.37,0.09,0.1,0,0.07,0.03,0.03,-0.01,-0.04,0.55,0,0.33,0.81,1.19,1.19,1.33,2.05,0.000204804,0.002200068,0,0.001209534,-0.005142457,-0.003016594,-0.002998503,-0.003262646,0.009528881,-0.010050336,0.012232568,-0.00069025,0.002234638,0.003372529,-2.22502E-05,-0.003007521,0.005235614,-0.004357305,0,0,0,-0.000249286,0.000666296,-0.001124066,0.000261074,0.009345862,-0.008146651,0.004818829,1.116650231,0.001066172,0.004929154,0.004138441,-0.014792359,9.837454991
0.006498138,0.007019386,-0.0035764,0.019928788,0.000615712,0.021079495,0.014338979,0.014548151,0.015651798,0.006384197,0.016509713,0.025791087,0.027242149,0.029655546,0.030499345,0.021102744,0.004052402,-0.004499559,1.5153,65,0.044026278,0.003973408,0.007765374,-0.4,-0.4,0.023705817,-0.15720505,-0.152361647,-0.261609832,-0.074786936,-0.055002526,0.005717741,0.010433607,0.001561059,0.023615397,0.008223516,0.012415634,0.00222187,0.003058916,0.002842865,0.004139206,-0.006983733,0.003696862,0.001228954,40.1,0.1,40.5,7.371489295,5.616771098,5.96870756,6.284134161,5.96100534,7.412760969,5.339295834,5.790435081,6.503811585,6.044473507,0.02231544,0.010990101,0.041442959,0.016413723,0.013336545,0,-0.002149768,-0.002093019,0.002700947,0.002875261,0.020825677,0.021534029,0.014651216,0.004206743,-0.000856267,6.7223E-05,0.016599357,0.018723105,-0.040203272,0.01429893,0.16,0.07,0.15,0.14,0.11,0.13,0.13,0.1,0.01,0.46,-0.01,0.31,0.76,1.16,1.16,1.27,1.9,-0.003092269,-4.62674E-05,0,0.001350103,-0.006413594,0,0.005997006,0,0.003149482,0.010050336,-0.018330148,0.001380143,0.002234638,-0.003407003,-0.004705891,0.003007521,-0.005235614,0.004338402,0.003454235,0,0,0.001302142,-0.000229275,0.001348994,0.001834914,-0.004705483,0.012203451,-0.004889528,-1.104264602,-0.002539389,0.012134027,0.006734296,0.024929243,12.89010969
0.005826276,0.00662948,0.011984315,0.006796409,0.007803395,0.014951252,0.008271108,0.009581053,0.004766141,0.020149394,-2.59455E-06,0.031895551,0.025430356,0.034051442,0.008945715,0.013825085,0.014735953,-0.019351604,0.9237,66,0.030738014,-0.002358682,-0.001065909,-0.1,-0.2,-0.010090903,0.073266382,-0.07388589,-0.045120435,-0.092935822,0.002184996,0.004285627,0.005640815,0.00678352,0.000648088,0.006607954,0.009102437,0.003007521,0.00351793,0.004112412,0.004617183,0.011264349,0.003274665,0.001350108,40.3,0,40.7,7.311886164,5.560681631,5.872117789,6.188264123,5.981414211,7.297041613,5.335419387,5.719753038,6.319762651,5.927328348,0.002454193,-0.043037512,0.011321718,-0.003042673,0.005709503,-0.010331126,0.007132698,0.004105607,0.005181359,-0.000852262,-0.020081092,-0.01836595,0.00872493,-0.000589498,0.001647151,0.000567407,0.014949001,0.019023417,-0.034677283,0.011409877,-0.06,0.14,-0.11,0.06,0.24,0.23,0.19,0.14,0.1,0.66,-0.06,0.43,1.06,1.45,1.41,1.47,2.06,0.015228616,4.62674E-05,0,-0.000710353,-0.000622859,0.003007521,-0.005997006,0.006493529,-0.01265827,0,0.01219516,0.001723128,-4.98247E-06,-0.003372684,0.004683849,0.003007521,0.002607563,-1.87405E-05,-1.18907E-05,0,0,-0.001489819,0.000646313,-0.001686534,-0.002018872,-2.14337E-05,-0.004089717,-0.004819286,0.640385704,0.004645668,0.0028283,0.002020399,-0.01534223,13.49629087
0.003107997,0.003022115,0.003645852,-2.69338E-05,0.009064341,0.001141207,0.007030837,0.007122793,-0.004766141,0.007454714,-0.007040394,0.023271301,-0.006573576,-0.007350954,-0.003003592,0.001142774,0.005307324,0,-0.1473,62,0.025017665,0.001465674,0.002315745,-0.1,0.2,0.028659076,-0.042689409,-0.00207469,0.062131781,-0.048094754,0.044765099,0.002424741,0.004325444,0.007017573,0.004202366,0.004316878,0.005335088,0.002840911,0.001345265,0.001640241,0.002471531,0.002106016,0.002856562,-0.001227295,40.2,0,40.6,7.31521839,5.537334267,5.837730447,6.249975242,5.96100534,7.339659562,5.245223856,5.68847911,6.449344324,5.981877666,0.009584791,0.045692616,-0.001555096,0.007620679,0.009996751,0.010331126,-0.003585337,-0.000731462,0.004066457,-0.002739679,0.00147231,-0.006327703,0.001885236,-0.001819195,0.002296569,0.000899166,-0.008664064,-0.00549097,0.038381734,-0.02028371,0.49,0.27,0.37,0.19,0.11,0.15,0.03,0.09,0.08,0.44,-0.18,0.13,0.68,1.11,0.95,1.07,1.65,0.001769446,-0.002617469,0,-0.000710858,-0.004162337,-0.006015042,0.005997006,-0.006493529,-4.03132E-05,0,-0.003062676,0.000339315,-4.96031E-06,0.003361348,-2.18362E-05,-0.003007521,-0.002607563,-0.004319661,-1.18091E-05,0.003252035,0.003372684,0.002350222,0.000328946,0.003315797,0.002087395,-2.12366E-05,0.003991762,0.004796172,-0.221304561,-0.000760205,0.009726265,0.009006692,-0.012251828,16.83135151
-0.00058554,-0.00080784,-0.003364929,0.012104395,-0.000330178,-0.024238964,0.001168367,0.008252717,0.013055591,0.019610347,0.008209853,0.002193144,-0.061173578,-0.105479276,0.004730232,-0.018456448,0.013139265,-0.023254749,-1.7888,6,-0.012350391,0.00381532,0.002494996,0.1,-0.6,0.04433749,0.083630799,-0.079956176,-0.051927611,-0.101717524,0.019137468,0.002307364,0.003436694,0.01430282,-0.004202366,0.004426347,0.00617052,0.001889467,0.001664453,0.000910084,0.002162327,0.000676646,0.002442004,0.003677376,39.8,-0.1,40.3,7.344072851,5.602118821,5.916202063,6.278521424,5.918893854,7.299795403,5.39815838,5.733807237,6.277262717,5.966077596,-0.023172425,-0.079375125,-0.054426836,-0.007999037,0.007706743,0.030993377,-1.25393E-05,-0.002748099,0.002372715,0.002609154,0.017629321,0.027241515,-0.008698611,-0.001795376,8.68406E-05,0.001492121,0.038912759,0.039376416,-0.107728157,0.023099913,0.08,0.15,-0.01,0.3,0.32,0.08,0.06,0.01,0.04,0.51,-0.27,0.35,0.92,1.11,0.93,1,1.61,0.030740972,-0.000440779,0,-0.000284485,-0.001774253,-9.07248E-06,-0.005997006,-0.003241494,-0.003261445,0,-0.012167387,-0.001034413,-4.93828E-06,-1.12608E-05,-0.004662013,0,0.002600782,0.004301082,-0.003430535,-1.05415E-05,-1.13368E-05,-0.000747631,-0.00152071,-0.00123781,-0.000100022,-0.004597709,-0.00404015,-0.004796172,3.683895402,-0.002157922,-0.004630642,-0.000999545,0.029341279,14.93925113
-0.005695266,-0.005716008,0.005992905,-0.052531232,0.006364206,-0.034466416,-0.007026681,-0.002349142,0.001181166,-0.028311491,0.011614856,-0.008790249,-0.078973054,-0.128522879,-0.003691385,-0.040382449,0.006505454,0.016335462,-3.5122,-85,-0.031856946,-0.001562375,-0.002572101,0.1,-0.6,0.010006337,0.06113014,0,0.032462276,-0.026613649,0.086883796,-0.008755201,-0.024885934,-0.083795316,-0.000648088,-0.027317189,-0.016935539,0.002984374,0.000320891,0.002362349,0.014708084,0.003194162,0.001624696,0.000978354,40,0.1,40.4,7.265429723,5.438079309,5.857933154,6.161207322,5.929589143,7.34597901,5.494999792,5.813965761,6.259070755,6.066331641,-0.049331187,-0.048423429,-0.117221058,-0.000294377,0.001643746,0.030993378,-0.002124384,0.000323554,0.003056448,0.000455265,-0.017269297,-0.01795565,-0.00280516,-0.001473195,-0.000167556,0.002232234,-0.005707586,-0.007658082,0.028426667,-0.018620008,0.03,-0.01,0.18,0.05,0.03,-0.01,0.03,-0.04,0.01,0.47,-0.12,0.37,0.92,1.07,0.93,0.93,1.59,0.041825863,0.001113173,0,-0.000782751,-0.002824417,-9.12738E-06,-0.003025612,0.003241494,-9.36568E-05,0,-8.41715E-05,-0.000344525,-4.91641E-06,-0.003350087,0.00464038,0,-0.005201563,-1.84201E-05,0.003418807,-0.003241494,-0.003361348,-0.000619816,-0.005122924,0.000894788,-0.000617407,-0.004597709,0.003944528,-0.009615459,4.790656648,-0.00036977,-0.000472338,-0.000502125,-0.025495453,21.3299312
0.000788317,-4.27798E-05,0.010001195,0.014715279,-0.013156998,-0.001205877,-0.004710667,-0.003536242,-0.003541725,-0.030421349,0.005759774,-0.007748228,-0.001262923,-0.004007427,0.001315342,-0.002425617,0.020543995,-0.006967498,-0.4187,-33,-0.031356176,0.001649912,-0.001141852,0.3,0,-0.003116238,0.135887106,0.006726483,0.098209702,-0.077625162,-0.047045692,0.001779643,0.000157476,-0.021978907,-0.011082252,0.003414766,0.005311047,0.000783883,0.002679795,-0.001089621,-0.006856913,-0.000820382,0.002432105,0.007064585,40,-0.1,40.4,7.339537695,5.488937726,5.891644212,6.327936784,5.929589143,7.391616921,5.329195844,5.783127606,6.441168411,6.076087523,0.012501832,0.026886714,-0.024717738,0.01500743,-0.004279372,-0.010331126,-0.007773131,-0.003045167,-0.001379175,-0.004287081,0.006602512,0.012169047,-0.006715014,-0.000609527,-0.000841116,0.001138896,-0.04036615,-0.040501734,0.136746474,-0.05697608,0.26,0.66,0.66,0.83,0.58,0.33,0.25,0.09,0.09,0.87,0.28,0.94,1.24,1.14,0.92,0.76,1.42,0.012778494,0.002476996,0.00071978,-0.002066558,-0.003042545,0.015074059,0.021016899,0,0.016218079,0,0.02453089,0.0013674,-4.89468E-06,0.003338901,-2.14337E-05,0.005988042,0.005201563,-1.8263E-05,-0.003418807,0.003231021,0.003350087,0.001103672,0.00635056,0.000722251,-8.63412E-06,0.004597709,-0.003991771,0.014434745,-0.24999937,-0.003526221,-0.013087624,-0.006685174,0.016332905,22.55567977
0.001223074,0.001197144,-0.006823314,0.001574036,0.007288018,-0.007292385,-0.002361625,-0.004735965,-0.004737899,0.022901242,-0.012710423,-0.007808732,-0.010181011,-0.016165585,-0.01883514,-0.008545753,0.002536851,-0.005846706,-0.8952,-52,-0.027978862,0.004018467,0.002174568,0.2,-0.8,0.088362939,0.013245227,-0.013498518,-0.029380644,0.002239643,0.131090444,-0.001311009,-0.006688284,0.004739708,-0.011537956,-0.006313318,-0.007920385,-0.00408292,0.001656712,0.000272517,0.001652955,0.001785747,0.00283,0.003150754,39.6,0,40.1,7.211556733,5.537334267,5.720311777,6.09356977,5.866468057,7.261017832,5.232982121,5.630163275,6.325943281,5.925053199,-0.01591965,0.01872593,-0.033354789,0.012946697,0.003183842,0.010331126,0.002810292,-0.001685943,-0.004148974,0.000712553,-0.002471908,-0.005171381,-0.000558851,0.001408164,0.000534463,0.001188933,-0.000876808,-0.002781188,0.014484786,-0.017700201,0.22,0.1,0.01,-0.17,-0.2,-0.18,-0.15,0.05,0.1,0.75,0.07,0.55,0.82,0.74,0.55,0.59,1.3,0.012642585,0.003162551,0.000360112,0.000926916,-0.00410635,-0.021070956,-0.026968976,0,-0.012987059,0,-0.006237017,0.001016942,-0.002209946,-1.11112E-05,-0.004618946,-0.005988042,-0.002600782,-1.81079E-05,0.003407158,-0.003231021,-0.003350087,-0.000129147,-0.002399013,-0.000229587,0.000420914,0,0.003898399,-0.009638573,0.88175088,-0.000703606,-0.001601367,-0.003006789,-0.003397303,21.19189437
0.007596158,0.00668614,-0.00044541,-0.036699689,-0.026703931,0.006080674,-0.010707272,-0.016743791,-0.021608931,-0.131552428,0.013855863,-0.015791115,0.038879796,0.064452387,0.001692329,0.00732604,0.006316399,0.037957683,0.3514,64,0.006760339,-0.00419355,-0.005886869,0.1,0.2,-0.002861232,-0.069711838,0.106266108,0.146916186,0.064957896,0.11608568,0.005159179,0.009623296,0.045326781,0.002979641,0.009324383,0.013427564,0.003612664,0.002697178,0.00190554,0.002099817,0.001728043,0.002419356,0.002296212,39.5,-0.3,39.9,7.255591274,5.505331536,5.786897381,6.214608098,5.840641657,7.22178655,5.179301227,5.583733883,6.312254663,5.850221343,-0.009289052,-0.057805863,-0.019314655,-0.002047126,-0.000987004,0,0.002840404,0.002695873,0.002076639,-0.000564825,0.001557946,0.003333282,0.003497409,-0.001076632,-0.004771338,-3.0347E-05,0.004026969,0.00685717,-0.001171454,-0.008481103,0.02,-0.06,0.1,0.01,0.01,0.03,0,-0.01,-0.02,0.67,0.15,0.54,0.81,0.75,0.53,0.56,1.26,0.007368332,0.000345658,0,-0.001283651,0.002739439,0.005996897,0.008959598,0.003241494,-4.24417E-05,0,0.01178792,-0.003412973,0,-0.00332779,0.004597709,0,0,-0.004246291,-0.003407158,0,0,-0.001840754,0.001487878,-0.004069082,-0.000696208,0,-0.003944537,0.004819286,-0.789793664,0.004565292,-0.012239614,-0.00456744,0.004213935,19.2588732
0.010196815,0.011352968,-0.001114392,0.049608419,-0.004643796,0.05998176,0.029462073,0.02383721,0.032240778,0.120169571,0.003433541,0.01467388,0.046729986,0.070905613,0.024520519,0.065909128,0.003771688,-0.013636913,5.0631,-72,0.018993009,0.006704163,0.012489479,-0.5,0,-0.051745817,-0.07136676,-0.065217638,-0.108666304,-0.021187233,-0.255150982,0.010017707,0.016453801,0.012314534,0.010850016,0.017685817,0.02948698,0.000940292,0.006437945,0.004793136,0.004596678,0.004388517,0.00321673,0.010088964,40,0.2,40.3,7.378383713,5.545177444,5.978885765,6.383506635,5.880532986,7.471590468,5.417457127,5.890740317,6.530509167,6.105491396,0.05307326,0.088794613,0.11468859,-0.008850708,0.010803837,-0.030993378,-0.002855613,0.000331774,0.000296311,0.002559666,0.017078406,0.010627471,0.007837661,0.007658209,0.014091104,0.001417297,0.03147564,0.033597785,-0.087425043,0.019290006,-0.01,0.21,0.34,0.31,0.33,0.26,0.16,0.02,0.02,0.89,0.5,0.86,1.15,1.02,0.7,0.59,1.29,-0.007920833,-0.00376257,0,-0.001535413,0.000946522,0.003025721,0.003016594,-0.003241494,-4.30001E-05,0,-0.026782315,0.002042206,0,0,-0.004597709,0,0,0.004228336,0.003395589,0.003220615,0.003338901,0.000550067,-0.00033286,0.001839181,-0.000519739,0.013730193,-0.007797281,0.01913934,-3.074180647,-0.000715759,-0.005539292,0.005955714,0.0083641,12.44567725
0.003192873,0.004647374,0.002783656,0.016959954,0.026605507,0.025915765,0.024098609,0.02901903,0.031233695,0.103830607,0.004560633,0.03632525,0.02847884,0.039060046,0.015241326,0.026967848,-0.008819774,-0.012664006,1.9934,426,0.122288167,-0.000463916,9.18217E-05,-0.1,0.4,-0.011532753,-0.071095922,-0.005449605,-0.006644543,-0.004291852,0.015470051,0.001825743,0.003391924,-0.012314534,-0.012173205,0.007293698,0.010823788,0.002190581,0.00094919,0.002432982,-0.001492538,0.004729592,0.002005214,-0.007316374,40,0.3,40.6,7.286191715,5.613128106,5.880532986,6.226536669,5.774551546,6.995766156,5.505331536,5.533389489,5.802118375,5.568344504,0.018169093,-0.03901731,0.055827396,-0.028030891,0.008538285,-0.010331126,0.004282151,-0.001011056,0.002662855,0.001379457,-0.023597282,-0.017239804,-0.006756504,-0.009353685,-0.021859966,-0.000345695,-0.017593758,-0.020504573,0.11818887,-0.025551636,0,0.03,-0.14,-0.11,-0.11,-0.09,0.03,0.03,0.06,0.92,0.36,0.75,1.04,0.93,0.73,0.62,1.35,0.006312991,0.000647339,0.000360537,0.000500161,0.001995275,0.003025721,0.003016594,-0.003241494,0.009873867,0,0.020644984,-0.003403214,0,-0.00332779,0.004576667,0,0,-0.004228336,-1.1491E-05,-0.003220615,-0.006677803,-0.001712841,-0.002590791,-0.001785842,-0.001284702,-0.004680357,0.007797281,-0.009705308,-2.414704858,-0.002450792,0.004292359,-0.011738863,-0.013330266,21.38540474
0.001144775,0.000918542,0.00432709,0.014411948,0.003696454,-0.008936971,-0.005685122,-0.003434802,-0.011454276,-0.013855369,-0.010291468,0.006469145,-0.013043051,-0.016701151,-0.00614608,-0.007790061,-0.001268313,0.010374315,-0.9508,0,0.046841475,-0.000188527,0.004168995,-0.4,-0.4,-0.135102485,-0.010582109,-0.084332405,-0.088224233,-0.080580487,-0.0199988,0.004393914,0.005831815,0.007117468,0.010536811,0.004959949,0.007400688,0.001405701,0.003587268,0.003055358,0.001678948,0.004277044,0.003998406,0.002284616,39.7,-0.2,40.3,7.31521839,5.59471138,5.948034989,6.188264123,5.897153868,6.992096427,5.446737372,5.545177444,5.720311777,5.686975356,-0.02350378,-0.00335896,-0.044490965,-0.023230848,0.011130252,0.020662252,-0.001429082,-0.000336752,-0.000295523,-0.005037744,-0.028451371,-0.027960352,-0.004530665,-0.001608993,0.006123599,0.000546628,-0.039544736,-0.043824195,0.195475953,-0.052881363,-0.02,-0.25,-0.39,-0.44,-0.37,-0.23,-0.23,-0.05,0,0.69,-0.01,0.33,0.69,0.72,0.52,0.59,1.37,0.019053797,0.002492961,0.000720962,0.001249309,-0.001574886,-0.003025721,-0.003016594,0.006482988,-0.003294896,0,-0.011808097,0.002722015,0.004405293,0.00332779,-2.08505E-05,-0.002989539,0,0.004210533,-0.003384098,0,0.006677803,0.001589911,0.003764618,0.001674385,0.000766894,-0.004555446,0.003853336,-0.004750183,-0.075017113,-1.09493E-06,0.008268451,0.005387665,-0.018942294,15.46873146
0.001909756,0.000917699,0.014071578,-0.028020784,-0.001101989,-0.00902165,-0.003425062,-0.001150351,0.001151059,-0.019966077,0.009155153,0.002150788,-0.016545672,-0.032091384,0.000437905,-0.012367338,0.037317881,0.010267792,-1.3687,-86,-0.086165236,-0.008008896,-0.014536724,0.6,-0.1,0.152052043,0.079893909,0.131299415,0.230880534,0.025317808,0.132722506,-0.001009443,-0.011904292,-0.002463591,-0.057987258,-0.00368582,-0.006109671,-0.000156091,0.005057659,-0.000987477,0.001638917,-0.000717553,0.002789402,0.023619874,39.5,-0.1,40,7.011213987,4.983606622,5.327876169,6.059123196,5.796057751,6.86171134,5.111987788,5.241747015,5.609471795,5.789960171,-0.039334199,-0.011126046,-0.069868515,-0.0226252,0.00816158,0.030993377,-5.10934E-07,0.002005009,0.002951306,0.002249629,0.024230458,0.030323827,0.001802545,0.000612257,0.002590727,0.00086926,-0.013718627,-0.015045504,0.113781872,-0.021169864,-0.13,-0.17,-0.65,-0.69,-0.64,-0.38,-0.24,-0.07,-0.09,0.65,-0.53,-0.23,0.18,0.47,0.41,0.65,1.41,0.0471064,-0.000161393,0,0.000927048,-0.000735797,0.009022618,0.011976191,-0.003241494,0.009820046,0,-0.00583942,-0.001361007,-0.004405293,-0.003338901,-2.06614E-05,0.005979078,-0.002600782,-1.76543E-05,0,0,-0.003338901,-0.000489599,-0.004555114,0.001785612,-0.001024597,-2.01092E-05,0.030131341,-0.004683849,-0.933879861,0.001737736,0.003472085,0.000950902,0.003489993,29.85743571
0.003425817,0.003620855,0.015382419,0.009835695,0.025903391,-0.007957144,0.002287322,0.001150351,0.006881555,-0.001185771,0.010198155,-0.010778222,-0.023636367,-0.036528616,-0.008797759,-0.007949314,0.001217458,0.030188103,-0.9828,-40,0.003764053,0.017104593,0.019689533,-0.2,-0.4,0.04058187,-0.111330683,-0.067950662,-0.109866478,-0.020666637,-0.030758711,0.006479386,0.003761049,0.005354184,0.041807278,-0.003379997,-0.006363609,0.000936184,0.007977218,0.014445191,0.003010092,0.017239506,0.002781643,0.001055162,39.8,-0.4,40,7.161622003,5.384495063,5.66296048,6.144185634,5.758901774,6.923628628,5.241747015,5.497168225,5.655991811,5.693732139,-0.02510951,-0.010788158,-0.045634004,-0.018693813,0.000105558,-0.010331125,-0.000716588,-0.000675259,-0.002064999,0.001204179,0.015076737,0.007992164,0.006563759,-0.001608146,0.006009815,0.00104613,0.012821846,0.012693747,-0.038945869,0.003859329,0.08,-0.33,-0.08,-0.06,0.02,-0.02,0.03,-0.04,-0.05,0.24,-0.69,-0.37,0.12,0.37,0.36,0.53,1.28,0.054406478,0.000438005,-0.0010815,0.001282188,0.012539349,-0.009022618,-0.011976191,-0.003241494,-0.006568011,0,-8.54968E-06,0.004410525,0.002195391,0.003338901,-2.04748E-05,-8.91071E-06,-6.78171E-06,-0.004192878,0,0.003210276,0.00332779,0.003108224,0.004119112,0.004438599,0.001531299,-0.00447428,-0.06807429,0,4.739815083,-0.001047769,0.008678176,0.005451725,0.024135978,6.774678437
0.002402878,0.002448083,-0.020416629,-0.031588265,-0.015046831,-0.001142511,0.005687632,0.006861998,0.005696283,0.009455191,0.003375573,0.003246792,-0.009155895,-0.013622428,0.0015628,-0.005718285,-0.012268672,-0.027919172,-0.7882,-23,0.000838637,0.000675263,0.001484669,-0.1,-0.7,-0.00984659,0.069391993,-0.117085734,-0.130770231,-0.102528746,0.05758206,-0.006203982,-0.003709432,-0.010299649,0.005643169,-0.005059411,-0.007930083,-0.000936184,-0.007578267,-0.010948527,-0.00115094,-0.01313846,0.001189768,-0.012024193,39.7,0.3,40.1,7.147559271,5.370638028,5.697093487,6.126869184,5.703782475,6.958448393,5.411646052,5.480638923,5.710427017,5.655991811,0.01225115,0.012030517,0.004251066,-0.011083605,0.005998439,0.030993377,0.001431639,0.000326951,0.001671994,0.000971918,-8.06659E-05,0.004171285,-0.003075954,-0.001945208,-0.010668522,8.0033E-05,-0.009193395,-0.010481922,0.038254125,-0.0112633,-0.07,0.09,0.06,0.03,0.17,0.2,0.07,0.01,0.08,0.4,-0.56,-0.27,0.36,0.64,0.5,0.61,1.43,-0.027495926,-0.003301285,0.000720945,-0.00124655,0.015558502,0,0,0.003241494,-0.003252035,0,0.00292826,-0.003395468,-4.80918E-06,-0.003350087,-0.00451468,-0.002980628,-6.81717E-06,0.004175371,0,-1.02729E-05,-0.00332779,-0.002624063,-0.001297824,-0.006723378,0.000504431,0,0.041619668,0,-3.277612069,0.001035234,-0.004827284,-0.002067116,0.003798098,29.40664719
0.000789293,-0.000248684,-0.000219455,0.008605836,-0.001364294,-0.012650353,-0.011411787,-0.011467163,-0.006842333,-0.01064237,-0.005633973,-0.013050902,-0.016222825,-0.032523872,0.000878569,-0.011535611,0.006153151,-0.004540407,-1.2475,-40,-0.037326051,0.004413879,0.001678957,0.3,0,0.011574203,0.095817923,0.069076515,0.11560201,0.017834868,0.013853883,-0.002315752,-0.006940516,-0.005556382,-0.007309003,-0.007022998,-0.009974325,-0.002813821,0.000227901,-0.000895416,-0.001821934,-0.000375379,0.001979807,0,39.5,-0.2,39.9,7.128495946,5.33753808,5.777652323,6.011267174,5.730099783,6.864847778,5.170483995,5.361292166,5.65248918,5.648974238,-0.026504911,0.018965583,-0.035222305,-0.004504926,0.002200913,0.010331126,0,0.001979687,0.003237678,-0.001382202,2.96663E-05,-0.002782677,0.002006163,-0.000784145,0.003354051,0.000869508,0.036277093,0.037035092,-0.119780118,0.034284162,-0.53,-0.44,-0.83,-0.84,-0.85,-0.37,-0.2,-0.01,-0.02,0.49,-0.86,-0.58,0.04,0.8,0.83,1.13,1.94,0.014458465,-0.002199202,0.002165258,-0.001176743,0.004386643,0,0,0.003241494,-0.013072082,0,0.00292826,0.000336751,-0.002190581,0.003350087,0,0,-6.85291E-06,-0.004175371,0,-0.003200003,0,-0.000608565,-0.002633301,0.000221582,-0.000768429,0,-0.011428696,0,1.922886759,0.001026647,0.005126225,0.007419537,-0.009980606,22.52111392
0.001832139,0.001904999,0.00202812,-0.006865177,-0.010098878,-0.003479196,-0.005761122,-0.005783272,-0.00919558,-0.038796465,0.0022584,-0.012107233,0.001165607,0.005885134,-0.00832448,-0.002321382,0.009767844,0.024719643,-0.4961,-65,-0.025579426,-0.002706207,-0.00392196,0.1,0.7,-0.016826623,0.001690617,0.075528842,0.128880858,0.010050336,0.037426964,-0.000791525,-0.003644888,-0.028103849,0.000999833,-0.003432757,-0.00474798,-0.001566662,0.000768782,-0.000448009,0.000632476,0.000446863,0.00315956,0.001185256,39.6,0,39.9,7.087573706,5.288267031,5.723585102,5.976350909,5.700443573,6.906754779,5.38907173,5.411646052,5.590986981,5.66296048,-0.010665762,-0.034640298,-0.023914536,-0.014759388,0.003970332,0.010331126,0.004288784,0.001294775,0.008000043,0.00211956,0.006151618,0.005967747,-0.010325828,0.00144214,-0.001357143,0.000359249,-0.025111841,-0.030091207,0.086601657,-0.020266514,-0.09,-0.42,-0.16,-0.03,-0.16,-0.33,-0.25,-0.04,-0.04,0.16,-0.93,-0.52,-0.03,0.56,0.67,1.18,1.99,0.006851384,-0.000347685,-0.005404427,0.002031688,-0.003875579,0.002989539,0.00297177,-0.006482988,0.013072082,0,-0.00292826,-0.003380207,0.002185793,0,0.00449439,-0.002980628,0.002621233,0.00415801,0.003372684,0,0,0.001335257,0.002843942,0.001828156,0.000672208,0,0.007547206,0,-1.446301152,0.001357845,-0.01092581,-0.003290869,0.032175941,25.91115872
-0.001623817,-0.002568459,-0.000931328,-0.001263177,0.003414288,-0.001162427,-0.002309753,0,0.002309016,0.011065291,0,-0.013374101,-0.004675137,-0.005885134,-0.005269184,-0.004663502,0.003639032,-0.00780031,-0.677,-21,-0.017799336,0.001375496,-0.000212437,0.1,-0.4,0.021419053,0.083415392,0.006493529,-0.007707167,0.024692613,0.079062379,-0.000607875,-0.003396476,0.029276183,-0.009707189,-0.003444581,-0.003103871,-0.003927426,0.000910384,-8.96258E-05,0.008628565,-0.00087604,0.00275645,0.003547361,39.3,0,39.7,7.203405521,5.433722004,5.645446898,6.171700597,5.866468057,6.901737207,5.33753808,5.438079309,5.598421959,5.655991811,-0.005745599,0.059088916,-0.012642424,0.007731757,-0.001878719,0.010331126,0.003526531,0.003228674,0.007165019,-0.000387121,-0.011892144,-0.010854185,-0.002666443,0.001210799,-0.002732859,0.000472766,0.011927155,0.011911893,-0.041403657,0.016672181,-0.25,-0.05,0,-0.12,-0.25,-0.17,-0.1,-0.13,-0.14,0.36,-0.68,-0.39,-0.03,0.64,0.82,1.3,2.1,0.005629477,-0.000649336,-0.001436224,0.000640729,-0.008930005,-0.005979078,-0.005943541,0.003241494,-0.019934215,0,0,0.004056797,-0.002185793,0,-0.00449439,0.005961256,0,-0.00415801,-0.003372684,0,0.003316753,-6.36512E-05,0.000123004,0.000605108,-0.000848947,0.00445435,-5.65339E-05,0.004662013,-0.149380847,0.003378395,-0.002571895,-0.002300972,-0.024113051,21.78704447
0.0012743,0.000290318,0.004757097,0.016091207,-0.000935016,-0.010518859,-0.008136544,-0.005816913,-0.004620454,-0.012300929,-0.003389515,-0.009016483,-0.016548809,-0.013072082,-0.007079317,-0.010567388,0.008441379,0,-1.1318,-65,-0.009874423,0.004428832,0.00562947,-0.1,0.7,-0.040320975,-0.059217299,0.057637743,-0.001936109,0.128028474,-0.021339652,-0.000792634,-0.002515593,-0.006612323,-0.004720171,-0.001955035,-0.002445533,-0.001260041,0.000142173,-0.001524869,-0.00569465,-0.000214658,0.002356639,0.002593424,39.1,-0.1,39.4,7.00033446,5.267858159,5.676753802,5.950642553,5.424950017,6.891625897,5.323009979,5.393627546,5.575949103,5.686975356,-0.006714027,-0.007032554,-0.025635163,0.002641153,0.001670147,-0.020662252,-0.00852328,-0.004289687,0.004812329,0.001646833,0.003940451,0.003940753,0.003544352,0.000488636,0.003650499,0.000720887,-0.030544955,-0.033924556,0.10702825,-0.025609319,-0.38,0.05,0.18,0.24,0.12,-0.01,0,-0.03,-0.07,0.79,-0.12,0.23,0.47,1.01,1.2,1.65,2.41,0.01669344,-0.000905135,0,0.000889221,0.002779925,0.002989539,0.005943541,0,0.026623203,0,0,-0.002028398,0.002181026,-0.006734032,0.00447428,-0.002980628,-0.00526317,0.004140793,0,0,-0.003316753,-0.001091673,-0.00461363,-0.001659414,0.000333689,-1.97533E-05,-0.007490672,-2.16335E-05,1.06942072,-0.004124903,-0.006991018,-0.007052417,0.011518038,23.32031241
0.002953627,0.00314661,0.004843152,-0.019027762,0.008765738,-0.001176094,0.005817413,0.004654543,0.010365438,0.011078896,0.010131789,-0.007959601,-0.003585392,-0.012032399,-0.006050567,-0.001185131,0.001197008,0.005576756,-0.39,-67,-0.052101004,-0.003813337,-0.009628654,0.6,0.6,0.051710619,0.055324729,0.191276588,0.188439753,0.194408444,0.05826283,-0.001550216,-0.005525021,-0.001623018,-0.00101437,-0.006478868,-0.00928055,-0.002524855,0.000596905,-0.000538745,-0.001744456,0.001001341,-0.000392388,0.000941398,39.4,0.1,39.7,7.127693699,5.655991811,5.605802066,5.955837369,5.710427017,6.879355804,5.278114659,5.446737372,5.572154032,5.638354669,-0.003391876,-0.076310969,-0.030284944,-0.018353424,-0.000834725,0.010331126,-0.001418942,-0.00131523,-0.001152849,-0.00142937,0.007586825,0.005882141,0.001162908,0.000907339,-0.002615386,3.003E-05,-0.019901154,-0.018457776,0.071512461,-0.021800747,-0.13,-0.09,-0.18,-0.1,-0.03,0.15,0.09,0.05,0.1,0.83,-0.17,0.26,0.57,1.29,1.42,1.83,2.64,0.027337572,0.000348226,0,-0.00039116,0.006252262,0.008941937,0.005890917,0,-4.44454E-05,0,0.00291971,0.00471699,-4.74652E-06,0.006734032,-0.00447428,0.00297177,0.00526317,-0.004140793,0,0.003189795,0.003305788,0.000543851,0.003537613,0.001102414,-0.000759902,-1.95789E-05,0.003724399,-0.00464038,-1.108176056,-0.001367972,-0.0019301,-0.005246756,0.012381287,30.47004911
-0.004294118,-0.00576251,-0.003480345,-0.009829987,-0.014394271,-0.014217772,-0.010495019,-0.011681511,-0.018500752,-0.033607466,-0.010131789,-0.002290898,-0.026666246,-0.043291478,-0.010528594,-0.01909056,0.00359112,-0.015694486,-1.7563,-24,-0.012168706,0.007910362,0.007241513,0,0.4,-0.027556279,0.064197199,0.028194239,0.077198811,-0.0286758,0.022852219,-0.003367069,-0.00810579,-0.016226631,-0.006788892,-0.007843694,-0.011297002,-0.003006569,-0.000824391,-0.003779362,-0.001784719,-0.003885795,0.003525959,0.001645317,39,-0.3,39.3,7.127693699,5.710427017,5.624017506,5.96870756,5.620400866,6.886531643,5.323009979,5.407171771,5.613128106,5.624017506,-0.02064266,0.00197031,-0.05159753,-0.010875725,0.000521785,0.010331126,0.002126906,0.000952775,0.003550356,0.000525868,0.000938151,0.00013945,0.000804686,-0.002905744,-0.000341938,0.000705836,0.031870829,0.034375956,-0.113843661,0.036647382,-0.03,-0.02,0.07,-0.07,0.04,0.05,0.04,0.01,-0.03,0.84,-0.07,0.22,0.64,1.37,1.49,1.87,2.64,0.014111353,-0.000208921,0.003234372,0.000711086,-0.001943238,-0.008941937,-0.008862687,-0.003252035,-0.006644543,0,-0.029509164,-0.003709095,-0.004352559,0,0.00445435,-8.80526E-06,-0.002642009,0.004123717,0,-1.01425E-05,-0.003305788,0.002230353,0.007379778,0.001866016,0.001088604,-0.008830036,-0.003724399,-0.00464038,3.769731523,0.003013452,-0.000157614,0.002419967,-0.009172435,20.94843614
-0.004569985,-0.005879549,-0.01233264,0.007826863,-0.00733133,-0.019278513,-0.01416968,-0.013010996,-0.007023651,-0.034776324,-0.001129884,-0.023142158,-0.027396861,-0.047911579,-0.002772839,-0.017014445,0.00357827,0.006758234,-1.5167,-73,-0.037919408,-0.000624849,-0.005019459,0.5,-1.5,0.201728449,0.071282372,-0.068525745,-0.135018382,0.007246409,-0.03015115,-0.004048062,-0.01344171,-0.012535088,-0.02552743,-0.010978519,-0.013842239,-0.006997484,0.000938046,-0.00279872,-0.001266106,-0.001957563,0.001172562,0.009466558,38,-0.1,38.4,6.968850378,4.976733742,5.509388337,5.863631176,5.765191103,6.857514063,5.129898715,5.472270674,5.634789603,5.575949103,-0.028227708,0.012813771,-0.060729958,-0.007772834,-0.011859298,-0.010331126,-0.001420455,0.000299876,0.003824096,-0.003741107,0.002774753,0.004109894,0.006284955,0.004672861,-0.001576535,0.000985287,0.023693992,0.022333226,-0.082315145,0.028156739,-0.46,-0.05,-0.12,-0.16,-0.22,-0.14,-0.09,0.04,0.02,1.25,0.27,0.52,0.88,1.69,1.86,2.37,3.12,0.018676119,-0.000394748,-0.00107928,-0.002206014,0.005818421,-0.00297177,-0.005899722,0.003252035,0.003305788,0,0.014541116,-1.01483E-06,0.002176279,0.003372684,-1.97533E-05,-8.75323E-06,0.005284019,-0.004123717,0.003361348,-1.00782E-05,0.003294896,-0.003198877,-0.0137713,-0.002093859,-0.00117686,0.008830036,0.007407441,0.009280759,2.288544916,-0.000369825,-0.003012036,0.006300147,-0.00074014,26.89730978
0.008922257,0.008702768,0.002423709,-0.036135335,0.000780118,0.001216131,-0.001186473,-0.002382746,-0.008260091,-0.037387705,0.003390837,0.006993077,0.008799529,0.011871112,0.003990582,0.001228676,0.010658622,0.008938808,-0.1462,1,-0.003459193,0.000738416,-3.04058E-05,0,1.3,-0.109492096,0.006112073,0.15089294,0.15706189,0.14430349,0.0217494,-0.001135655,-0.002158895,-0.008547061,0.016288698,-0.005635708,-0.010305192,0.000797639,-0.000596837,-0.000633055,-0.001603551,0.000269617,0.00195122,-0.003845934,39.2,0.1,39.3,7.075808864,4.997212274,5.739792912,6.063785209,5.683579767,6.876264612,5.147494477,5.463831805,5.616771098,5.655991811,-0.013606177,-0.057296386,-0.015424271,-0.005271976,-0.003066352,0.020662251,0.00425935,0.000613888,0.004379708,0.003585677,-0.010651608,-0.0134993,-0.011729936,-0.002350318,0.008190733,0.000221809,0.050130647,0.048299778,-0.173436837,0.054275525,-0.53,-0.25,-0.01,-0.03,-0.05,0,0,-0.03,0,1.53,0.79,1.02,1.36,2.22,2.39,2.87,3.65,0.014200221,0.000209003,-0.00179647,-0.000356265,0.01073102,0.00297177,0.005899722,-0.003262646,-1.08922E-05,0,-0.009391993,-1.01279E-06,0.002176279,-0.003372684,-0.004434597,-0.005908424,-0.005284019,0.004106782,-0.003361348,-0.003169575,-0.003294896,-3.26568E-08,0.009640285,-0.001646049,-0.001256446,-0.004415018,-0.003724196,-0.00464038,3.416250566,-0.001027323,-0.009942565,-0.016001753,-0.001037083,20.94457943
0.003818734,8.29153E-05,0.003679402,0.012167482,-0.003571233,-0.001216131,0.001186473,0,0.005904895,-0.005456387,0.006749861,-0.009343057,-0.007539794,-0.015853864,0.004619551,-0.004909548,0,0.040332712,-0.5975,-25,-0.015645492,-0.00038334,-0.002862278,0.3,-0.1,0.078080961,-0.048553225,0.064161944,0.087616814,0.038318864,0.130668496,-0.002368542,-0.004874624,-0.009394078,-0.007245158,-0.004180157,-0.007007737,-0.000318979,-0.001052437,-0.00453351,-0.002129608,-0.005442337,0.000779423,0.002682061,39.3,0,39.4,7.111512116,5.420534999,5.590986981,6.095824562,5.66296048,6.867974409,5.170483995,5.525452939,5.552959585,5.620400866,0.007694314,0.024602607,-0.001399905,0.002434822,-0.002332486,-0.010331125,0.000698428,0.002184846,0.007665774,-3.1383E-05,-0.023522237,-0.027416341,-0.000388815,-0.000384413,-0.016695591,-0.001499221,0.040205596,0.03894682,-0.13382936,0.046170194,1.09,0.05,0.18,0.13,0.12,-0.01,-0.06,-0.05,-0.03,0.49,-0.12,0.06,0.39,1.12,1.24,1.73,2.53,0.007677098,0.003291841,0,-0.002318821,-0.003328461,0.00297177,0.005899722,0.006525291,-1.08207E-05,0,0.021440331,-0.001005868,-0.002176279,0.003361348,0.004415018,0.002954212,0.005284019,-0.004106782,0.003350087,0,0,0.000782464,-0.00206621,0.000712847,0.001589619,0,-0.003683245,0,1.713348417,0.00228826,0.001267998,0.001058518,-0.010862615,23.39354839
0.004123104,0.004921127,0.012366349,0.0235944,0.01050973,0.00606592,0.004748312,0.001194253,0,0,0,-0.001171024,0.0087885,0.001332248,0.019648863,0.007352957,-0.013041269,-0.052644928,0.3517,30,0.004889488,0.004010691,0.003986676,0,0.5,-0.089290046,0.047875948,0.032653127,0.023685318,0.04268492,-0.124442174,0.001977281,0.001085305,-0.002633823,0.00758886,6.75607E-05,-0.000586201,0.000956633,0.002444503,0.00217865,-0.000523756,0.007704254,0,0.002791024,39.2,0,39.5,7.17930797,5.424950017,5.749392986,6.059123196,5.837730447,6.907755279,5.303304908,5.433722004,5.641907071,5.66296048,-0.005294929,0.002144068,0.008875129,-0.005916534,-0.005641614,-0.041324504,-0.001420919,-0.001940742,0.005640703,-0.003323495,0.011693688,0.018417828,0.004452659,0.002180856,0.008389045,-0.000182573,0.030883759,0.031753454,-0.100255352,0.038106359,-0.52,0,-0.03,-0.06,-0.05,-0.06,-0.04,-0.05,-0.05,1.01,0.37,0.52,0.86,1.58,1.72,2.2,3,0.02045245,0,0,-0.000857541,-0.002326406,-0.005943541,-0.011799444,-1.06102E-05,-0.009863046,0,0.003091193,0,0,-0.003361348,-0.004415018,0,-0.002642009,0,-0.003350087,0,0,-0.001565025,0.000264198,-0.002633701,-0.001171562,0,0.00732604,0,3.665041208,-0.001030388,0.001203648,-0.001566887,-0.010808996,16.1636082
0.0021688,0.003418103,0.000487158,-0.029098949,-0.017859611,0.020344607,0.015265977,0.01654588,0.023285674,0.069995203,0.008927879,0.01051408,0.02955744,0.045486352,0.013041704,0.022933196,0.018912586,0.001124873,1.5192,3,-0.001868168,-0.006185733,-0.007254802,0.1,1.4,-0.074644885,-0.033761388,0.088263725,0.034508216,0.144636647,-0.000545904,-0.000671091,-0.000325468,-0.007786988,-0.009321663,0.001552638,0.002927574,-0.000318776,-0.000852055,-0.003542721,-0.001910292,-0.011488057,0.002334631,0.002088168,39.1,0.1,39.5,7.061334367,5.429345629,5.501258211,6.02827852,5.627621114,6.909753282,5.323009979,5.361292166,5.676753802,5.676753802,0.021589815,0.057718649,0.052673585,0.008825714,0,0.020662252,-0.000707952,-0.00065698,0.005981885,0.000528228,0.011815631,0.009209647,0.001402325,-0.003217607,-0.008706766,-0.001071874,0.026319334,0.02633454,-0.078592386,0.035126817,-0.53,-0.12,-0.1,-0.07,0,-0.03,0.04,0.03,-0.01,1.42,0.8,0.98,1.39,2.08,2.29,2.76,3.52,-0.011070734,0.000948448,0.005038028,0.000214454,0.001517835,-0.002998397,-3.50134E-05,-0.006504071,0.003273183,0,-9.52603E-06,-0.001005868,-0.002176279,0,0.004395611,0,0,0.004089985,-0.003350087,0,0,-3.62461E-07,0.001530348,-0.002429903,0.001752737,0.008771986,-5.32808E-05,0.009216655,-2.604016758,-0.001664777,0.006110962,0.005728064,0.007390433,29.47664827
0.007748781,0.005943493,0.00604264,0.028372414,0.014923564,0.015285299,0.006969541,0.008175631,0.011441174,0.031389421,0.006645212,0.001170723,0.029889978,0.045948023,0.01397113,0.015393249,0.026577688,0.006725359,0.9731,65,0.006359765,0.002629355,0.001146587,0.1,0.1,0.010929071,0.00349773,0.053606012,0.038205509,0.068660314,-0.065877987,0.002960593,0.004924919,0.000156335,-0.005914089,0.007191616,0.012203069,0.000318776,0.001930283,0.000272963,0.001536012,0.003747662,0.002716866,0.004047886,39.3,0,39.7,7.113142109,5.438079309,5.59471138,6.133398043,5.590986981,6.93439721,5.38907173,5.402677382,5.669880923,5.690359454,0.009659732,0.012185787,0.023173152,0.006198787,0.000746946,-0.020662252,0.002805038,0.002149911,0.006224183,0.00050357,-0.005250973,-0.007988243,-0.005680293,0.00131784,0.008025118,-0.00090863,0.010126286,0.010001512,-0.029691424,0.018099123,0.49,-0.15,0,-0.02,-0.01,-0.1,-0.07,0.02,0,0.78,0.31,0.47,0.89,1.49,1.73,2.29,3.03,0.019992404,0.000901349,0.003251807,-0.001466355,-0.001416574,0.002971664,-3.54315E-05,-1.06102E-05,-0.006677656,0,0.01822812,0.002011735,0.004352559,0.006688988,-0.004395611,0,0.002635048,-0.004089985,0.006700174,0,0,0.00114425,0.000241054,0.003686723,-0.000836917,-0.004414681,-0.003656119,-0.004639988,0.334091572,0.001280712,0.00393709,0.001457797,0.007509298,18.64695604
0.009372472,0.008018767,0.002417601,0.017936,0.007406622,0.013904775,0.010362082,0.009259462,0.011311753,0.03283104,0.004404922,0.008097692,0.015197998,0.023978991,0.009925111,0.015159885,-0.01493747,-0.030630797,0.9681,21,0.011739159,0.006028462,0.008277462,-0.2,0.6,0.051836625,-0.00911967,-0.020977695,-0.134395473,0.077262811,-0.077217028,0.003563412,0.005115652,0.004211846,0.014204292,0.00327617,0.003574521,0.00286442,0.00274706,0.001545385,-0.000336971,0.002923187,0.002709504,0.002766253,39.6,0.1,40,7.231287004,5.572154032,5.645446898,6.202535517,5.834810737,6.975413927,5.398162702,5.393627546,5.720311777,5.780743516,0.00566628,0.022865054,0.016772183,0.002621109,-0.000960461,-0.030993377,-0.002812929,-0.000667481,0.00646176,0.003518002,0.009984181,0.013792168,0.009373269,0.006269089,0.000847642,-0.001026286,-0.01332142,-0.012301686,0.039122494,-0.005901926,-0.25,0.15,0.04,0.09,0.19,0.34,0.17,0.06,0.02,1.18,0.6,0.81,1.33,2.08,2.15,2.6,3.3,0.015928035,-0.001849797,0,-0.001504352,0.017763526,0.002998503,0.005970167,-1.06797E-05,-0.003484773,0,-0.015303763,-0.001005868,-0.002176279,-0.003361198,0.004376375,0,-6.92523E-06,0,-1.11856E-05,0,0,-6.04712E-05,-0.00088088,-0.000830404,0.000746849,-1.89038E-05,0.003577635,-2.08505E-05,-0.034580081,-3.04256E-05,0.007342384,0.007623773,0.014077491,18.43215776
0.002849962,0.0023891,-0.003009461,-0.020061478,-0.000771265,0.011444845,0.007984059,0.006885637,0.008958731,0.017782414,0.004385604,0.005739134,0.013824437,0.024575551,0.00549672,0.012651853,-0.003478703,0.071140271,0.7846,41,0.005529741,-0.004836871,-0.005851036,0.1,1.1,-0.028652098,-0.045413209,0.102934802,0.148801484,0.065682802,0.045379837,0.002701204,0.001180955,0.000155654,-0.008290203,0.003198936,0.00539518,0.000158894,0.003500752,0.003174174,0.003028662,0.002285674,0.001930875,0.004135085,39.6,0.2,40,7.196686571,5.556828062,5.59471138,6.177944114,5.783825182,6.987490247,5.468060141,5.429345629,5.730099783,5.736572297,-0.006320237,-0.016059249,-0.012976838,0.007373633,0.002239643,0.020662251,-0.00140056,-0.002495922,0.001287356,-0.003292986,-0.004356995,-0.005645458,-0.004468388,-0.002906118,-0.00156014,-0.000542425,-0.002746835,-0.004760883,0.018324493,-0.002872977,-0.56,-0.19,-0.09,-0.09,-0.14,0.03,0.04,0.08,0.06,1.55,1.07,1.28,1.75,2.67,2.75,3.24,3.92,0.022206746,-0.001088354,0.000362164,-0.000860647,0.028245479,0,0.002989539,0.003273325,0.020225,0,0.002935913,0.002677378,0.002171554,0.003294751,-0.004376375,0.002954212,-6.88893E-06,0,-0.003338901,0.00315956,0.003284075,0.001682562,-0.000719444,0.004917865,-0.000335875,-1.87405E-05,-0.014388551,-2.06614E-05,-1.014958345,-0.00227909,-0.006532899,-0.004779232,-0.013103929,23.46636084
0.000552476,0.004237722,0.003599542,0.035321754,0.010962017,0.009058422,0.006795908,0.006842687,0.006667467,0.002349173,0.008713926,0.004570054,0.019262775,0.020597673,0.018790063,0.013621086,0.022964619,-0.016223867,0.8696,61,0.030119583,-2.83547E-05,0.00371216,-0.4,-0.3,-0.050440491,0.022603952,-0.104146923,-0.113471723,-0.096319771,-0.088076299,0.00322816,0.00454972,0.003108006,0.006568736,0.004249392,0.005935413,0.001904762,0.002533215,0.000271604,0.005213194,0.000179753,0.002696977,0.004574573,39.7,0,40.1,7.17930797,5.455321115,5.556828062,6.22059017,5.755742214,7.055312843,5.707110265,5.416100402,5.765191103,5.749392986,0.009362194,0.057442764,0.026585144,0.010106319,0.00478241,-0.030993377,0.00418995,0.002123097,0.005498548,0.005548744,0.000607377,-0.000442422,-0.001274355,-0.001704087,0.00267992,0.000319522,0.035280999,0.03607321,-0.093297529,0.045671365,0.83,0.2,0.15,0.21,0.14,0.12,0.12,0.04,0.02,0.92,0.39,0.66,1.06,1.96,2.04,2.45,3.11,0.007731628,0.000254827,0,0.005545334,-0.002420488,0.002998503,-0.002989539,0,0.019822855,0,-0.008941937,-0.002009152,-0.002171554,-0.003327645,0.004357305,-0.002954212,-6.85291E-06,0.004073325,0,-0.00315956,-0.003284075,-0.001323776,0.000855863,-0.002652679,-0.000831599,-1.85792E-05,0.010797883,-2.04748E-05,2.355286954,0.002231449,-0.001288614,0.000983207,0.007404684,12.67843315
0.001226465,0.001971475,0.005561809,0.005903396,0.001742825,-0.001128335,-0.002257554,-0.004553814,-0.016751349,-0.057918674,-0.005437903,0.014718724,0.002242771,0.013499793,-0.003544807,-0.007922338,0.005658665,-0.037784465,-0.8221,29,0.006657917,-0.004504416,-0.004733899,0.1,-0.9,0.088822395,-0.067089236,-0.074247927,-0.087861356,-0.063058136,0.038999734,0.001656147,0.000266987,0.003562305,0.005498296,-0.000861698,-0.000910851,-0.00079321,0.002386602,0.000452509,-0.002379803,-0.000341558,0.001921969,0.003644651,39.2,0.1,39.5,7.264730178,5.720311777,5.655991811,6.234410726,5.793013608,7.001245622,5.420534999,5.459585514,5.752572639,5.774551546,-0.021328292,-0.015587262,-0.040877269,-0.001099685,0.004231915,0,-0.00210154,-0.000340716,0.00446816,-0.002292615,0.003754118,0.005783952,0.00089977,-0.000637854,0.000645263,0.000285514,-0.007848985,-0.011221888,0.032622132,-0.004440394,-0.12,0.13,-0.11,0.02,0,-0.06,-0.06,0,0.01,1.17,0.4,0.8,1.18,2.02,2.1,2.57,3.24,0.019533158,-0.000162155,0,0.0033125,-0.000678788,-0.005997006,0,0,-0.033158609,0,0.002962965,0.000666888,0.002166848,-1.08207E-05,-1.89038E-05,0,-0.002614381,-0.004073325,0.00332779,0,0,0.000298992,0.001095658,-0.001378588,0.001489502,-0.008602164,0.003564882,-0.013564516,1.711198138,-0.000666112,-0.009406086,-0.005134523,0.001967037,18.46995219
0.009802196,0.010634995,0.006273279,-0.001716494,0.017851357,0.019006668,0.016826116,0.019218218,0.026668546,0.054394883,0.017298685,-0.001132555,0.0177591,0.005570355,0.026795595,0.020248132,0.011222164,0.046470931,1.3966,91,0.028054307,0.003908781,0.005750815,-0.2,-0.2,-0.02615953,-0.006963278,-0.033203581,-0.040154093,-0.027596232,-0.069051876,0.002460749,0.003996275,-0.007293073,0.005809003,0.004169016,0.004432581,0.003801684,0.00165324,0.001085187,0.00174822,0.001652774,0.00153492,0.001022669,39.9,0.1,40.3,7.25488481,5.572154032,5.676753802,6.23636959,5.855071922,7.023758955,5.459585514,5.429345629,5.783825182,5.814130532,0.015266967,0.008189253,0.046383217,0.001824349,0.001793155,-0.020662252,-4.35237E-06,-0.000938911,0.004810538,0.002211202,0.008086881,0.005126163,0.00216148,-0.000624748,0.000169309,-0.000730641,0.010941999,0.007448562,-0.002300117,0.017917698,0.38,-0.05,0.02,-0.02,-0.01,-0.1,-0.06,-0.03,0.01,0.74,0.04,0.4,0.79,1.54,1.66,2.16,2.87,0.004162349,0.001458452,0,0.001137252,-0.000388086,0.002998503,-0.002989539,-0.003284075,0.006578971,0,-0.020873892,-0.001335114,-0.002166848,-0.003284075,-0.004338402,0,0,0.004056801,-0.00332779,0,0,-0.00119926,-0.003645686,-0.000387265,-0.001326806,0.012884826,-0.007168489,0.022594061,-1.077270448,-2.28061E-05,0.011267585,0.005067323,0.002150083,19.40778474
0.008908317,0.009144776,0.00959923,0.015857086,0.007031029,0.015385071,0.016547677,0.019955649,0.017391934,0.043736101,0.009599862,0.026642077,0.013114318,0.019804481,0.015255269,0.017661885,-0.003350196,0.011820168,1.213,58,0.038754882,-0.001646932,0.002454547,-0.4,1.1,-0.100403193,-0.014861439,-0.064853673,-0.057783442,-0.070558225,-0.00675664,0.004045217,0.006466682,0.000778392,0.002042206,0.007631114,0.010379155,0.003787286,0.002767955,0.002797962,0.001299883,0.004280897,0.002297971,0.000794687,40.3,0.1,40.7,7.233455419,5.533389489,5.690359454,6.198478716,5.840641657,7.049254841,5.529429088,5.442417711,5.749392986,5.872117789,0.009715403,0.03357486,0.033985113,0.006312696,0.006407922,0,0.002761919,0.002078435,0.006947919,-0.002049032,-0.010570409,-0.010474243,-0.001209524,0.001603146,0.005094178,9.9175E-05,0.044298298,0.045169852,-0.098033699,0.049485867,0.35,-0.02,0.18,0.04,0.02,0.02,0.02,-0.03,-0.02,0.37,-0.13,0.09,0.46,1.21,1.33,1.78,2.5,0.014711156,0,0,-0.00017761,0.005226493,0.002998503,0.005979078,0.00656815,-0.003305788,0,0.011868612,0,-0.002166848,-0.003284075,0,-0.002954212,0,-0.004056801,0,0,0,0.000119865,-0.003760948,0.00132493,0.000411745,-0.008583744,0.010657294,-0.013544225,1.385474113,0.004382704,0.003139014,0.000385491,-0.02037033,12.74923475
0.006002808,0.005462669,0.006904877,0.00080465,0.000371481,0.008684677,0.006540132,0.006565682,0.002152198,0.017859311,0,0.003282303,0.014014018,0.016205793,0.014418743,0.013043627,0.006697276,-0.011820168,0.8383,-20,0.007327448,-0.004257658,-0.002742821,-0.1,-1.2,0.056954893,-0.076961041,-0.019644138,0.001606426,-0.037238345,-0.044550135,0.002335469,0.002849005,-0.00593103,0.003394436,0.003271398,0.003473198,0.002988128,0.002063984,-9.01348E-05,-0.000705441,0.001321759,0.002674309,0.002719857,39.7,0,40.4,7.218909708,5.545177444,5.627621114,6.22059017,5.793013608,7.057036982,5.616771098,5.424950017,5.771441123,5.823045895,0.006544732,0.031572119,0.010560152,0.011933619,0.001046573,-0.010331126,-0.002087355,-0.00064354,0.005291255,-0.001363052,0.010047642,0.009871086,0.011701483,0.005064407,-0.001534501,0.000229675,0.009242469,0.014482416,0.001992439,0.013208615,-0.28,0.21,0.12,0.18,0.11,0.09,0.12,0.03,-0.01,0.86,0.27,0.55,0.85,1.58,1.73,2.09,2.77,0.00829469,-0.001551124,-0.000144739,-0.001884613,0.00673468,-0.002998503,-8.91071E-06,-1.07499E-05,0.016463873,0,0.009068035,0.001000167,0.002166848,-1.08207E-05,0.004319661,0.005908424,0,0.00404041,0,0,0,0.000179761,0.006033095,-0.001270976,-0.000249238,0.004264399,-0.007129954,0.00447428,0.15802756,-0.002263254,-0.001583085,0.012578691,0.006293021,18.65381895
-0.000951885,-0.001372684,0.000312728,0.007746873,0.008558801,-0.008684677,-0.008732255,-0.005467073,-0.007555781,-0.022373444,-0.004254969,-0.003282303,-0.007518707,-0.001073658,-0.027781636,-0.01413761,0.014356048,0.011820168,-1.3633,88,0.031824316,0.001596966,0.003151327,-0.2,-0.5,-0.019214565,-0.011986445,-0.097148754,-0.104825613,-0.090713714,0.013279354,0.000364425,-0.002373607,-0.000156556,-0.020195792,0.000848813,0.000782604,0.000941767,0.001809451,0.001621184,0.00492767,8.92451E-05,0.001524972,0.001696161,39.2,0,40,7.215975003,5.620400866,5.459585514,6.184148891,5.899897354,7.022868086,5.59471138,5.293304825,5.777652323,5.802118375,-0.015255595,-0.003828029,-0.04454167,0.012042293,0.006048616,0,-0.002758622,-0.000335432,0.004907438,0.00109475,-0.017964907,-0.014061817,-0.011093855,-0.001287582,-0.007517128,-4.4631E-05,-0.037927989,-0.037907765,0.118502701,-0.035198207,-0.18,0.07,0.12,0.06,0.1,0.03,0.02,0,-0.02,1.11,0.57,0.79,1.13,1.79,1.93,2.27,2.93,0.010433861,0.000486432,0,0.000498167,0.002202961,0.002989539,-8.85775E-06,-0.006546651,-0.013158085,0,-0.003025721,-9.99334E-07,-0.002171554,0.006589792,-0.004319661,-0.002954212,0,-0.00404041,0.003316753,0.003149609,0,0.001615984,-0.002206039,0.002762764,0.001644082,-1.81079E-05,0.006980637,-1.993E-05,0.412363955,-0.0031488,-0.006232461,-0.01941018,0.001385804,18.89620188
0.004141437,0.004815701,-0.000469129,-0.004357811,0.000105208,0.016225778,0.013073714,0.009821685,0.006480261,0.005638513,0.006376858,0.014142452,0.016049901,0.011733431,0.029507243,0.017370029,-0.002198319,0.007451597,1.1859,-31,0.017381744,0.003129492,0.006483445,-0.3,0.7,-0.123088088,-0.037740328,0.007261024,0,0.013264749,-0.020905238,0.005378018,0.009094556,-0.001410106,0.028295735,0.005791836,0.009011576,0.001254312,0.003415105,0.003324202,0.004977061,0.004221106,0.00190295,0.003045859,39.9,0,40.4,7.153051635,5.370638028,5.616771098,6.210600077,5.669880923,7.085064294,5.616771098,5.533389489,5.826000107,5.789960171,0.002108613,0.00576502,0.010680417,0.012727547,0.00601225,0.010331126,0.003437611,0.001730628,0.005326244,-0.003380149,-0.024632262,-0.025838675,-0.006880645,-0.001317368,0.005174268,-0.000143354,0.016512688,0.01671121,-0.038569639,0.012690145,0.22,-0.04,0.01,-0.01,0,-0.05,-0.04,0,-0.01,0.85,0.36,0.56,0.91,1.52,1.67,2.05,2.7,0.018754526,0.002012702,-0.000108844,0.001279864,0.003533741,-8.91071E-06,-8.80526E-06,0.006546651,-0.003273325,0,-0.006060625,0.001328348,0.004343107,-1.08207E-05,0.004301082,0.00294551,0,0,-0.003316753,-9.8889E-06,0.006535971,0.000891578,0.002345285,0.00274953,-0.001074041,-0.004246291,-0.038778412,-1.97533E-05,0.521651331,0.001532415,0.007650364,0.006977615,-0.010768772,14.05231766
0.006870793,0.0066179,0.008255713,0.011150501,0.016692266,0.00534804,0.007545029,0.009722241,0.007507159,0.01451844,0.006334117,0.012871809,0.001059248,0.002121156,0.001038283,0.008577283,0.008752574,-0.002124414,0.4645,0,-0.006189802,7.10111E-05,-0.000676534,0.1,-1,0.134777292,-0.063704045,-0.068189336,-0.070139441,-0.066590405,-0.017361638,0.0016114,0,-0.003612664,-0.011494379,0.002592186,0.003979225,0.000626566,0.00246384,0.001971327,0.002424244,0.002804205,0.00227877,0.002587324,40.1,0,40.6,7.274479559,5.529429088,5.648974238,6.284134161,5.916202063,7.033506484,5.493061443,5.407171771,5.799092654,5.823045895,-0.004144872,-0.029690854,0.005262568,-0.008677722,0.006695189,-0.010331126,-0.001380702,0.001108076,0.006794044,0.004170454,0.025297405,0.023083831,0.007935758,0.000948169,0.002038345,-6.5411E-05,0.00099637,0,0.006605549,-0.002424481,0.48,0.03,-0.01,-0.06,-0.22,-0.21,-0.11,-0.03,-0.03,0.4,-0.13,0.02,0.21,0.83,1.08,1.54,2.19,0.011338721,0.002999956,-0.000470322,0.000248672,0.000667143,-0.005961256,-0.00592593,-0.003273325,0.003273325,0,0.009095528,-0.000336805,-4.70543E-06,-0.003284075,-1.84201E-05,-0.00294551,0.002607563,0.00402415,0.003305788,-9.827E-06,-0.006535971,-0.001436013,0.000521488,-0.003967095,7.89471E-05,0.004228336,0.053050463,-0.004434597,-0.159550661,0.00120128,0.0055167,0.001338488,-0.004433465,18.69045058
0.005112097,0.006265975,0.003458514,-0.007335322,0.005416991,0.002132772,0.007492231,0.009632507,0.008510781,0.023014777,0.001052574,0.006379746,-0.001059248,-0.001060016,-0.001141627,0.001065978,0,0.00846587,-0.1483,-3,0.001072252,-0.001933302,-0.001821398,0,-0.1,-0.054939188,0.052008006,-0.035029851,-0.046975368,-0.025357936,-0.011122427,0.005880354,0.007767131,-0.00473187,0.025844701,0.004713487,0.004073325,0.005621501,0.004882028,0.007224756,0.00197911,0.006905897,0.001895017,0.002356507,40.1,0,40.6,7.329093736,5.634789603,5.786897381,6.244166901,5.998936562,7.118826249,5.669880923,5.463831805,5.789960171,5.945420609,-0.016633372,-0.013576739,-0.022518355,-0.011787688,0.001538699,0,0.000679071,-0.001811565,0.00569952,0.000683743,0.009631099,0.011660082,0.004612547,0.002103223,0.003863836,0.000735957,-0.032386812,-0.035380078,0.105335298,-0.042307165,-0.07,-0.05,0.01,-0.04,-0.07,-0.08,-0.09,-0.06,-0.02,0.42,-0.05,0.05,0.21,0.82,1.06,1.55,2.24,0.027954237,0.001335544,0.000615353,-0.000461869,0.000476259,0.002980628,-8.80526E-06,0,-0.013201512,0,-0.006069807,-0.000665768,-0.002166848,0.0130295,-0.004282662,0.00293686,-6.78171E-06,-0.00402415,-0.003305788,-0.003129893,0,-0.000180188,-0.003755723,0.002029975,-0.000821244,-1.78036E-05,-0.014345152,0,-0.544029628,-0.001262574,0.007745595,0.007555627,0.011057938,17.2828138
0.001455658,0.001387123,0.007648712,0.00954604,0.006768563,-0.001065817,0.005316381,0.004248936,0.005283686,0.008629001,0.006289965,0,-0.013898304,-0.020335554,0.002298233,-0.002133093,0.011911544,0.002106524,-0.408,68,0.022949089,0.003877047,0.004749746,-0.1,0.6,-0.054237756,0.023256862,0.010638398,0.015904908,0.006400022,0.066220444,0.000449523,-0.000259666,-0.001740644,0.002316731,-0.000708831,0.000878542,-0.002962965,0.000825105,-0.00320456,0.001975201,-0.00271428,0.003024577,0.004026851,40.2,0,40.6,7.301822342,5.648974238,5.666426688,6.249975242,5.97126184,7.04053639,5.393627546,5.472270674,5.831882477,5.837730447,-0.014112152,0.004151599,-0.03257649,-0.008304895,0.007658178,0.010331126,-7.46517E-06,-0.001198672,0.004710406,-0.001906323,-0.002791331,-0.003142933,-0.00314976,0.001085737,-0.000198654,0.001278894,-0.077266745,-0.077162066,0.252174037,-0.084936699,-0.42,-0.04,-0.04,-0.05,0.04,0.06,0.03,-0.05,-0.02,0.8,0.33,0.42,0.67,1.3,1.51,1.92,2.64,0.020970217,-0.003757886,-7.23749E-05,-0.000675423,0.030203009,-0.002989539,-8.85775E-06,0,0.013201512,0,-9.23869E-06,-0.000332386,0,-0.0130295,0.004264399,-0.00293686,-6.74652E-06,0.004008021,0.003294896,0,0.003252035,-0.000536276,0.001991451,-0.003785918,0.001306225,-0.004210533,-0.020869755,0.004415018,-2.43295175,0.000580572,0.005510466,0.000604991,-0.003102044,25.50144701
0.001356033,0.001269841,-0.005024106,-0.007885952,-0.012910041,-0.002135048,0.001060629,-0.00105861,-0.006343247,-0.018429317,-0.003138874,0.009483161,-0.003233312,-0.010868358,0.005649733,-0.002141784,0.017075767,0.001050394,-0.4058,-62,-0.013641654,-0.000524581,-0.00026995,0,-0.4,0.035024274,-0.026883339,-0.049716519,-0.001974334,-0.090060824,0.019957025,0.00030556,-0.003486046,-0.010668042,-0.021721823,0.000322258,-0.000109776,0.000936622,0.002306679,0.000534807,0.00310123,0.000688079,0.002262444,0.00467759,40,0,40.5,7.247080585,5.605802066,5.560681631,6.248042875,5.872117789,7.050989447,5.451038454,5.484796933,5.796057751,5.860786223,-0.022370618,-0.005995685,-0.057334877,-0.004525522,0.005073063,0.020662252,-0.004091841,-0.000605535,0.006159738,-0.000996877,-0.000985693,-0.003631259,0.008756773,0.002928071,-0.003159666,0.000880581,-0.12425336,-0.128546423,0.443266537,-0.133255493,0.32,0.09,0.04,0.02,0,-0.02,0.04,0,0.02,0.57,0.05,0.12,0.35,0.96,1.23,1.6,2.34,0.024620477,-0.0031926,-0.000108848,-0.001352217,0.005252742,0.002989539,0.002980628,0,-0.006666691,0,-9.29511E-06,-0.001985112,0.002162163,0,-0.004264399,0,-0.002594035,-0.004008021,-0.003294896,0,-0.006504071,5.90695E-05,0.002878996,-0.000386699,-0.000412608,-0.004210533,0.013925282,-0.008830036,-4.354867168,-0.001544094,0.001783409,0.003356999,0.008873109,27.45545204
0.004859173,0.00471889,0.003283907,-0.005454132,0.01571681,0.009572023,0.009488085,0.012656671,0.016824965,0.021647021,0.012499108,0.008357013,0.008604566,0.010868358,0.001480206,0.009591877,0.014706736,0.002099891,0.5469,-6,0.001633897,-0.003011024,-0.002808801,-0.1,-0.5,-0.00376176,0.036562253,-0.028197357,-0.044451763,-0.014059986,-0.009222456,0.001831404,0.003226313,-0.011430536,0.021721823,0.000257732,0.000877867,-0.000624317,0.001096551,-0.000891504,0.000145704,0.000828595,0.001505458,0.002884724,40.1,0,40.5,7.279318835,5.568344504,5.648974238,6.253828812,5.950642553,7.080867897,5.420534999,5.525452939,5.846438775,5.902633333,0.012953371,0.01395399,0.024117329,-0.000601866,0.003838389,0,0.000680966,-0.000881378,0.003970657,0.000644334,0.001774595,0.004432567,-0.011451414,-0.003103073,-0.002531495,0.000204932,0.023802189,0.021878258,-0.075391799,0.010198536,0.03,0.11,0.19,0.28,0.26,0.16,0.1,0.06,0.03,0.65,0.21,0.37,0.58,1.09,1.3,1.63,2.34,-2.91753E-05,0.000417005,0,-0.000605532,-0.008028466,0,-0.002989539,0,0.016650135,0,-9.35204E-06,0.001323517,-4.66486E-06,-0.009756175,0.004246291,-0.00293686,0,0.003992021,0,-0.003129893,0.003252035,-0.001248236,-0.002374781,-0.001270768,-0.000817249,0.012613943,0.006908302,0.008830036,0.060397783,-0.000620332,-0.004971672,-0.00238174,-0.004411017,19.5715
0.001571828,0.001147579,0.002711346,0.023034721,0.006197947,0.001057924,0,-0.002097714,-0.011538355,-0.014017523,-0.009360234,0.010354296,0.002135488,0.00646617,0.000401354,0.002117277,-0.001040904,-0.036292096,-0.0592,-30,-0.031223086,0.009611988,0.007268617,0.3,-0.1,0.083708189,0.080716063,0.030049209,0.002063984,0.053414936,0.006120842,0.001648982,0.000155848,0.00870552,0.000660939,-0.000322175,-0.000768091,0.000312207,0.002435521,0.0011588,0.001237624,0.00146159,0.00187864,0.00409089,40.1,-0.1,40.5,7.324489979,5.605802066,5.730099783,6.289715571,5.986452005,7.090076836,5.429345629,5.451038454,5.883322388,5.940171253,-0.002341665,-0.006007085,-0.016483482,-0.010474712,0.004827526,-0.010331126,0.001364722,0.001399955,0.003697498,-5.55467E-05,-0.015017598,-0.017282989,0.000238454,-0.001629154,0.002515358,0.000737917,0.026843763,0.027793352,-0.084703546,0.016086267,0.22,-0.06,-0.1,-0.09,-0.09,-0.09,-0.03,0.01,0.01,0.37,-0.11,0.06,0.27,0.78,1.05,1.42,2.13,0.014861182,0.001134299,-0.000108584,-0.000998146,-0.001297979,0.002989539,0.008959706,0,-9.86848E-05,0,-9.40951E-06,0.00165251,-0.006477159,0.016270856,-0.004246291,0.005873719,0.002587324,-0.003992021,0,0.006259786,0.003252035,0.0020797,-0.000627072,0.00572748,-0.000245112,-0.004228039,-0.010398707,-1.94067E-05,1.544673078,0.001486853,-0.000730265,0.000232595,-0.003182133,15.7942
0.000450733,0.001184449,0.011176706,-0.015867237,0.002983643,0.006320357,0.006276951,0.004191038,0.006309906,0.012947344,0.006250649,-0.001027439,0.008513037,0.008559353,0.006456043,0.007379417,-0.003136826,0.031035286,0.3707,-33,-0.002292285,0.002420252,0.003339299,-0.1,-0.4,0.01034492,-0.037864606,0.01378065,0.156210413,-0.119252235,-0.01585251,0.002486251,0.002801122,-0.004827041,0.001980199,0.003281328,0.004271872,0.0018712,0.002320535,0.001602279,-0.000109141,0.002741316,0.001875118,0.0028647,40.1,0.1,40.5,7.188412736,5.407171771,5.513428746,6.150602768,5.950642553,7.109062136,5.402677382,5.552959585,5.872117789,5.96100534,0.004333041,0.044367006,-0.003805457,0.008759725,0.007197872,0.010331126,-0.002730842,0.000249672,0.001372331,-0.002998442,0.017725253,0.021657757,0.005465309,0.001678296,-0.002468402,3.9354E-05,-0.008925566,-0.010167356,0.043264313,-0.022938381,-0.03,0.04,-0.04,-0.06,-0.14,-0.01,0,-0.03,-0.03,0.44,-0.12,0.03,0.16,0.8,1.08,1.42,2.13,0.011068707,0.000300721,-0.007966443,-0.001034846,-0.000835306,0.005925825,0.005864291,0,0.012806652,0,0.003072199,0.002629387,0.012940404,-4.21665E-05,0,0.00291111,-0.002587324,0,0.003284075,0.003100657,-1.05415E-05,0.003430159,0.000730789,0.008839935,-8.19393E-05,-0.004175371,0.003442344,-0.004395611,-1.09978394,-0.000622627,-0.017970107,-0.009636637,0.002606288,18.3148
0.005331877,0.003316626,-0.004963292,0.019830433,0.015581868,0.001050151,-0.003135368,0.001046923,-0.002097997,0.004277562,-0.004161984,0.004113992,0,0.003186622,-0.006644578,-0.002101693,0,0.001052607,-0.4024,-30,0.01112769,-0.003322309,-0.001161527,-0.2,0,-0.066789958,-0.041101676,-0.069905697,-0.094252538,-0.044451763,0.012156395,0.001142674,-0.000207222,-0.003878479,-0.000659631,6.42323E-05,0.001419912,-0.0018712,0.001852559,0.000711301,-0.000655093,0.000263193,0.002619272,0.002746802,39.9,-0.1,40.3,7.334981879,5.433722004,5.720311777,6.444131257,5.913503006,7.074116816,5.484796933,5.455321115,5.84932478,5.883322388,-0.013775294,0.019639742,-0.000512927,0.014621658,0.00516643,0,0.004778859,0.000525054,0.007769516,0.005474405,-0.002704665,-0.003983182,0.000437388,0.000336657,0.003065717,0.000651865,-0.032060204,-0.033691278,0.146515197,-0.042959893,0,-0.07,-0.04,-0.09,-0.08,-0.06,-0.05,-0.04,-0.04,0.37,-0.16,-0.06,0.08,0.74,1.03,1.38,2.09,0.002100136,-0.000439545,-0.001793605,0.000142801,-0.000650165,-0.014850099,-0.020697145,-0.003273325,-0.035594816,0,0,-0.005928648,-0.00647712,-0.009703535,0.004228336,-0.00876768,-0.002587324,0,-0.003284075,-0.00623055,-0.003241494,-0.005979426,-0.005507598,-0.014042915,0.000486676,0.00415801,-0.003442344,0.004376375,-0.991606025,0.001167611,0.010905268,0.003065798,0.013788333,25.9671
0.003598951,0.004746093,0.01316439,0.010669362,0.005206408,0.004189612,0.006257323,0.004172977,0.006283468,0.001065613,0.004161984,0,0.008437112,0.007405391,0.012178801,0.008384428,0.013519915,0.008386005,0.4541,-1,-0.025997447,-0.000648856,-0.00398624,0.3,-0.8,0.116423786,-0.061280431,0.0279806,0.168990194,-0.139761942,-0.017041354,0.000267625,-0.002126502,-0.010907719,0.001318826,-0.002508121,-0.002951306,-0.001874708,0.001523064,0.000533144,-0.001457301,0.002138064,0.002612429,0.003395589,40.1,0.1,40.5,7.391415235,5.545177444,5.840641657,6.363028104,6.091309882,7.119635638,5.488937726,5.451038454,5.897153868,5.983936281,0.004366692,-0.025647467,0.005668478,-2.28591E-05,0.000396314,-0.020662252,0.001351261,0.000792683,0.007203116,-0.001213371,-0.038092723,-0.041623251,-0.002726533,5.74594E-05,0.000256528,0.000664081,0.0666282,0.0697881,-0.212852007,0.055861224,0.04,-0.04,0.09,0.05,0.02,-0.04,-0.01,-0.03,-0.03,0.29,-0.11,-0.05,0.06,0.66,0.98,1.31,2.02,0.014691417,-0.001342966,3.59929E-05,0.000214163,0.000650165,0.005934736,0.011825652,0.003273325,0.019375919,0,0.006134989,0.00131579,-0.006435476,0.003231021,-0.004228336,0.00583942,0.002587324,0.003976148,0,0,0,0.001832482,0.005021847,0.002286165,0.000322798,-0.00415801,0.006849342,-0.004376375,3.042315212,0.003208752,0.004485596,0.0045793,-0.017681319,16.7658
0.004777131,0.005251339,0.005596377,-0.027740558,-0.000197843,0,0.001039693,0.003113623,0.004165402,0.007435006,0.005176519,-0.006182662,-0.005265358,-0.005281982,-0.006747086,0.001042625,-0.001034972,0.014509571,-0.1601,-1,0.013005535,-0.000239901,0.001494836,-0.2,0.3,-0.059401214,0.084607623,0.016045649,-0.090737997,0.147635999,0.031271007,-0.000499625,-0.002131033,-0.005745727,-0.008936018,-0.000644122,0.000109463,-0.001721575,0.000353237,0.000444069,0.001238841,0.000367567,0.001861851,-0.002079799,39.6,0,40.3,7.355001921,5.802118375,5.645446898,6.345636361,5.940171253,7.119635638,5.442417711,5.517452896,5.846438775,6.01615716,0.000702658,0.049626281,0.005295793,0.03203297,0.001089055,0.020662252,-0.000692953,0.000775252,0.008073377,5.52285E-05,0.056016662,0.051856699,-0.002440887,-0.001506507,-0.001968064,0.000419883,0.042393045,0.041877082,-0.119486945,0.031755788,-0.01,0.06,0.04,0.02,0.01,-0.04,-0.06,-0.01,-0.04,0.36,-0.06,-0.02,0.08,0.63,0.93,1.31,1.99,1.01304E-05,0.000139011,0.000143401,0.000499536,-0.000836004,-0.002980628,-0.008897701,0,-0.01945971,0,-0.021543614,0,0.002138999,0,0.004210533,-0.00583942,-0.002594035,-0.003976148,0,0,0,-0.001241395,-0.000751285,-0.002074397,-0.000488084,0,-4.65945E-05,0,1.190987417,-0.001244719,-0.009880555,0.003206185,0.012109854,14.6778
0.006102776,-0.002376687,-0.000299013,0.013268634,0.004195776,0.007286103,0.010330759,0.01441955,0.012395694,0.01052697,0.013342106,-0.004139559,0.004216129,0.004226435,-0.004032015,0.006237022,0.028545365,0.02238077,0.2655,32,-0.010831295,0.004112682,0.001865408,0.2,0.2,-0.001155402,0.067682591,0.049325067,0.035214906,0.064538521,-0.018654867,0.001569411,0.001975258,-0.002637654,0.004312496,0.001609529,0.002295961,0.00062637,0.001357442,-0.00266738,0.003671063,0.001730997,0.00297177,0.00851069,40,-0.1,40.5,7.126087273,5.062595033,5.049856007,6.21860012,6.059123196,7.129297549,5.501258211,5.303304908,5.913503006,6.068425588,0.012506299,-0.007275129,0.01458187,0.025334965,0.001779536,0,-1.14444E-05,-0.001158622,0.004846266,-0.001572072,-0.025029417,-0.012585625,-0.000299942,0.002027138,0.000607968,-0.000137514,0.037905869,0.03608446,-0.116230053,0.027395447,-0.01,0.05,0.04,0.05,0.03,0.02,-0.03,-0.03,-0.01,0.42,-0.01,0.04,0.12,0.66,0.91,1.29,1.99,0.01004659,0.002036613,0.000107398,0.000534941,0.001114517,-8.91071E-06,0.005934736,0,0.003134899,0,0.021600596,0.001973036,0.006453935,-0.009756175,-1.76543E-05,0.00583942,-0.00261431,0.003960401,0,0,0.003231021,0.002952941,-0.001084614,0.005892522,0.001696068,0.004140793,-0.010198336,0.004357305,0.616806205,-0.00179723,0.00105911,-0.011994274,-0.00503592,14.8357
-0.005285321,0.002602744,-0.003745229,0.012731324,-0.007565118,0.011349219,0.00818703,0.008146813,0.011232077,0.010417307,0.011151391,0.014419357,0.014614013,0.011536544,0.021651218,0.008258619,0.016942021,0.023858563,0.4332,3,-0.016513171,0.001629122,-0.000715905,0.2,0.3,0.071379232,0.02366041,0.013280408,-0.068004729,0.092967867,-0.032744084,0.002029445,-0.001507081,-0.000330196,-0.007976114,-0.000193007,0.000655022,-0.001409885,0.003872143,0.005770356,0.00188481,0.0013966,0.002223046,0.002929213,39.9,0.1,40.5,7.283448229,5.424950017,5.59471138,6.259581464,6.079933195,7.100027167,5.451038454,5.262690189,5.926926026,6.018593214,0.005477554,0.011000734,0.00998821,0.019705703,0.003155821,-0.020662252,0.00066045,0.000496911,0.006066417,0.002180338,-0.023335929,-0.029931927,-0.001225782,-0.000275304,0.002690103,0.002112865,0.013131965,0.0132936,-0.032742288,0.003854279,0.08,-0.09,0.01,0.02,-0.03,0.08,0.09,-0.02,-0.02,0.25,-0.08,-0.02,0.01,0.66,0.92,1.19,1.89,0.016475588,-0.000138728,7.1685E-05,-0.000499269,0.000556793,0.002989539,0,0,-9.80344E-05,0,-0.009283163,-0.000659838,-0.002157458,0.013018821,-0.004192878,-0.00291971,0.005208345,-0.003960401,0,0.003100778,-0.003231021,-0.001419064,0.003654214,-0.002783676,-0.001861405,-1.70755E-05,0.006791178,-1.89038E-05,-0.098139514,0.001119718,-0.001325837,-0.001099084,-0.013119389,13.5542
0.004465514,0.004472935,0.005040308,-0.008913227,0.00795911,0.006132939,0,0.001015084,0.004051457,0.00206835,0.005025568,-0.006146729,0.014403517,0.012436588,0.015866924,0.00614754,-0.013931105,0,0.2465,29,0.024590292,0.00225672,0.004866986,-0.2,0.4,-0.088284327,-0.013338762,-0.044971607,-0.101253734,0.003344485,-0.025800812,0.0016348,0.000260004,0.001979545,-0.006024115,0.001414518,0.000654593,0.00250509,0.002348464,0.001857175,0.00224264,0.003378676,0.002587324,0.00151548,40.1,0,40.5,7.335633982,5.497168225,5.602118821,6.413458957,6.013715156,7.137278437,5.438079309,5.525452939,5.888877958,6.03068526,0.001738449,0.017628662,0.004808972,0.027696936,0.002163864,0,-0.002024942,0.000215935,0.006606135,1.97263E-06,0.021580948,0.023284236,-0.000483184,-0.003055208,-0.00044596,0.000904409,-0.003799685,-0.002906556,0.022534684,-0.015423719,-0.02,0.09,-0.03,-0.03,0.02,0.02,0.01,0,-0.01,0.36,-0.09,-0.03,0.05,0.7,0.95,1.21,1.9,0.007134724,0.00090139,0.000215303,-0.000999286,0.00027828,-0.002998503,-0.00896867,0,-0.003472689,0,0.003091193,-0.00032943,-0.002143624,-1.06102E-05,0,0,0.005208345,0,0.003273325,-0.003100778,0,-0.001827179,-0.00080662,-0.004031392,-0.000323264,-1.69352E-05,0.003361193,-1.87405E-05,0.108380876,-0.000334084,0.00343252,0.001596141,0.000909271,12.3661
0.002736489,0.002808833,0.003627243,0.021813289,0.004323694,0.009131279,0.011151458,0.00504901,0.004037651,0.008241555,0.003005924,0.009211222,0.009151599,0.021395362,-0.002685081,0.013190773,-0.013110827,-0.048300298,0.8338,-30,-0.005498742,0.003828959,0.004311341,0,0,0.009362269,-0.032105486,-0.014828817,-0.016529302,-0.013445581,0.020000598,0.004570343,0.005703043,0.006406593,0.022241581,0.002438556,0.002940378,0.001718616,0.003982461,0.006429191,0.002273672,0.005461794,0.00221239,0.002053056,40.2,-0.2,40.5,7.431891917,5.793013608,5.834810737,6.37331979,6.070737728,7.160845907,5.438079309,5.65248918,5.945420609,5.96870756,-0.00101446,-0.008775485,0.008214005,0.01605066,0.000982029,-0.010331126,0.001332856,-0.000592672,0.007951839,-0.000649832,0.006698155,0.006862633,0.005654599,0.001973071,0.000347589,0.001113133,0.04597998,0.049129698,-0.122883821,0.039094074,-0.08,-0.02,0.01,0.03,0.08,0.06,0.04,0.02,-0.01,0.42,0,0.08,0.21,0.84,1.07,1.31,1.97,0.017772998,0.000138603,0.006114792,3.5706E-05,-0.001113586,0.002998503,0.00896867,0,0.020157053,0,0.003091193,-0.001967536,0.002139038,-0.003252035,0,0,-0.005208345,0.003944778,-0.003273325,-0.003100778,0,0.00070721,-0.00120423,0.001904239,0.000241412,-0.004106782,-0.020316312,-0.004319661,2.526277154,-0.000896964,0.011471242,0.008034776,0.003208229,11.6621
0.004302982,0.004254373,0.00064457,0.006176423,-0.006344544,0.012051571,0.004023489,3.67076E-06,0.00201146,0.016275096,-0.003005924,-0.003064493,0.023013017,0.03076926,0.014998173,0.009029721,0.016112704,0.018388242,0.4932,-34,-0.025257406,0.001881153,-0.00039924,0.2,0,0.085359849,-0.055336832,0.077237657,0.139761942,0.023412441,-0.010057125,0.000636065,0.002890921,0.002289828,0.004912405,0.002496561,0.003473733,0.001092129,-0.000537244,-0.005016512,0.000180229,-0.005357481,0.003309435,0.002587324,40.1,0.2,40.5,7.403061091,5.568344504,5.874930731,6.34738921,6.11368218,7.207859871,5.509388337,5.598421959,6.00635316,6.056784013,0.017134781,0.011683617,0.024143482,0.016933046,0.004407235,0.010331126,0.001319516,0.000483404,0.00651097,0.001420865,-0.002204809,-0.007370278,-0.003368256,0.003550016,-0.002831442,0.000225764,0.019871064,0.019620579,-0.038244441,0.012548102,0.1,-0.07,0.03,0.03,0.01,-0.02,-0.04,0.01,-0.02,0.25,-0.07,0.01,0.12,0.72,0.93,1.22,1.85,-0.010090233,-0.001201868,0.004846574,-0.000392836,0.000464145,0.002998503,0.005988042,0.006535971,-0.013468064,0,0.003062673,0.001967536,-0.004278076,0.003241494,0.004175371,0,0,-0.003944778,0,0.006201555,0,0.001649676,0.000470537,0.002621519,0.001366955,0.004089985,0.023746375,0.004301082,-1.406575058,0.001099129,0.001425819,0.000978823,-0.000536838,12.2422
0.004708111,0.005125931,0.009619016,-0.012650013,0.007422552,0.002986742,0.002007431,0.004022381,0.006012739,0.017009473,0.001002979,0.004080418,0.003945939,0.001955447,0.007333008,0.002994441,0.00398613,0.008064747,-0.0115,7,0.027246959,-0.002871923,0.000502721,-0.3,-0.5,-0.084195704,0.08189775,-0.080979476,0.026811257,-0.19062036,-0.009727693,0.000741565,-0.001444416,0.002773474,-0.000326744,-0.001087478,-0.000216755,-0.002341739,0.001879094,0.001234459,-0.000216279,0.001632824,0.000733945,0.001506186,40.3,0.1,40.7,7.370230642,5.459585514,5.828945618,6.352629396,6.084499413,7.204149292,5.361292166,5.65248918,5.988961417,6.104793232,0.004671542,-0.039524878,-0.003381087,-0.004271464,0.004582468,-0.010331126,-0.00466512,-0.001375908,0.002835273,-0.002681296,0.00399939,0.005706153,0.006912226,0.004700976,4.14614E-05,8.832E-05,-0.000427807,0.00013586,0.025108893,-0.011192328,-0.01,0.13,0.06,0.07,0.08,0.09,0.06,0.01,-0.01,0.39,0,0.09,0.21,0.82,1,1.24,1.85,0.006299943,6.93778E-05,0.000689037,0.000214293,0.000927644,-8.96415E-06,-0.003007414,-0.006535971,0.016818151,0,-0.003091076,0.002288486,0.004278076,-0.003241494,-1.73613E-05,0.00291121,0.002594035,0.003929278,0.003262646,-9.58511E-06,0.003220615,0.000585052,0.001774146,0.002611242,-0.001449682,-1.66599E-05,-0.003452813,-1.84201E-05,0.155171185,-0.00145113,0.001852008,0.003575757,0.003329837,12.0403
0.000558125,0.000592615,0.0051414,0.027581993,0.011539994,-0.003985511,-3.48163E-06,0,-0.003003115,-0.000991575,-0.004015734,0.014156916,-0.009899971,-0.016724994,-0.008328992,-0.003993297,-0.023149545,-0.013137858,-0.595,58,0.006104839,0.004596685,0.003777097,0,0,-0.015240623,0.023548969,0.002807676,-0.082691716,0.091667189,-0.023752078,0.002397491,0.002680829,-0.000977995,0.009108716,0.0014071,0.000866739,0.002185793,0.002250262,0.001408947,0.000684722,0.001335542,0.001832509,0.003434217,40.2,0,40.6,7.386470849,5.484796933,5.755742214,6.428105273,6.08221891,7.186144305,5.420534999,5.590986981,6.013715156,6.035481433,-0.004713406,0.03619304,-0.014959517,-0.001280999,0.004174155,-0.010331125,0.005966209,0.001013199,0.004519782,0.004450507,0.004827266,0.005470418,-0.007767938,-0.005013228,0.004083117,0.001350952,-0.014944954,-0.015884217,0.052069541,-0.025577617,0.03,0.11,0.19,0.23,0.28,0.08,0.03,0.03,0,0.47,0.16,0.29,0.46,0.87,1,1.24,1.82,0.011986497,-0.000161889,0.000471767,0.000214247,0.001297257,-0.005979078,-0.002980628,0,-0.006745218,0,-9.35204E-06,-0.000662139,-4.56572E-06,0,-0.00415801,-8.45055E-06,-6.71161E-06,-0.003929278,-1.06102E-05,-9.52603E-06,-1.03391E-05,-0.000180579,-0.003201561,0.000201269,0.000400777,-1.65247E-05,-0.003383945,-1.8263E-05,1.029447193,0.001089707,-0.00305271,-0.002098171,0.001603469,14.2966
0.003511701,0.003585227,0.003510315,-0.006748779,-0.001259507,0.001992941,0.008980483,0.010984267,0.00798417,0.001982168,0.011006353,0.023813684,-0.008996108,-0.027150334,0.021161686,0.004988175,0.004063098,0.017145972,0.1566,-29,0.012850532,-0.00236535,4.41784E-05,-0.2,-0.1,-0.00949562,-0.114104782,0.040298493,0.127526811,-0.050525245,0.033855343,0.002040386,0.000720535,-0.001305483,0.003555847,-0.000127836,-0.000541624,0.000467763,0.002725671,0.00167055,0.002374871,0.003305159,0.002559884,0.003635979,40.2,0,40.6,7.401841579,5.616771098,5.855071922,6.388561406,6.040254711,7.177782416,5.411646052,5.624017506,5.97126184,6.033086222,-0.000389123,-0.031097836,-0.003192584,0.001640985,0.004735453,0.010331125,-0.002666965,-0.000571436,0.004579609,-0.005438208,-0.025226139,-0.025121493,-0.004237008,-0.003477159,0.000121813,0.001021106,0.027277664,0.026962418,-0.081134006,0.019539476,0.47,0.23,0.14,0.13,0.05,0,-0.02,0.03,-0.01,0.23,-0.17,-0.05,0.04,0.4,0.51,0.8,1.34,0.020696729,-0.001527672,-0.000145199,-0.000428541,0.002958856,0.002989539,-0.002980628,0,-0.006677803,0,0.003025609,-0.00065699,-4.54627E-06,0.003231021,0.004140793,-8.40163E-06,-0.002587324,0.003913899,-0.003252035,-9.4675E-06,-0.003210276,-0.000647756,0.0002779,-0.001635841,-8.14192E-05,-0.004056801,0.003316604,-0.008528798,1.948041661,-0.001708429,-0.006452986,-0.000625699,-0.016134492,11.4839
0.006739137,0.006948941,-0.001851131,-0.009367786,-0.002475189,0.009923382,0.002973368,0.002975215,0.002979269,0.017681785,-0.002988733,-0.002947145,0.019882992,0.032097794,0.009100153,0.006940381,0.011098235,0.008959377,0.3213,-4,-0.0103651,0.004794439,0.003909413,0.1,0.3,0.010676258,0.063178902,-0.041233509,-0.150783673,0.070399431,-0.003748244,0.002930161,0.002363824,-0.001797827,0.003543247,0.001915832,0.003353348,-0.000155897,0.00322379,0.001843157,0.001113526,0.002777564,0.001459854,0.00521694,40.2,0,40.6,7.474772182,5.59471138,5.891644212,6.541029999,6.084499413,7.253470383,5.590986981,5.613128106,6.059123196,6.09356977,0.005974093,0.02754223,0.019211631,0.008164774,0.005384629,0.010331126,-0.001982588,-0.000301509,0.007188529,0.003213401,0.027468183,0.030036777,0.006752595,-0.000140743,-0.00371783,0.00020673,0.026004385,0.029129559,-0.075230903,0.017886762,-0.01,0.16,0.06,0.06,0.04,0.07,0.08,0.02,0.01,0.4,-0.1,0.02,0.09,0.48,0.6,0.83,1.36,-0.001489437,-0.00030118,-0.001269392,-0.000678899,-0.002866259,0,0.002980628,0,-1.11856E-05,0,-3.67316E-05,-0.002929212,-0.002129926,-0.003231021,-0.004140793,-0.005788716,0,-0.003913899,0,-0.006144398,0,-0.001523082,0.006785315,-0.007034368,0.000239116,0.00404041,-0.006666691,0.012775088,-0.164408588,0.000254391,-0.016809009,-0.007364584,0.020392396,13.0301
0.005525324,0.005480867,-0.00058528,0.027166263,0.01724679,0.006884697,0.008874242,0.006905549,0.006913989,0.000975651,0.007951653,0.017544046,0.005885966,0.009828484,0.0020185,0.008855847,0.003001249,0.002967196,0.4844,67,0.013357096,0.00207739,0.001758654,0,-0.3,0.025052286,-0.05193797,0.001869159,0.059008553,-0.053272467,-0.009963263,0.003620119,0.00174359,-0.000981997,-0.001931124,0.002548746,0.002480722,0.002646946,0.004591242,0.002189814,0.003154238,0.003113419,0.004729861,0.006562259,40.4,0,40.7,7.483806688,5.673323267,5.953243334,6.495265556,6.089044875,7.254177846,5.564520407,5.638354669,6.052089169,6.102558595,0.004485038,0.017705173,0.000146427,0.00336594,0.00726164,-0.010331126,0.002622942,-0.000296159,0.0050014,-0.002247858,-0.012107289,-0.013071732,0.004781883,-0.000500897,0.004601132,0.00078175,0.002467783,0.005984925,0.024468663,-0.009530968,0.02,0,0.07,0.08,0.07,0.01,0.03,0.01,-0.01,0.38,-0.05,0.08,0.14,0.47,0.61,0.82,1.33,0.018613508,0,-0.000507214,3.5743E-05,-0.001760809,0.002989539,0.002980628,0.003252035,0.006700174,0,0.002953248,0.001952172,0.002125399,0.00643089,0,0.002894358,0.002580647,0,0.003241494,0.003072199,0,0.002106095,-0.006159646,0.006389857,0.001276825,-1.62592E-05,0.003316753,-0.00851069,0.292666098,-0.000851139,0.014474016,0.004166764,5.30667E-05,13.8203
0.002087031,0.002402098,0.007436785,-0.019477259,-0.011335921,0.004891298,0.003917083,0.001963776,0.000983467,0.009681118,-0.000991055,0.007697445,0.005855288,0.005842151,0.008459065,0.002932094,0.014890471,-0.001977152,-0.0125,-34,-0.026820363,0.001893587,-0.000395428,0.2,-0.6,0.067303682,0.053569292,-0.016000341,-0.014897855,-0.017126965,-0.019545331,-0.000506378,-0.003130375,-0.003116034,-0.006788453,-0.002484948,-0.000969984,-0.004675819,0.000846942,0.001573702,0.003072967,0.001733118,0.001450853,0.000527343,40.2,0,40.7,7.391415235,5.537334267,5.85220248,6.391917113,6.045005314,7.21303166,5.459585514,5.700443573,6.045005314,5.993961427,-0.003296959,-0.018343335,-0.010658231,0.001836584,0.003800841,0.020662252,0.002592104,0.002266411,0.007180368,0.00239094,0.00677206,0.00554068,0.004529259,0.000285214,-0.006082685,0.000475542,-0.00562995,-0.005202249,0.049405409,-0.013425386,-0.02,0,0.07,0.07,0.1,0.04,0.01,0.01,0.01,0.4,0.04,0.17,0.26,0.53,0.64,0.85,1.36,0.005630262,0.000231685,0.000615909,0,-0.000278306,-0.002989539,-0.005961256,-0.003252035,0.006633357,0,-0.006014935,-9.51815E-07,-4.50774E-06,-0.009641166,0.004123717,0.002894358,-0.002580647,0.00389864,-0.003241494,0.003072199,0.003200003,-0.000528822,-0.001696016,0.000428949,-0.000962781,-0.00402415,-0.006633505,0.004228336,-1.453996869,0.004910382,-0.002235064,-0.001301626,-0.00587155,28.6666
0.007833372,0.007099678,0.011842434,0.007641287,0.021741545,-0.001953649,0.000974333,0.003919581,0.005880579,0.002886486,0.008879978,-0.001913876,-0.005855288,-0.002916809,-0.014459456,0,0.009802849,-0.005957308,-0.2851,93,0.043086624,-0.00318106,-0.000791325,-0.2,0,-0.046801825,-0.011475536,-0.045616836,-0.03047855,-0.061344651,0.069833497,0.001832221,0.001899921,0.002624673,-0.000324412,0.002357665,0.002261835,0.002496491,0.001797373,0.000785923,0.003525833,0.002841981,0.003617949,0.001369791,39.9,0.1,40.6,7.307202315,5.398162702,5.693732139,6.242223265,6.12905021,7.260522598,5.493061443,5.613128106,6.165417854,6.063785209,0.002121939,-0.019011367,-0.002771973,-0.006691107,0.000379291,-0.030993377,-0.008486737,-0.003874406,0.00110011,0.005445136,0.019301648,0.022282753,0.001826897,-0.002013623,0.006254082,0.000499532,0.02111939,0.021797471,-0.033485675,0.010732807,-0.1,0.08,0,0.01,0.07,0.03,0.01,0.02,0.01,0.58,0.14,0.28,0.43,0.66,0.75,0.97,1.47,0.011643701,-0.000185344,0.000797745,-0.000464759,0.001668676,-0.002989539,0.002980628,0,-0.036830694,0,0.00885383,0.002268463,-0.002120892,0.006420551,-0.004123717,-8.35314E-06,0.002574004,-1.51404E-05,0.003231021,-9.40951E-06,-1.02074E-05,0.000114588,0.001782782,0.000372138,-0.00055989,0.004008021,0.023054235,-1.78036E-05,2.169292713,-0.004964562,-0.002689996,0.007360039,0.012243927,11.9266
0.003594655,-0.00010829,0.003248928,0.02389119,-0.005213035,0.008758021,0.009718354,0.010695895,0.009729653,0.001917489,0.009775512,0.025600681,0.007799457,0.001949728,0.017131692,0.00875252,0.022192564,0.005957308,0.4526,5,-0.00529688,0.002324553,0.001669841,0.1,0.2,0.017323708,-0.04813086,0.048459093,0.067315127,0.028170877,-0.079273031,0.002211639,-0.00447313,-0.005091577,-0.028300671,0.000190919,-0.000430432,0.001090258,0.00563545,0.00635199,0.004929525,0.004979631,0.003245,0.006820951,39.5,-0.1,40.1,7.379632153,5.451038454,5.880532986,6.369900983,6.059123196,7.167037877,5.288267031,5.697093487,5.993961427,5.988961417,0.001756646,0.105588206,0.010170114,0.023419631,0.005106393,0,0.0045609,0.000740705,0.003136519,-0.010117856,-0.028286541,-0.027073905,-0.013425569,0.003525724,-0.00138377,0.000866548,0.030277177,0.031026793,-0.069872644,0.024048968,0.1,0.01,0,-0.02,-0.02,0.03,0.04,0.04,-0.02,0.49,0.04,0.16,0.31,0.59,0.69,0.91,1.35,0.026039376,9.26763E-05,-0.000906439,0.000643455,0.000833295,0.005979078,0.005952399,0,0.040360969,0,-0.003049628,-0.001302477,0,0.003179522,0.004106782,-0.002886005,-0.002574004,-0.0038835,-0.003231021,-0.00306279,-0.003189795,0.00057937,0.000726865,0.000691483,0.000396653,-0.004008021,-0.023000128,-0.004210533,1.978923169,0.000254177,-0.003525549,-0.014810883,-0.016948427,10.6833
0.004152376,0.008948364,0.007034918,0.002194902,0.004598363,0.00676186,0,-0.0038778,-0.001937393,0.005737117,-0.003898312,-0.00468882,0.015415059,0.017353549,0.014764369,0.005791504,-0.0105518,0.004940097,0.2052,-29,0.00452764,0.00450914,0.006186279,-0.2,-0.3,-0.055237496,0.050601013,-0.040546094,-0.046261718,-0.034312145,-0.056608283,0.00458183,0.008415485,0.00016465,0.044393712,0.001716629,0.0015057,0.002021616,0.00262254,0.001733253,-0.001274382,0.004463952,0.002875631,0.00198506,40.3,0,40.7,7.50659178,5.517452896,6.196444128,6.476972363,6.06610809,7.273786318,5.59471138,5.837730447,6.003887067,6.052089169,-0.007522364,-0.037021942,-0.000232243,0.010077305,0.003577822,0.010331125,0.001290244,0.000980931,0.007021405,0.001428678,-0.024802783,-0.028280501,-0.002205934,0.001632976,-0.000194142,0.000876489,0.012220641,0.013635737,-0.014961852,0.005183841,0,-0.09,0.01,0.03,-0.01,-0.04,-0.02,-0.03,0,0.4,0.05,0.19,0.3,0.55,0.67,0.88,1.35,0.009108318,0.001990465,0.000797831,-0.000500429,-0.000277688,-0.002989539,-0.014894336,0,-0.027027438,0,-0.00297086,-0.002911209,0,-0.009579593,-0.004106782,0,0.002567396,0,0,0,0,-0.000700963,0.001087483,-0.003066982,0.000712435,0,-0.006589651,0,1.292611417,0.001597609,0.001336921,0.001474249,-0.004984813,9.4844
0.005079113,0.005067458,0.003498987,-0.028764709,0.00721038,0,0,-0.001942782,-0.004862427,-0.007654606,-0.002935369,0.012158876,0,0.000956702,-0.005083496,0,0.009595873,-0.000987428,-0.3098,26,0.004362903,0.000412666,0.000174528,0,0.3,0.042974244,-0.078673032,0.0233701,0.011299555,0.036294306,0.052869449,0.002542176,0.000868299,0,-0.002237495,0.001777101,0.00364729,-0.000932546,0.003399052,0.004751013,0.001486621,0.008465623,0.002509412,0.003126305,40.2,0,40.6,7.324489979,5.501258211,5.796057751,6.363028104,5.894402834,7.180069874,5.568344504,5.693732139,5.986452005,5.874930731,-0.003668563,-0.006959818,-0.016796573,0.013128707,0.003939598,0.010331126,-0.002600772,-0.000536562,0.004576312,0.004817249,0.03046977,0.031547342,0.000678981,-0.003923755,0.000246376,0.00089422,0.018055424,0.020290551,-0.032331857,0.010227264,-0.05,0.12,0.01,0.05,0.13,0.11,0.07,0.02,0,0.57,0.11,0.29,0.48,0.71,0.79,0.95,1.4,0.010409012,0.000508553,-0.001305046,0.000428954,0.00046277,-0.002989539,0.011931476,0,0.016909308,0,0.008574768,0.001940178,0,0.006379591,0,0,-0.002567396,0,0.003220615,0,0,-0.000814101,-0.003404417,-0.000483307,-0.000321398,0.003992021,0.016431268,0,1.112537522,-0.000838175,0.003644702,0.001156544,0.010659736,10.1715
0.005992043,0.006103855,0.001744913,0.024248498,0.008230499,0.016230362,0.020106864,0.022129439,0.025025026,0.02654188,0.02323456,0.022968457,0.011406415,0.012342193,0.021194393,0.018120958,0.020795005,0.00883623,1.2294,91,0.02723955,0.007685654,0.008586851,-0.1,-1.1,-0.009014146,0.058738817,-0.106537553,-0.140511287,-0.071825735,-0.049648321,0.000414436,0.000306279,0.000493787,-0.003847392,0.000950721,0.000856256,0.001087886,0.000469729,-0.002934325,0.002261086,-0.014172161,0.002860209,0.003427684,40.3,0.1,40.7,7.277938573,5.379897354,5.693732139,6.338594078,5.908082938,7.142036575,5.446737372,5.575949103,5.986452005,5.913503006,0.02137898,0.039336389,0.04893187,0.016302716,0.005321893,-0.020662251,0.000644528,-0.000776828,0.004401382,-0.003197354,-0.003913342,-0.00107711,0.006575848,-0.00106666,-0.003084243,0.000222876,0.014363356,0.015187762,-0.021313638,0.005503806,0.04,-0.09,-0.07,-0.06,0,0.01,0.01,0.02,0.02,0.44,0,0.19,0.44,0.68,0.76,0.93,1.38,-0.001962442,-0.001410715,0.000724592,0.000321595,0.000370062,0.005979078,-0.005979078,0,-0.003395589,0,-0.011535668,-0.000646935,0.002116403,-0.006379591,0.004089985,0,0,0.003868477,-0.003220615,0,0,0.000231641,0.00183168,0.000483292,-0.000556964,0.003944528,0.003209035,0.00836825,-1.404458262,-0.000558941,0.005773012,0.005015111,-0.00739279,12.0207
0.006051187,0.006312952,0.013757821,0.009857582,0.013415569,0.005663844,0.002838281,0.004742278,0.007575875,0.005594732,0.009524143,0.010836918,0.008471139,0.01311826,0.001511421,0.003774791,0.006525391,0.01166222,0.0114,3,0.022016292,0.001649974,0.00395721,-0.2,1.2,-0.049894339,-0.085791865,0.042961033,0.014973542,0.069843573,0.013762255,0.002879039,0.001886649,-0.003296525,0.003847392,0.001709023,0.001389854,0.002172227,0.003385949,0.003020499,0.002889564,0.009644715,0.001783485,0.002692349,40.4,0.1,40.8,7.290974778,5.587248658,5.811140993,6.329720906,5.720311777,7.169350017,5.497168225,5.631211782,5.988961417,5.932245187,-0.005804751,9.80199E-05,-0.002605006,0.018552585,0.003625044,-0.010331126,0.001284904,0.001463144,0.005225556,0.001021842,-0.001284046,-0.007000579,-8.62071E-05,0.000116224,0.003133173,0.000830706,0.009710023,0.010192813,-0.007726964,0.000801667,0.03,-0.02,0.01,-0.06,-0.07,-0.1,-0.03,0.01,0,0.39,-0.02,0.1,0.34,0.55,0.7,0.91,1.35,0.027263568,-0.001227321,0.000145076,0.000142898,0,-0.002989539,0.002989539,-0.003252035,-0.003395589,0,-8.11685E-06,0.000645682,-0.002116403,0.003189795,-0.004089985,0,-0.002567396,-0.003868477,0,0,0,-0.000754173,-0.001556111,-0.001880529,0.000472369,-0.011896951,-0.016302687,-0.00836825,1.842380089,0.00157055,0.006089455,0.003142951,-0.009271504,11.8475
0.003478296,0.003859789,0.005700134,-0.001293756,0.000780873,0.002821633,0,-0.000945277,-0.001887998,0.010180141,-0.006656094,0.003586365,0.006539007,0.005571587,0.013814856,0.001880252,0.017503877,-0.009710168,-0.1493,65,0.009954794,-0.004958112,-0.005948926,0.1,0,0.022353872,0.013618004,0.07124674,0.134857477,0.00790518,-0.02222465,0.002269797,0.002645504,0.006254135,0.007015335,0.001706108,0.002027857,0.001239158,0.002077977,0.002495806,0.00175784,0.005232487,0.001424502,-0.000103418,40.4,0,40.8,7.34601021,5.568344504,5.837730447,6.368187186,5.888877958,7.154615357,5.575949103,5.59471138,5.96870756,5.874930731,0.00565141,0.007129633,0.000165866,0.019077211,0.004351255,0.010331126,-0.001294887,0.000944787,0.006189132,0.002559289,0.015499971,0.017806744,0.000528886,-0.001130544,-0.004207583,0.000395007,-0.005964232,-0.00772295,0.038289505,-0.018150222,0,0.11,0,-0.04,-0.01,-0.03,-0.03,0,0,0.5,-0.02,0.06,0.33,0.52,0.67,0.91,1.35,0.000168384,-2.31715E-05,-3.61291E-05,-0.001859268,0,0,0.002989539,-1.06102E-05,-0.010303255,0,0.014056859,-9.37734E-07,0,0.003189795,0.004073325,0,0.002567396,0.003853569,0,0.003053437,0.003179653,0.001390576,0.00100286,0.003599842,-0.000318427,0.007920802,0.009777327,0.00415801,-0.926557365,0.00022619,0.000120185,0.002244745,0.014144533,13.4224
0.005437698,0.005413631,0.007366516,0.019984427,0.00494665,0.006549644,0.010344064,0.011308669,0.014076213,0.016438344,0.013270265,0.013337736,0.001857378,0.001852334,1.63944E-05,0.008421254,0.006374245,0.003897175,0.412,62,0.048620906,-0.000342374,0.002611514,-0.3,1.1,-0.14565478,0.002701487,-0.043930929,-0.118014973,0.029100016,-0.028844236,0.003292353,0.002942522,-0.002464067,0.003172591,0.003025912,0.004255778,0.001237624,0.003470967,0.004630829,0.003751429,0.004520576,0.002132955,0.000827044,40.3,0,40.8,7.35372233,5.533389489,5.828945618,6.342121419,5.991464547,7.173191742,5.497168225,5.620400866,6.025865974,5.913503006,0.005030167,0.045282859,0.021451603,0.02690173,0.002122457,-0.020662252,0.005752615,0.000193126,0.007059121,-0.004547029,-0.010293061,-0.009880908,-0.002420716,0.003088708,0.003264831,0.000583722,0.03646556,0.035314078,-0.082179561,0.024270659,-0.08,-0.04,-0.02,0,-0.11,0.01,0.02,-0.01,-0.02,0.54,0.04,0.14,0.3,0.61,0.77,0.98,1.41,0.01081644,0.001412479,0.00014506,-0.001611777,0.000277457,0,-8.91071E-06,0.006525291,0.020571724,-0.016978337,-0.011330766,-0.000645473,0.002111933,-0.006379591,-0.004073325,0,0,-0.003853569,0.003210276,-0.003053437,-0.003179653,-0.000175561,0.000674654,-0.000325384,-0.000238301,-1.56229E-05,0.003230884,-0.00415801,1.830751776,0.000221677,-0.003797743,-0.002429995,-0.00283141,11.2238
0.005627687,0.006042524,0.005991191,-0.020142625,0.013974185,0.006510372,-0.000936552,-0.000935527,-0.001865105,0.007222508,-0.006614172,-0.000881245,0.020241905,0.029144767,0.011528706,0.006501978,0.002718961,-0.013700292,0.2495,-34,-0.017007805,0.001519248,0.000921779,0.1,-1.7,0.132184591,-0.0347702,-0.070276843,-0.117261251,-0.029100016,-0.040062858,0.003520408,0.003539827,-0.001975634,0.002846752,0.003832265,0.004871859,0.002316424,0.003510496,0.00316064,0.001852985,0.004084394,0.001064774,0.005667489,40.4,0.2,40.9,7.358193753,5.575949103,5.866468057,6.390240667,5.874930731,7.17472431,5.521460918,5.686975356,6.073044534,5.789960171,-0.006971119,-0.084482162,-0.010894911,0.008843453,0.003496829,0.010331126,-0.001325196,0.000672438,0.007009639,0.003766254,-0.007476239,-0.010379042,-0.000667292,-0.00116974,-0.002370444,0.000282343,-0.014768456,-0.017039694,0.067297378,-0.020540512,0.08,-0.08,0.04,0.05,0.02,0.02,0,0.01,-0.01,0.38,0,0.11,0.24,0.55,0.69,0.91,1.32,0.012261639,-0.000254562,-0.00014506,-0.001111848,-0.002314494,0.002980628,-0.002980628,-0.006525291,-4.69142E-05,0.016978337,-0.002797118,0.000644226,-0.002111933,0.006379591,0.004056801,0,0,0,-0.003210276,0,0,-0.000521534,-0.00202453,-0.00235923,0.00141381,-1.55002E-05,-0.003262509,0.004140793,-0.675650675,0.000996197,-0.005957632,-0.001818497,0.011673353,13.6898
0.004093511,0.004215042,-0.004203799,0.027147143,0.009372476,0.003697936,-0.004689424,-0.003761172,-0.011266663,-0.023660853,-0.005701902,0.00880473,0.015363047,0.020437055,0.011969383,0.004619539,0,-0.002958411,0.0889,30,-0.000858383,0.002349599,0.001654189,0.1,-0.3,0.004118864,0.021189185,-0.018368966,0.070244045,-0.099254958,0.031650611,0.004833147,0.006691344,0.00525971,0.001578034,0.007807416,0.010718892,0.003541462,0.0038833,0.001959699,0.003974069,0.001894821,0.002480072,0.005533368,40.4,0,40.9,7.28276118,5.438079309,5.793013608,6.317164687,5.837730447,7.142827401,5.484796933,5.700443573,5.993961427,5.780743516,0.001154565,0.060764519,-0.003535269,0.015580443,0.010599514,0,-0.000670081,0.000416123,0.007482824,0.000412407,0.019584829,0.02109082,0.005011897,0.000199244,0.003159155,0.000899025,0.017048959,0.017946415,-0.025910796,0.004510011,-0.05,0.01,0.03,0.07,0.1,0.03,0.01,0.01,0,0.44,0.08,0.23,0.39,0.63,0.75,0.97,1.37,0.007890484,-0.000138879,-0.003077141,-0.001149013,-0.00241277,-0.002980628,0,0.006525291,0.016704532,0,0.013709963,-9.33511E-07,-0.004228336,-0.006379591,-0.004056801,0.0028777,0.002567396,0,0,0.003044142,0.003169575,0.00080747,0.000726052,0.003748447,-0.001575227,-1.53788E-05,-0.006462041,0.004089706,0.437760806,0.000200952,-0.011142093,-0.003802043,0.010582387,10.5167
0.000589974,0.000654845,0.006526574,-0.013826856,-0.039420698,-0.013944258,-0.010402728,-0.013271423,-0.020030405,-0.109871877,0.013257692,-0.007923484,-0.019013691,-0.039466837,0.000944351,-0.01485394,0.00721354,0.006891648,-1.5742,1,-0.001915998,0.00024557,5.74878E-05,0,-0.1,0.029507492,-0.039038414,-0.015384919,0.028049304,-0.060488761,0.017226572,-0.001852214,-0.011092737,0.003763401,0.009103814,-0.015802674,-0.027767787,0.001535863,0.002845025,0.002805051,0.002952878,0.003630009,0.000707464,0.006010919,40.3,-0.2,40.7,7.329093736,5.583496309,5.92157842,6.390240667,5.669880923,7.114769448,5.407171771,5.707110265,5.97126184,5.749392986,-0.035686282,-0.015211061,-0.079090242,0.023341589,-9.08963E-05,0.020662251,-0.002541573,-0.003167568,0.003943311,-0.003295469,-0.012001018,-0.009666072,-0.002883586,-0.001152979,-0.004150266,0.000957925,0.017116785,0.016627728,-0.026074774,0.008044447,-0.09,0.11,0.04,0.04,0.02,-0.01,-0.01,0,-0.01,0.64,0.21,0.36,0.5,0.71,0.83,1.06,1.45,0.035012786,-0.000694686,0.000252826,3.59266E-05,-0.000743564,0,0.00297177,-1.06102E-05,-0.033547276,0,0.020953637,0.000320457,0.004228336,0.003189795,0,-0.0028777,-0.005134791,0.003838776,0,-0.003044142,-0.003169575,-0.000982169,-0.001719027,-0.002410374,0.000469289,-0.011757077,0.016092934,-0.024759801,4.895663978,-0.002875545,0.00597407,-0.000703731,-0.003578816,11.0924
0.00666708,0.007346159,-0.009139996,-0.0098086,0.009335065,0.030429284,0.029042741,0.031930665,0.036884325,0.128121529,0.002817467,0.033021215,0.030606904,0.054308244,0.003681985,0.02949397,-0.008120134,-0.004918402,2.2232,100,0.056717068,-0.000300149,0.002196431,-0.3,1.4,-0.094398395,-0.007611835,0.02082267,0.029352212,0.011481182,0.047622786,0.007168854,0.015245962,0.003911985,0.00809217,0.017232622,0.027558713,0.00229938,0.003066625,0.003135729,0.00318626,0.003320095,0.001766473,0.00344758,40.6,0.1,41,7.303843225,5.517452896,5.846438775,6.302618976,5.843544417,7.134093721,5.493061443,5.686975356,6.018593214,5.720311777,0.039312627,-0.005819045,0.084894346,0.010067839,0.006794427,-0.010331125,0.001866896,0.001632589,0.004001784,0.001482003,0.002815017,-0.002112029,0.000903073,1.55303E-05,-0.002337722,-0.000515318,0.006929384,0.006773664,0.003387781,-0.005652331,0.16,0.02,0.07,0.09,0.05,-0.03,-0.04,0.01,0,0.5,0.12,0.29,0.39,0.52,0.63,0.91,1.29,-0.015023337,-0.000324352,-0.001011688,0.000466929,-0.001302568,0,-0.005943541,-0.003252035,0.013366865,0,-0.02959435,0.001601683,0.002116403,0.003189795,0.00404041,0.002869442,0.005134791,-1.46799E-05,0.003200003,0,0,0.000863698,0.004147818,0.001013436,-0.000393561,0.011772456,-0.019272192,0.024828105,-4.996759523,0.00277847,-0.00994594,-0.002805573,-0.002693976,12.0087
0.009864637,0.009564891,0.00964028,0.045952882,0.045455219,0.011738181,0.012840511,0.01740503,0.020222069,0.057106663,0.005611231,0.01779067,0.012334934,0.015473391,0.012376471,0.018001108,0.009914604,0.005898736,1.1541,-7,-0.019341519,0.002439508,0.001132219,0.2,-1.3,0.046520016,0.009505775,-0.054609668,-0.086260344,-0.020761991,-0.066088702,0.003439036,0.0042355,-0.000976563,0.002167519,0.004957868,0.006461048,0.002752295,0.003031811,0.003884812,0.003658583,0.004754432,0.001410935,0.001820389,40.7,0.1,41.2,7.302496424,5.765191103,5.590986981,6.363028104,5.758901774,7.059617628,5.513428746,5.529429088,5.905361848,5.693732139,0.016037542,0.052299499,0.032367965,0.01181213,0.006658893,-0.041324504,-0.003139297,-0.000518036,0.005090196,-0.002041192,0.011916082,0.022698548,0.01567521,0.003063565,0.007001854,7.7917E-05,-0.01747388,-0.018429069,0.074986662,-0.026602966,0.33,0.15,0.2,0.14,0.11,0.05,0.03,0.01,0,0.32,-0.01,0.1,0.17,0.24,0.33,0.59,0.96,0.018570238,0,-0.005439284,0.002080569,0.000651496,0,-8.85775E-06,0.003241494,-0.006700174,0,-0.013065121,-0.001607037,-4.4697E-06,0.006318993,-0.00404041,-8.21015E-06,-0.002567396,-0.003824096,-0.003200003,0.003034904,0.00315956,-2.07196E-06,-0.000851661,-0.00010923,0.000467879,0.003883262,0.016010352,-6.83037E-05,-0.644180683,-0.001574161,0.009369091,0.014465497,-0.005100346,12.873
0.006249709,0.001793844,0.007068128,-0.010367665,0.007313527,0.010714049,0.010880904,0.010842033,0.014453874,0.016936116,0.013895934,-0.001684484,0.011317297,0.012721427,0.015437093,0.011529488,0.000897654,0.003913996,0.5961,28,0.021480562,0.001414639,0.002617821,-0.1,-0.5,-0.027897504,0.03257617,-0.096112334,-0.094409684,-0.097877575,-0.063113407,0.002722599,0.003078148,0.000162827,-0.000618812,0.004256507,0.004663463,0.003657983,0.002540652,0.001516045,0.00295848,0.004829939,0.002464356,0.004033483,40.8,0.2,41.3,7.215975003,5.192956851,5.697093487,6.455198563,5.509388337,7.142036575,5.398162702,5.823045895,6.040254711,5.65248918,0.003737874,0.034030778,0.011618118,0.021571093,0.008573012,0.020662252,0.000618969,0.000193528,0.00564994,0.000818426,-0.017737971,-0.026514605,-0.010598374,-0.001955346,0.002242149,0.001078848,0.025401178,0.025926348,-0.055325524,0.015980503,0.05,0.08,-0.03,-0.01,-0.08,0.01,0.01,-0.01,-0.01,0.35,-0.09,0.04,0.04,0.2,0.29,0.53,0.9,0.01639716,0.00097274,-0.000682239,0.000250811,-0.000744602,0,0.008933027,-0.003241494,-0.006768043,0,0.005221944,-0.00032128,-4.45086E-06,-0.003219459,0,-0.002861232,0.005115101,0.003809528,0.003189795,-0.003034904,-9.95139E-06,-0.000346597,-0.001352166,-0.000427826,-2.4437E-06,-0.00392904,-0.015989872,-0.004140514,0.806435584,-0.000791067,-0.002677391,-0.016558089,-0.010828317,10.0894
0.000587709,0.005463204,0.015811845,0.003499271,0.006306974,0.006199117,0.008082125,0.006268488,0.00268615,0.013345933,-0.001840446,0.016684487,0.003458174,0.004202935,-0.000666824,0.006156684,0.00178965,0.003898736,0.124,98,-0.00076436,0.00390705,0.0018555,0.2,0.4,0.069484755,-0.001833181,0.147462901,0.227096126,0.057444006,0.015588986,0.003635362,0.002129293,0.0001628,-0.001858737,0.002827639,0.00443597,0.000456308,0.004405405,0.005455551,0.003292184,0.00487174,0.001756544,0.003716543,40.7,0,41.3,7.267525428,5.505331536,5.648974238,6.390240667,5.726847748,7.077498054,5.38907173,5.598421959,6.001414878,5.676753802,0.000528188,-0.009412467,0.002782936,0.015897982,0.004701717,0,-0.001248432,0.000189469,0.006781665,0.002747617,-0.021790937,-0.02512657,-0.001302048,-0.000913816,-0.003069524,0.001612968,0.007288746,0.006568887,-0.002017731,-0.001844987,0.08,0.02,0.12,0.06,0.09,0.05,0.02,-0.02,-0.02,0.29,-0.05,0.02,0.05,0.17,0.23,0.43,0.8,0.018494714,0.002035059,0.000933854,0.001360447,0.001767525,0.00297177,-0.005952399,0,0.023586347,0,-0.002621233,-0.000959539,-0.002107482,-0.009429049,0.00402415,-0.002861232,-0.00766938,-1.44574E-05,-0.003189795,0.003025721,-0.003149609,-0.000689856,-5.22941E-05,-0.001809374,-2.43608E-06,-1.50232E-05,0.028577713,-1.66599E-05,0.886441592,-2.78966E-05,0.003143253,0.004094789,-0.000994281,13.6392
0.00478632,0.004898188,0.003106006,0.017539313,-0.009978948,0.013152668,0.011562787,0.012423523,0.008904314,0.026972304,0.000921668,0.013143302,0.015412189,0.024038993,-5.31878E-05,0.012194125,0.011560114,-0.001946349,0.5543,29,0.048221474,0.001244875,0.004439203,-0.4,-0.6,-0.023803736,-0.057590239,-0.143686937,-0.148577808,-0.137700961,-0.012790221,0.0033889,0.00375235,-0.005222796,0.004948974,0.003798559,0.004313893,0.003036747,0.003203231,0.003342528,0.004134143,0.001770099,0.002103788,0.003602886,40.8,0.1,41.3,7.260522598,5.680172609,5.726847748,6.249975242,5.723585102,7.099201744,5.525452939,5.533389489,5.96870756,5.755742214,0.006958329,0.024290531,0.014640796,0.013481667,0.011352258,-0.010331126,0.002478307,-0.000276214,0.005508059,-0.002658224,0.023045472,0.027819396,0.003927952,0.002168647,-0.002427196,0.000398154,0.000921765,0.001199629,0.016507875,-0.011132032,0.06,0.11,0,0,0.03,0,0,0.01,0,0.34,-0.11,-0.04,0.02,0.11,0.17,0.38,0.74,0.008649871,0.003551419,0.004320999,-0.000966443,0.0050065,-0.00297177,0,0.003231021,-0.010129316,0,0.005242467,0.00095862,0,0.00313972,-1.61289E-05,0.005722465,0.00255428,-0.003795071,0.003179653,-0.003025721,0,0.000917586,0.000242663,0.003031035,-0.000547154,-1.49075E-05,-0.019058022,-1.65247E-05,-0.88750079,0.000718757,0.002675387,0.000202453,-0.00055137,10.3866
0.004135427,0.003674632,0.007063423,0.015366346,0.008373359,0.004343971,0,0.00176134,-0.002662306,-0.00161261,-0.002767555,0.008938924,0.010143306,0.008968622,0.020748679,0.006041751,0.027899959,-0.00292889,0.0099,34,-0.006756377,0.003765771,0.00275037,0.1,-0.6,0.026096001,-0.010747539,0,-0.02081,0.02476055,-0.005163945,0.004257378,0.001231254,-0.000818532,-0.012731114,0.003966927,0.006537974,0.000151596,0.005800174,0.008142285,0.003267866,0.008417735,0.001749782,0.004087539,40.6,-0.4,41.2,7.271008538,5.598421959,5.84932478,6.333279628,5.552959585,7.057897937,5.407171771,5.703782475,5.929589143,5.572154032,-0.004943261,0.013793322,-0.014187066,0.016158272,0.005323572,0,-0.000630896,-0.001418873,0.002814769,-7.66017E-05,0.008024795,0.005603741,-0.001845993,0.000339049,0.004012339,0.001108127,0.013043663,0.014391851,-0.015322511,0.001551458,0.05,0,0,-0.01,-0.02,0,-0.01,0.01,0.02,0.29,-0.16,-0.1,-0.05,0.06,0.11,0.34,0.71,0.029374578,4.60395E-05,0.003651599,0.001359911,-0.001851338,0.008862687,0.008862687,-1.04059E-05,0.009906325,0,0.007795527,0.001274592,0.00210305,0.00313972,-0.004008021,-0.002861232,-0.002560821,0.003780723,-0.003179653,0,0.00313972,0.000227264,-0.000486251,0.000365333,0.00046543,-0.003853569,-0.012549115,-0.004056801,1.665009899,-0.001272484,0.007835864,0.00780267,-0.001976496,10.1737
0.005497179,0.006414859,-0.000924235,-0.016802867,0.01538525,0.007777503,0.010552454,0.010506559,0.006203287,0.007241917,0.005525435,0.014457884,0.004195928,0.004858764,0.005863228,0.007717065,-0.017344458,-0.004899123,0.1626,98,0.060803256,0.003201208,0.005661178,-0.2,-0.3,-0.045076405,0.024261258,-0.078369067,-0.105879861,-0.047296715,-0.024838712,0.003859186,0.006231467,-0.0003276,0.021333318,0.003587175,0.004774248,0.001817356,0.002650333,0.00041365,0.003765205,0.003613504,0.002793298,0.004269056,40.8,0.4,41.3,7.298445102,5.638354669,5.860786223,6.335054251,5.638354669,7.095893221,5.529429088,5.733341277,5.942799375,5.579729826,0.011319946,-0.027378504,0.020147286,0.014339063,0.005987782,0.010331126,-0.004944761,-0.001168781,0.000720461,-0.001138015,-0.011922275,-0.010389313,-0.003302302,-0.001404268,-0.003374295,0.000258184,0.014781651,0.01714906,-0.020464831,0.00677552,0.01,0,-0.04,-0.04,-0.01,0,0.01,0.01,0.01,0.28,-0.21,-0.15,-0.07,0.05,0.11,0.34,0.71,-0.0029792,0.000667334,0.000869857,0.000321814,0.000277919,-0.005925828,-0.005925828,-0.003220615,-0.000173145,0,0.012631635,0.000948464,-4.41354E-06,-9.827E-06,0.003992021,0.002853069,-6.57464E-06,-0.003780723,0,0.006024115,-0.00313972,0.000683247,0.001753276,0.000520744,0.000385792,0.011472401,0.025068994,0.00806456,-0.507454773,-0.001501408,-0.000912826,-0.001372236,-0.002572265,13.1082
0.002895785,0.002944341,-0.008356779,0.010148432,-0.006005251,0.007714396,0.005236273,0.006947743,0.002645864,0.008782129,0.000918284,0.014251829,0.011657074,0.01363358,0.011462194,0.005959438,0,0.007828013,0.0088,24,0.016914994,-0.000725426,-0.000126708,0,0.5,-0.00841857,-0.033141435,0.065726674,0.079842888,0.050010421,0.003448279,0.003267815,0.003808041,-0.005256254,0.00305437,0.004662295,0.006666018,0.001663013,0.002991924,0.003138164,0.004492871,0.003153138,0.001045478,0.003362677,40.7,-0.1,41.2,7.305188215,5.65248918,5.929589143,6.324358962,5.598421959,7.123672785,5.552959585,5.730099783,6.03787092,5.545177444,-0.002716802,0.014068539,-0.013853767,0.012860809,0.007413188,0.010331126,0.004940944,0.002943119,0.002733028,0.002671465,0.01227482,0.011720505,0.006633014,0.001004772,0.001066582,0.000726566,-0.048655765,-0.048689842,0.168158269,-0.062993574,-0.06,0,-0.09,-0.09,-0.04,0,0,0.02,0.04,0.34,-0.24,-0.18,-0.05,0.11,0.17,0.42,0.81,0.017777891,-0.003087276,-0.00191955,-0.001717537,0.002682579,-8.59989E-06,0.00291111,0.003210276,0.012570349,0,-0.01799788,0.000939426,-4.39505E-06,-0.006259786,-0.003992021,0.002828764,-6.60849E-06,0,0,-0.003025612,0.00625002,0.000678682,-0.008670579,0.006441096,-0.000933123,-0.011472401,-0.006376135,-0.00806456,-3.296353443,0.003181857,0.004622711,0.001799878,0.010198591,20.7568
0.006699754,0.006749108,0.012487201,0.017998772,0.01617447,0.009349276,0.007801855,0.006036014,0,0.007129944,-0.002757386,0.017146619,0.00906565,0.011885064,0.008324016,0.015164537,-0.012324564,0.015474558,0.8392,12,0.023349788,0.004679139,0.006105925,-0.2,0,-0.001208459,-0.050823945,-0.140461933,-0.149763833,-0.130053128,-0.046804337,0.004488183,0.004327432,0.002795825,-0.009191241,0.006922942,0.008420258,0.004671849,0.004570301,0.002635048,0.003096082,0.003159157,0.003129893,0.007181889,40.7,0,41.2,7.332369206,5.488937726,6.049733455,6.406879986,5.552959585,7.120444372,5.480638923,5.843544417,5.996452089,5.521460918,-0.002867312,0.031651222,0.01634976,0.012682852,0.008891987,-0.010331126,0.001832684,-0.000497935,0.007299302,-0.00052195,-0.004277958,-0.001980116,-0.007839243,5.67765E-05,-0.000965169,0.000321382,-0.001529862,-0.00299817,0.024331513,-0.00920392,0.05,0,0.04,0.04,-0.01,0,-0.01,0.02,0.03,0.29,-0.25,-0.19,-0.11,0.06,0.11,0.39,0.79,0.019116546,-0.002287035,0.001412133,-0.000465674,0.001107931,-0.00585652,-0.00584797,-0.003210276,-0.038381456,0,-0.012635887,-0.00507062,-0.004188483,0.003129893,0.00793655,-0.005681833,-6.6426E-06,0.003766483,0,-0.002998503,-0.009370148,-0.002168633,0.006963736,-0.009509645,0.000773189,-0.003809528,-0.021657696,0,0.962263652,-0.001015527,0.002880907,-0.002700093,-7.05898E-05,14.4243
0.004178624,0.005301406,0.007296273,-0.014301499,0.003169977,0.004222329,0.000863794,0.000857534,-0.000881177,-0.010314278,0.002757386,0,0.00979553,0.012519204,0.006867329,0.000835232,0.006179672,0.002875558,-0.4466,85,0.037388793,-0.001941397,-0.001372338,0,0.3,-0.025100797,-0.0200112,0.070650842,0.123030771,0.009216655,0.115633316,0.004337478,0.005564037,0,0.01648389,0.003772347,0.006070576,0.000300661,0.003710396,0.002792151,0.001846351,0.002084677,0.002081166,0.006838635,40.6,0,41.1,7.266827348,5.560681631,5.826000107,6.398594935,5.446737372,7.13009851,5.564520407,5.768320996,5.983936281,5.602118821,0.002617782,0.008898364,-0.000175036,0.011249663,0.008476063,0.010331126,-0.000634776,0.000184373,0.007458745,0.000388931,-0.020459206,-0.022217799,-0.002425613,0.000689626,-0.002998472,0.000325065,0.018436928,0.019383867,-0.037249292,0.01058206,0.03,0,0,0.05,0.09,0.05,0.05,0.01,0,0.26,-0.28,-0.17,-0.05,0.08,0.13,0.37,0.76,0.006060149,-0.001434953,3.6154E-05,-7.16615E-05,-0.004717208,0.00585652,0,0.003200003,0.022308477,0,0.007585371,-9.0244E-07,0.004188483,0,-0.00793655,-0.002836881,-0.002600712,-0.003766483,0,-0.002998503,0.003120127,-0.000512478,0.00171404,-0.002616731,0.000383247,0.011414128,0.021686452,0.004008021,0.3869176,0.000698582,-0.001057864,0.003319665,-0.00103583,9.7061
0.024199372,0.006473988,0.016577827,0.007323247,0.002655037,0.002524866,0.009446869,0.013655408,0.014879806,0.018176363,0.012762185,0.01914367,-0.008155736,-0.00702628,-0.003544797,0.002504734,0.032903347,-0.016403767,-0.2922,98,0.040131625,-0.001528991,-0.00106556,-0.1,0,0.008642029,-0.088947486,-0.001365188,-0.076764016,0.08497056,-0.079468188,0.004269959,0.003948577,-0.009073724,0.005133637,0.004174873,0.005047267,0.002851784,0.004434379,0.003520122,0.003749335,0.003950536,0.002768168,0.006502037,40.6,0,41.1,7.301147806,5.627621114,5.888877958,6.350885717,5.59471138,7.112327445,5.575949103,5.723585102,5.998936562,5.537334267,0.006124554,-0.029061984,0.011507406,0.017851334,0.003286289,0,0.00241185,0.001739023,0.006067894,-0.000658928,0.021653869,0.022699852,0.004755459,0.000588785,0.002586171,-0.002535957,0.032868143,0.034835525,-0.080168869,0.025343795,-0.11,0,0.08,0.12,0.13,0.05,0.04,0.03,0.03,0.37,-0.09,0.06,0.19,0.24,0.28,0.51,0.9,0.019032356,-4.63231E-05,3.61527E-05,0.002111858,-0.001855977,-8.54968E-06,0,-0.003200003,-0.012749104,0,0.005063302,0.003166663,-0.002094242,0,0,0.002836881,0.005181359,0.00375235,0.003169575,0.005997006,0.003120127,0.000227454,-0.001119258,0.000781604,0.000149749,-0.003823877,-0.006220726,-1.60001E-05,1.59771847,0.001407677,-0.019977459,-0.010525351,0.006946018,12.0234
-0.004334105,0.011125379,0.013861355,0.015207655,0.025472468,0.010033191,0.010202497,0.00843822,0.005199919,0.009352015,0.002712976,0.014299665,0.010588915,0.001566805,0.013892312,0.008299839,0.01940311,0.008716422,0.2307,90,0.048553565,0.004499807,0.005721055,-0.1,0.2,-0.059511228,0.067441281,-0.085522173,-0.112477983,-0.057819571,-0.042385881,0.003701063,0.004172368,0.008416586,0.006006024,0.003683245,0.003055544,0.004635522,0.003459914,0.003263444,0.003169258,0.003461715,0.003449469,0.003861754,40.7,0.2,41.2,7.280697195,5.521460918,5.897153868,6.33150185,5.624017506,7.153833802,5.609471795,5.720311777,6.104793232,5.533389489,0.008073522,0.050348264,0.0161273,0.022421612,0.004029894,-0.010331126,0.000558038,-0.001392554,0.005891446,0.004447701,0.002073284,0.005593484,-0.003870528,-0.001147206,-0.001780533,0.001789509,0.02223912,0.023630934,-0.043570141,0.011370406,0.07,0,0.11,0.12,0.1,0.09,0.06,0.04,0.02,0.3,-0.05,0.11,0.22,0.26,0.27,0.48,0.85,0.014877764,0.000532586,-0.000181053,0.002285797,-0.001208235,-8.4999E-06,0.00581397,0,0.01583805,0,-0.010126604,-0.001267926,0.002089865,-0.00313972,0.003944778,0.002836881,0,-1.40275E-05,-1.00145E-05,-8.96415E-06,-9.70492E-06,-0.000113901,-0.007882444,0.003513781,-0.000389415,-1.424E-05,0.003053322,-1.58729E-05,1.573731305,-0.001250213,0.005539959,-0.002741119,0.020312546,10.8908
0.007391142,0.007030355,-0.000380108,0.017224095,0.011990356,0.004149222,0.009263904,0.009201748,0.005170849,0.006959064,0.006304456,0.018512281,-0.004059643,-0.008637642,0.002027661,0.004121053,-0.020253307,0.022880494,-0.141,192,0.083120678,-0.000548,0.000404409,-0.1,-0.4,-0.001305483,-0.027549952,-0.041008024,-0.005970167,-0.077318248,0.005857233,0.004510374,0.006012042,0.003936367,0.007457156,0.005794376,0.00706093,0.003871357,0.003740881,0.002765578,0.001497729,0.003905701,0.002063984,0.005573186,40.7,0.1,41.3,7.286191715,5.66296048,5.973809612,6.270988432,5.525452939,7.17472431,5.631211782,5.730099783,6.049733455,5.686975356,0.002521326,0.010434734,0.004507785,0.016660036,0.006347636,-0.020662252,-0.003047169,-4.69142E-05,0.003699442,-0.0044854,-0.012290912,-0.013164935,0.000527115,-0.000417367,-0.000859998,-0.00043758,0.008281621,0.008400828,-0.002481717,0.000162423,0.02,0,0.06,0.05,0.07,0.12,0.1,0.04,0.02,0.28,-0.01,0.14,0.27,0.36,0.35,0.5,0.85,0.016225294,0,-0.002135361,0.000214026,-9.30016E-05,-8.45055E-06,-3.36069E-05,0.003189795,-0.003268657,0,0.010126604,0.00220626,-4.35843E-06,0.00627944,-1.55002E-05,-8.02513E-06,0.002594035,-1.3923E-05,-0.00315956,-0.002989539,-0.003110422,0.001362901,0.008286503,-0.000526485,0.000533754,-0.003766483,-0.003081551,-0.003976148,1.109931676,0.001385867,-0.002607988,0.002809742,-0.025428955,10.8016
0.005298403,0.005367222,0.002025574,0.008521265,0.003561171,0.012351269,0.012495079,0.010762925,0.006001215,0.020586018,-0.000898491,0.021052624,0.011326972,0.011758806,0.011304989,0.015516303,0.003402624,0.001884366,0.8658,64,0.034823153,0.003949568,0.00470144,-0.1,-0.3,-0.064059646,-0.0433858,0.021473218,0.09149234,-0.059620303,-0.053100901,0.005212451,0.006165248,-0.00163827,0.012110619,0.005233305,0.006914377,0.002671417,0.004723306,0.004053183,0.002889264,0.006767261,0.001716739,0.006018647,40.8,0,41.3,7.412160335,5.823045895,6.11146734,6.453624999,5.446737372,7.181591945,5.609471795,5.940171253,6.089044875,5.398162702,0.016255993,0.022668095,0.014698019,0.019049745,0.006638478,0,0.002369003,0.000825182,0.004518446,0.003029066,0.035792579,0.033940548,0.010061017,-0.001768554,-0.000575183,-0.000516104,-0.004568205,-0.003679481,0.035218601,-0.016761453,0.22,0.27,0.29,0.31,0.35,0.26,0.17,0.08,0.07,0.33,0.06,0.23,0.4,0.4,0.3,0.36,0.7,0.011706119,-0.000532586,-0.001011798,-0.000570837,0.000743771,0.002877603,-3.32207E-05,-0.003189795,0.009129307,0,-0.017769953,-9.92007E-06,-4.34029E-06,-9.827E-06,-0.003929278,-7.97986E-06,-6.71161E-06,-0.003724399,0.003149609,0.005952399,0.003100778,0.001921594,0.006146672,0.003180928,-0.000311841,0.00375235,-0.003053437,0.003960401,-0.91072549,-5.76391E-05,0.0021716,0.010438635,0.009420618,12.5131
0.002491805,0.002119885,0.006387381,-0.004907294,0.006603076,0.009771753,0.00824415,0.011467075,0.005115695,0.00301396,0.005374914,0.019916579,0.013583019,0.020825569,0.004065117,0.009677485,0.008462362,0.015865776,0.3453,29,0.024442982,0.001237698,0.001885485,0,0.5,0.058820603,-0.097997568,-0.056177016,-0.094490843,-0.010291686,0.042744316,0.003316009,0.002974155,0.001474564,-0.007958775,0.005381074,0.007541368,0.002072846,0.00349159,0.003392024,0.003509008,0.00173144,0.002056204,0.003992401,41,0.1,41.5,7.222566019,5.627621114,5.828945618,6.184148891,5.590986981,7.189167738,5.717027701,5.823045895,6.063785209,5.533389489,0.004403953,0.029950488,0.013915513,0.028335384,0.007005426,0,0.001140458,-0.001572101,0.005119347,-0.003738125,-0.030138435,-0.029689802,-0.008641525,0.003406884,0.005409146,0.001207139,0.017184968,0.019268419,-0.029090294,0.007770013,0.1,0.17,0.21,0.16,0.16,0.14,-0.01,0.06,0.04,0.4,0.17,0.29,0.46,0.44,0.19,0.32,0.64,0.014029002,0.002590795,-0.000216551,0.000642169,-0.001022828,-0.005780363,-0.00288591,0,-0.006360843,0,0.017808703,-0.002203185,0.002068217,-0.006259786,0.003913899,-7.93497E-06,-0.005174647,0.003710579,-0.003149609,-0.005952399,-9.58511E-06,-0.002495329,-0.014373885,-0.000746361,-4.27277E-06,-1.40275E-05,0,-1.56229E-05,0.842221435,-0.002865107,-0.007941014,-0.017925669,-0.007404109,10.8483
0.004909352,0.005107199,0.006679773,0.007350525,0.002965221,0.006463792,0.003278155,0.003253566,0.002549138,-0.001504537,0.005348151,-0.002820017,0.011052873,0.014401868,0.00677861,0.006402067,0.017536124,-0.013987111,0.0514,68,0.08657894,-0.003090451,-0.000886844,-0.2,-0.7,-0.011889176,-0.024756965,-0.047667199,-0.027398974,-0.071458964,-0.034976851,0.004276921,0.004749709,-0.002130624,-0.012807323,0.008422692,0.010539525,0.005163396,0.004034065,0.002576698,0.003529668,0.001417236,0.001026518,0.006618784,41.2,0.1,41.7,7.228388452,5.398162702,5.84932478,6.349138991,5.468060141,7.055312843,5.455321115,5.758901774,5.945420609,5.420534999,0.013952521,-0.004274175,0.00010897,0.022295582,0.01208178,0,-0.004764994,-0.000467117,-0.000621225,0.00161524,-0.029084449,-0.033166997,-0.001913073,0.000503697,-0.003679513,-0.000246952,-0.006773855,-0.004530133,0.041533761,-0.022468678,0.18,0.06,0.06,0.11,0.06,0.12,0.22,0.04,0.06,0.28,0.05,0.22,0.34,0.38,0.23,0.18,0.52,0.008554357,0.001085212,0.002313455,-0.000499429,0.001487404,0.008608375,0.00567367,0.006349228,0.00580635,0,-0.007649824,0.005312457,-0.00208113,0.006259786,-0.003913899,0.002789314,0.002587324,-0.003710579,0.00313972,0.005917177,-9.52603E-06,0.003040808,0.011574326,0.003134996,7.19847E-05,0.003696656,0.015128882,0.003898399,-0.572553596,-0.00188982,-0.000151393,7.01411E-05,-0.014152162,12.9332
0.005361015,0.005487886,0.007750852,0.018226598,0.017333794,0.013592647,0.010583905,0.009691808,0.007604405,0.007507936,0.007087316,0.019575133,0.017889737,0.016418228,0.017161316,0.013466015,-0.001659213,0.002813547,0.6776,186,0.03808378,0.001613022,0.000748327,0,-0.1,0.011889176,0.07127698,-0.018692133,-0.028170877,-0.007434978,-0.146739644,0.006286334,0.009339316,0.003112461,0.025160421,0.006457587,0.008352364,0.003525268,0.004713927,0.003131401,0.002992095,0.004503113,0.004095569,0.007604599,41.2,-0.1,41.6,7.239932591,5.549076085,5.894402834,6.298949247,5.438079309,7.118016204,5.609471795,5.840641657,5.978885765,5.402677382,-0.000937851,0.04238924,0.008929763,0.030243036,0.009529265,-0.010331126,0.002340106,-3.13181E-05,0.002413711,-0.001173266,0.024577737,0.023846661,0.001834714,-0.002956585,-0.000458596,-0.000148128,-0.041973447,-0.041932489,0.150145287,-0.053977322,0.05,0.33,-0.06,-0.04,0.03,-0.06,0.04,0.14,0.2,0.56,-0.06,0.13,0.32,0.27,0.22,0.27,0.67,0.02941423,0.001614094,0.000579254,-0.002608216,-9.2898E-05,-0.008608375,-0.008534902,-0.003189667,-0.023916954,0,-6.50773E-06,-0.003141571,-4.26884E-06,-9.76567E-06,0.00778214,-0.002812853,0.002587324,0.003696862,-0.00313972,-0.002971667,-9.4675E-06,-0.001755336,-0.003840054,-0.002250595,-0.00053722,-0.007434978,-0.012130379,-0.007843177,-1.02238157,-0.001173774,0.005582876,0.002400056,-0.003719517,16.8573
-0.000839132,-0.000375352,0.000536602,-0.006087292,-0.013699387,0.00158773,0.004844337,0.007209887,0.003360321,0.018525593,-0.001767616,0.007588366,-0.002314854,0.010307159,-0.002603411,0.005491841,0.002484787,0.005601318,-0.0468,-131,-0.021846457,0.003497042,0.004450656,0,-0.3,0.025924978,-0.220383237,-0.013817146,0.028170877,-0.065534041,-0.029713623,0.003853813,0.002460368,-0.061555297,-0.007923739,0.006701632,0.008845451,0.00336676,0.004572394,0.004399479,0.002295535,0.002414002,0.002041511,0.006246815,41.2,0.2,41.8,7.209340257,5.484796933,5.837730447,6.270988432,5.476463552,7.043159916,5.501258211,5.673323267,5.976350909,5.370638028,0.005314891,-0.019370518,-0.000109923,0.022063457,0.008164617,0.020662252,0.002303139,-0.00109582,0.001376652,0.002303131,0.016197938,0.016858168,5.34038E-05,-0.000358671,-0.003376124,0.000163393,0.030144126,0.032402814,-0.074679593,0.015057545,0.02,0.17,0.03,-0.04,-0.07,-0.09,-0.12,0.04,0.09,0.71,-0.05,0.07,0.23,0.16,0.08,0.29,0.74,0.004865352,-0.002699306,0.000869494,-0.000644169,0.000742942,0.002853069,0,-9.95139E-06,-3.56433E-05,0,0.00255428,-9.65673E-06,0.002051248,-9.70492E-06,-0.003913664,-7.75913E-06,-0.002587324,0.003656112,0.00625002,0.002919609,0.003044028,0.001057204,0.003056595,-0.001349952,0.002274659,0.007380107,0.0089064,0.00778214,0.035393422,-0.003269119,0.003406927,0.004140298,0.016908345,13.0255
0.003283876,0.003373106,-0.009369886,-0.013552382,-0.017331595,0.009470963,0.007225566,0.006364476,0,-0.016286491,0.006171085,0.012978763,0.011524009,0.005845859,0.009029901,0.007016053,0.009057432,0.008344646,0.0963,31,-0.037106418,0.001445767,-0.000179302,0.1,-0.6,0.042586272,0.22894598,-0.073974202,-0.263290619,0.127036241,0.07108641,0.004325708,0.004948788,0.0568008,-0.010068193,0.006146511,0.0074669,0.004083424,0.004004582,0.002471204,0.00366193,0.005625482,0.002376508,0.005746077,40.8,-0.1,41.5,7.142827401,5.318119994,5.752572639,6.265301213,5.38907173,6.982862751,5.455321115,5.616771098,5.910796644,5.298317367,-0.011786589,-0.012097693,-0.026251716,0.018130577,0.012516998,0.020662252,-0.010510317,-0.002781576,-0.000412797,-0.002404545,-0.018320285,-0.017736918,0.001263018,-0.001717793,0.001413742,0.000102266,-0.054055091,-0.055715382,0.18877739,-0.062324734,0.23,0.01,0.02,0.07,0.03,0.06,0.03,0.02,0.07,0.49,-0.26,-0.09,0.03,-0.01,-0.12,0.08,0.58,0.032716237,-0.002799275,-0.000434653,-0.000393863,-0.000278539,-0.002853069,-0.002836881,0.003120004,-0.003061794,0,-0.00770222,-0.000936524,-0.002063949,-0.006220845,-1.49075E-05,-0.002781643,0.002580647,-0.003696663,-0.003139598,-0.005865119,-0.006116227,-0.002243541,-0.002652523,-0.004250061,-0.000619365,-0.007380107,-0.008950691,-0.00778214,-2.751550639,-0.001642597,0.001744335,0.000328431,-0.005888833,21.2684
0.004862027,0.005813699,0.002620797,0.020630497,0.022818032,0.004703467,0.005585546,0.007110156,0.004186693,2.58865E-06,0.005257143,0.009453743,0.006094615,0.005807145,0.005930278,0.004651164,0.017872407,-0.027140479,-0.1174,35,0.042447949,0.00264736,0.003827308,-0.1,-0.5,0.009762128,-0.052512064,-0.117081035,-0.016194686,-0.214409871,0.008984664,0.006243126,0.007858316,0.001642036,0.018284201,0.006108962,0.007503857,0.003921858,0.005409266,0.004369421,0.004396184,0.004768375,0.003385244,0.007457568,40.9,0,41.4,7.085064294,5.411646052,5.655991811,6.194405391,5.267858159,6.862757913,5.318119994,5.505331536,5.789960171,5.187385806,0.002223713,0.026154226,0.000172455,0.023983656,0.013294948,0,0.004664386,0.000633979,0.001375327,-0.002024482,0.007420458,0.00911013,0.014664417,0.004313968,-0.000195727,-0.000399949,-0.008331453,-0.007676128,0.046492861,-0.019386757,0.27,0.12,-0.14,-0.16,0.04,0.08,0.03,0.09,0.1,0.34,-0.67,-0.52,-0.2,-0.2,-0.36,-0.1,0.41,0.018933162,-9.2672E-05,0.000688458,-0.00089572,-0.000185736,-0.005714301,-8.0708E-06,-0.006269613,0.009049836,0,0.00253425,-0.00123925,-4.19915E-06,0.006220845,-1.4793E-05,0,-0.002580647,-1.33199E-05,-9.64474E-06,0,0.003044142,0.001280649,0.000823763,0.002250846,0.000591894,0.003669729,0.005856418,0,-0.428188794,0.002808113,0.005950976,0.004923589,-0.00742137,14.2204
0.004063131,0.004453937,0.008645527,-0.018483913,0.004193874,0.005456755,0.006343157,0.005495698,-0.001673842,-0.018835252,0.006101175,0.015995516,0.002274472,-0.001446255,0.010832363,0.004629631,0.010414854,0.021585837,-0.1159,4,-0.000217921,0.001175826,0.001167302,0,0,-0.004259209,0.037787871,-0.106530791,-0.116763148,-0.095745057,0.112683979,0.002974825,0.001189442,0.002785289,-0.000584624,0.001521427,0.00156776,0.001448646,0.003896431,0.001979807,0.00508841,0.00305451,0.004720171,0.00658258,40.8,-0.1,41.2,6.9902565,5.257495372,5.545177444,6.12905021,5.187385806,6.837332815,5.420534999,5.429345629,5.723585102,5.147494477,0.008597627,-0.023807484,-0.012344131,0.021536359,0.01035638,0.020662251,-0.009354381,-0.002974069,-0.002752548,0.004951669,0.017477084,0.017602319,-0.009488651,-0.004881187,-0.002125953,-0.000525467,-0.002559629,-0.002064208,0.031727036,-0.013539316,0.13,0.12,0.3,0.28,0.2,0.2,0.21,0.09,0.1,0.33,-0.5,-0.37,-0.13,-0.13,-0.28,-0.14,0.38,0.021780905,0.0002085,0.000362664,-0.000358513,-0.001487127,0.011428603,0.005689904,0.00623055,0.012048339,0,0.00516797,0.001232568,0.002034555,0.006163214,0.003794849,0.002773927,0.002574004,0.003603417,-9.58511E-06,0.00291971,-9.23869E-06,-0.000617753,0.001992394,-0.000614472,-0.001215402,0.003629574,-0.00881063,0.007722046,-0.297845182,-0.003526731,-0.004717709,-0.001223927,0.011622448,17.7957
0.004998053,0.00277367,0.001522791,0.022365681,0.011267614,0.000777512,-0.003166549,0.000783861,-0.003351873,-0.016098543,0.001735003,0.003962605,0.008296719,0.009379939,0.003227348,0.002308284,0.007143731,0.014747162,-0.3245,-39,-0.02301904,0.004084812,0.003917652,0,0.1,-0.011036286,0.022005778,0.083100539,0.172332999,-0.019324273,-0.082005794,0.003198562,0.004561635,0.006035415,-0.007631384,0.006845883,0.009081381,0.003323943,0.002495176,0.001660014,0.002163629,0.002649855,0,0.00291174,40.9,0.1,41.4,7.020190708,5.451038454,5.686975356,6.021023349,5.18178355,6.776506992,5.33753808,5.393627546,5.720311777,4.9698133,0.009106633,-0.022971646,-0.01707654,0.012383779,0.01093492,0,0.010536293,0.004240483,-0.00255287,-0.008069553,-0.038710116,-0.038257077,-0.015530064,-0.002209969,0.002506997,-0.000577998,-0.062366294,-0.062257275,0.23845601,-0.075583472,0.23,0.22,0.16,0.34,0.37,0.33,0.2,0.15,0.15,0.32,-0.57,-0.26,0.01,-0.03,-0.31,-0.22,0.3,0.023579884,0.002336855,-0.000108923,0,0.000279005,0.002796388,0.008454603,-0.003129772,-0.0090588,0,0,0.003984918,-0.004081638,-0.006201438,-0.003838554,-7.67339E-06,-6.60849E-06,-0.007246409,-9.52603E-06,0.00289426,-9.18278E-06,0.001937043,-0.002153339,0.006310012,-0.00030651,-0.003669534,0.00583092,-0.00388327,-2.217558155,0.002817502,-0.00281566,-0.000334737,0.006059604,24.379
0.006007535,0.002673922,0.009210618,0.002773738,0.002028003,0.009280517,0.00711137,0.007018748,0.003351873,0.006165279,0.002597833,0.011138387,0.009720949,0.01991572,-0.0007621,0.007649164,-0.008740755,0.003653058,0.1663,-65,0.018088536,0.000131491,0.001530013,-0.1,0.3,-0.04218441,-0.041981473,0.050430854,0.099163749,-0.014742282,-0.026215945,0.002121548,-0.001092896,-0.000976245,-0.007987027,0.000223664,0.003372992,-0.004772588,0.003777973,0.003233059,-0.000354902,0.000912118,0.00168039,0.005165628,40.7,-0.2,41.2,6.952728645,5.214935758,5.602118821,6.089044875,5.003946306,6.651571874,5.068904202,5.384495063,5.564520407,4.912654886,0.01183441,0.071791087,0.011361006,0.024009852,0.008707888,0.020662252,0.004069502,0.002303583,0.002828466,0.006158395,0.040495763,0.040176761,0.003652613,0.001975188,-0.004383413,-0.001339722,-0.035848847,-0.038822644,0.155589071,-0.041871474,-0.13,0.04,0.41,0.52,0.28,0,-0.04,0.18,0.26,0.49,-0.03,0.39,0.42,0.1,-0.22,0.09,0.69,0.009364336,0.000346592,0.000108923,0.000179273,0.000929454,-0.002876872,-0.008494504,-0.006201555,-0.005979078,0.016978337,-0.002594035,-0.003086306,0.006091389,-0.003072199,0.007504484,0.002743402,-0.002567396,0.007194276,-0.003081667,-0.002919612,-9.12738E-06,-0.000677006,-0.000244856,-0.003530607,0.00141363,0.00359048,0.002852202,0.003794849,-2.278396746,0.003298165,-0.013044911,-0.007017237,0.007240895,20.5795
0.00413554,0.004379591,-0.004410511,-0.012285366,-0.004294869,0.00690361,0.009405645,0.013120988,0.020704647,0.050178771,0.007757059,-0.003266694,0.004455579,0.007021311,-0.007821677,0.009859274,0.005572702,0.015377804,0.3716,6,0.002144389,0.001878428,0.001950103,0,0.2,-0.009043989,-0.016529302,0.012220111,-0.046520016,0.089895004,0.017852219,0.003243296,0.00195726,-0.00065136,-0.008051333,0.003906037,0.004358888,0.003184255,0.003903744,0.002751682,0.003221756,0.002231178,0.001677571,0.00576838,40.8,0.1,41.3,6.736966958,4.804021045,5.393627546,5.918893854,4.859812404,6.605297921,4.94875989,5.283203729,5.564520407,4.941642423,0.001385874,-0.032091099,-0.001592452,0.012041314,0.011618015,0.010331126,-0.011663209,-0.005276342,-0.002414044,-0.004512048,-0.017223409,-0.014958065,0.000314435,0.000448566,0.001930747,-0.000636291,-0.008777648,-0.013323841,0.02409749,-0.020375532,0.13,0.11,-0.02,-0.17,-0.24,-0.23,-0.17,-0.08,0.01,0.47,-0.18,0.09,0.05,-0.26,-0.52,-0.12,0.57,0.031538758,0.001661974,3.61213E-05,0.00082424,0.002968462,-0.008446759,-0.002805051,-9.64474E-06,-0.012093703,-0.016978337,-6.74652E-06,-9.32351E-06,-0.00205098,0.00306279,-0.003836834,-0.005509656,0,-0.003616454,0.006134989,-8.35314E-06,-9.07248E-06,-0.000505433,0.001010315,-0.002180634,0.000283451,-0.007220248,-0.011569127,-0.003838554,-1.014487806,-0.006127914,0.013065306,0.002632635,-0.013074871,23.922
0.006165885,0.003995309,0.002085165,-0.00053558,0.000352092,-0.00690361,-0.001562382,-0.00307085,-0.004928663,-0.030407331,0.005989628,-0.014482512,-0.014923969,-0.026218044,0.000885594,-0.010621268,0.008692391,-0.023615504,-1.4887,4,0.013105803,0.005379277,0.005963031,-0.1,-0.6,-0.027633337,-0.0051414,-0.062650965,-0.033522692,-0.099845335,0.043124709,0.002540945,-0.000136429,-0.004080639,-0.007814888,0.001391324,0.000543528,0.002741902,0.003911803,0.002352573,0.003756325,0.000818368,0.002678274,0.006807012,40.7,-0.1,41.2,6.867974409,5.192956851,5.356586275,6.013715156,5.068904202,6.601230119,5.135798437,5.241747015,5.525452939,4.836281907,-0.012692058,-0.034132219,-0.027527305,0.00360049,0.010452669,0.020662252,0.005829556,0.002726972,0.002414044,0.002985429,-0.012790574,-0.009211574,-0.002082969,-0.001882473,0.002002428,-0.000457923,0.04883338,0.04866822,-0.186390097,0.044529375,0.23,0,-0.03,-0.08,-0.04,0.09,0.15,-0.06,0.03,0.24,-0.44,-0.22,-0.22,-0.4,-0.6,-0.41,0.37,0.022623398,-0.003349855,-0.000181171,-0.000179125,0.002497804,0.002812941,-0.002805051,0.006220845,-0.003322185,0,0.010382922,-0.002135958,-0.00202631,-9.35204E-06,-5.52799E-05,0,0,0.003539646,-0.003081551,-0.002886005,-0.003007521,-0.00116112,-0.000646096,-0.000960197,-0.00142378,0.003590668,0.00864971,-1.43481E-05,3.29229235,0.005424452,0.003009853,0.001511177,0.007197581,16.5394
-0.000261653,-0.001279201,0.00159161,0.000467231,-0.007144289,0.002307427,0.003122326,0.00307085,-0.002475555,-0.010598171,0.00085328,0.01383058,-2.90943E-06,-0.005039075,0.00690302,0.004566211,-0.002363429,-0.005531159,-0.1047,-38,-0.069946345,0.000404565,-0.001504381,0.2,-0.2,0.05389165,-0.040768302,0.050430854,0.051672011,0.048790164,0.059308334,0.002779934,0.000909174,0.001470949,0.001206273,0.000944996,0.000905223,0.001008282,0.003734507,0.003050094,0.002656214,0.004157256,0.003670954,0.00471972,40.6,-0.3,40.9,6.897704943,5.187385806,5.488937726,6.013715156,5.075173815,6.610696045,5.017279837,5.170483995,5.65248918,4.875197323,-0.019290451,-0.002897645,-0.026613827,0.003748873,0.008737528,0.010331125,0.002326928,0.002699639,0.004879232,0.000275344,0.030091958,0.028958375,0.003037407,0.001283779,-0.001333482,0.000275232,0.004189262,0.004635003,-0.0230498,0.000802992,-0.36,0,-0.36,-0.47,-0.34,-0.36,-0.32,0.04,0.05,0.6,-0.44,-0.33,-0.2,-0.4,-0.56,-0.01,0.78,0.031758632,0.000532106,3.61265E-05,-0.000358346,0.000831217,-0.002820876,-0.002828767,-0.003110422,0.012194227,0,-0.010369464,0.00030298,0.00200197,-0.009169665,-0.003724196,0,-0.002567396,-0.007117468,-0.003053437,0,0.002998503,0.000546733,0.004127842,0.000201735,-0.000376542,-0.003590668,-0.002894262,-0.007561446,-0.377593544,0.001645637,-0.000673346,0.011261535,0.015138123,15.2928
0.009230995,0.008678555,0.004719101,-0.013455392,-0.049586258,0.004706607,0.010372719,0.007178762,0.009027261,-0.025276789,0.022913611,-0.007057249,-0.004207144,-0.001682197,-0.003099195,0.002980994,0.025411008,0.007101067,-0.1821,26,-0.011934999,-2.6096E-05,-0.000786974,0.1,-0.2,0.016301301,0.136546975,0.002047084,0.028370697,-0.033901552,-0.034461522,0.003169817,0.002223988,-0.000980392,0.003309767,0.001942772,-0.000271481,0.005455864,0.00365141,0.00202824,0.001756263,4.52567E-05,0.003325577,0.005227959,40.8,0,41.1,6.972606251,5.365976015,5.659482216,6.075346031,4.875197323,6.902742737,5.666426688,5.455321115,5.774551546,5.010635294,-0.011575865,-0.022886472,-0.003973439,0.002566541,0.010906026,0,-0.004076035,-0.00314625,0.003490166,0.001530974,-0.010584586,-0.009107669,-0.003903435,-0.000969591,0.000571471,-0.000834709,0.037644691,0.038331033,-0.118531195,0.034910786,-0.46,-0.27,-0.24,-0.33,-0.45,-0.3,-0.26,-0.19,-0.21,0.79,-0.22,-0.2,-0.19,-0.24,-0.36,0.26,1.03,0.018827975,0.001733163,0,0.000322517,-0.003329021,0.002820876,0.005633818,0,0.009321623,0,0.028164165,-0.001823524,-1.60643E-05,0.006116227,0.003642795,0,0.002567396,0.003539827,0.003044142,0.0028777,-0.005997006,-0.001922825,-0.009961761,-0.001312193,6.88838E-05,0.003577821,0.005689811,0.007561446,0.649396405,-0.004709709,-0.01461678,-0.023986165,-0.009671153,14.0279
0.0012189,-0.000211516,-0.003700169,-0.00384574,-0.010152371,-0.011407564,-0.006267844,-0.005973139,-0.013540225,-0.028179928,-0.007955335,0.001224756,-0.019197494,-0.028722595,-0.010739051,-0.011306825,0.004764127,-0.012178393,-1.4476,-31,0.00909091,-0.001540873,-0.00088269,-0.1,-0.1,-0.007490672,0.009324077,-0.063312279,-0.103032226,-0.009901071,0.091387752,0.000321015,-0.003178642,-0.003274933,-0.003611199,-0.003054625,-0.001630435,-0.005311907,0.002096992,0.000389575,-0.000223353,-0.000347021,0.003645406,0.003352747,40,-0.1,40.4,7.023758955,5.468060141,5.529429088,6.104793232,5.225746674,6.81014245,5.298317367,5.433722004,5.736572297,5.123963979,-0.009813408,-0.005996114,-0.029540885,0.002313898,0.004185315,0.020662252,0.006960247,0.004329951,0.004226607,0.000294396,-0.029132963,-0.033062897,-0.000190088,-0.001237928,-0.002420363,-0.000135995,0.033877869,0.037880423,-0.102151771,0.032435517,0.06,-0.35,-0.16,-0.15,-0.04,0.04,0.05,-0.17,-0.15,0.38,-0.44,-0.41,-0.29,-0.26,-0.37,0.03,0.82,0.004277527,0.001199899,3.6401E-05,0.001110097,0.001018377,-0.002828856,-0.002828856,-0.003110422,-0.025089329,0.010050336,-0.020539048,0.003642622,-1.59363E-05,0.006116227,-0.003683049,0,0.002567396,-1.24862E-05,-9.23869E-06,-0.0028777,0.005997006,0.001041912,0.003326954,0.001312346,0.000215654,0.003539646,-0.008559253,0.00373811,1.495311251,0.004705387,-0.007544271,-9.67235E-07,0.000297595,13.9889
0.006053049,0.003860659,0.005200727,0.007216746,0.010028171,-0.005653268,0.002694103,0.002707349,0.003205047,0.00918109,0.000646283,-0.001671726,-0.018671622,-0.022622972,-0.008647208,-0.005067576,0.015921592,0.009340631,-0.8787,-87,-0.020268636,-0.00252537,-0.002271414,0,-0.3,-0.006285376,0.008087855,-0.051407967,-0.00778214,-0.110348057,0.12984009,0.001557752,-0.003097529,-0.002134473,-0.008173195,-0.002115932,-0.002359776,-0.001728858,0.003905716,0.003499362,0.003249652,0.00594304,0.00462047,0.003868137,40.2,-0.1,40.5,6.962243464,4.8978398,5.598421959,6.150602768,5.209486153,6.86171134,5.147494477,5.513428746,5.869296913,5.198497031,-0.024767065,-0.015169984,-0.03360649,-0.004020612,0.005959022,0,0.003972187,0.002196742,0.009411356,0.003881889,0.00128326,0.006347697,0.003501777,0.000618269,0.002000758,-0.000470997,0.023306859,0.026532924,-0.065027839,0.01959922,-0.47,-0.14,-0.3,-0.37,-0.36,-0.2,-0.09,0.1,0.03,0.71,-0.27,-0.31,-0.18,0.01,0.01,0.6,1.32,0.030904921,-0.000784386,-0.001123526,0.000787064,0.001294618,0.002828856,-8.02513E-06,0.003110422,0.00919918,-0.010050336,-0.005037794,-0.003034904,-0.001997971,-0.006116227,-1.32232E-05,0,-0.002567396,-1.23984E-05,-0.003034904,0.002869442,-0.002998503,-0.000603718,0.002054688,-0.001211581,-0.000961411,-0.007117468,0.002836881,-0.007518832,2.093922377,0.003963111,0.007945105,0.003392262,0.002940326,13.7114
-0.000795143,0.000331081,0.009438218,-0.000654219,0.002522382,0.009387746,0.009421868,0.010844743,0.016924282,0.00768836,0.02038147,-0.000758952,0.009480089,-0.002227833,0.014955546,0.006484621,0.015583294,0.014215279,0.1393,31,0.008482774,0.005865273,0.006014096,0,-0.1,-0.024897552,0.030597288,-0.018519048,-0.007843177,-0.033901552,0.008591938,-0.000961854,-0.003519119,-0.004282662,-0.003959195,-0.00346195,-0.005558354,-0.000144207,0.000320968,-0.003655174,0.002350999,-0.007800892,0.00459922,0.003328665,40,-0.1,40.4,6.994849986,5.153291594,5.590986981,6.182084907,5.123963979,6.942156706,5.393627546,5.620400866,5.874930731,5.209486153,0.005217334,0.00730869,0.009020255,0.001116671,0.003929279,0,-0.013789268,-0.004548914,0.001885142,-0.009714093,0.016190421,0.011675592,0.006088412,0.00028106,-0.002109186,0.000114833,0.017075479,0.017373757,-0.054907744,0.014647727,-0.48,-0.41,-0.42,-0.33,-0.24,-0.03,0.05,-0.02,-0.02,0.78,-0.21,-0.16,0.06,0.46,0.54,1.06,1.78,0.014928809,-0.002033038,-0.000651737,0.001036547,0.000369583,0,0.005673763,0,-0.000165438,0,0,0.003025721,0.001974303,0.006079046,0.00359048,0,0.002560821,-1.23116E-05,0.003025721,-0.002869442,0,0.001094091,0.002173279,0.000252159,0.001317846,0.003539827,0.002812851,0.003738322,0.087791972,-0.005855492,0.00527622,0.003616245,-0.021211175,16.4203
0.00183957,0.001503534,-4.01453E-05,-0.000819197,-0.004553176,-0.008761766,-0.007268581,-0.009288275,-0.019503402,-0.014049609,-0.021810556,0.003741737,-0.011016706,-0.007804048,-0.008687475,-0.007117278,0.028738021,-0.002981226,-1.0449,-26,-0.021439114,-5.21003E-05,-0.000514466,0,-0.1,0.021739987,0.009994531,-0.026036974,0.038614836,-0.128617378,-0.109382111,0.002319089,-0.002888519,-0.002810151,-0.004587866,-0.002576311,-0.00155457,-0.00419106,0.004916262,0.005826391,0,0.009299873,0.004578164,0.003404779,40,0,40.4,7.173191742,5.323009979,5.926926026,6.216606101,5.407171771,6.981005741,5.318119994,5.624017506,5.973809612,5.308267697,-0.014965723,0.054891224,-0.034467795,0.01156551,0.002563556,0.010331126,0.01201233,0.005421423,0.01030523,0.004759891,-0.007493998,-0.007408103,-0.008040578,0.000700878,0.0010822,-0.000194176,0.017761295,0.020799208,-0.056126902,0.016296088,-0.11,-0.16,-0.24,-0.09,0.04,0.24,0.26,0.13,0.13,0.73,-0.34,-0.14,0.21,0.81,0.91,1.3,2.02,0.01232206,-0.00185181,-0.000108848,-0.000822001,-0.000184775,0.002828856,-8.02513E-06,0,0.025890329,0,-0.010101096,-0.003025721,-0.001986067,-0.003053325,-0.00362958,0.002743486,-6.54106E-06,-0.003502631,-9.12738E-06,0,0.002989539,0.000270271,-0.000336258,0.00201969,-0.000812471,-1.24862E-05,0.002765464,-1.3923E-05,2.109241143,0.006029745,0.002553884,-8.7232E-05,0.001117908,15.9175
0.003912679,0.00389864,0.005844224,0.007401015,0.029513689,-0.000126287,0.001141883,-0.000213871,0.002992331,-0.010880917,0.008303688,-0.005431116,-0.002068744,-0.007039635,0.001430135,-0.001424199,-0.018229538,0.017860226,-0.5415,-7,-0.024675337,0.006452766,0.005860051,0.1,-0.4,0.07492087,-0.024609743,0.011919092,0.029852963,-0.019802627,-0.01603455,0.001994383,-0.000826826,-0.002320187,0.000612933,-0.001122209,-0.002107096,0.000434373,0.00339296,0.001393297,-0.000222155,0.003021105,0.00520665,0.005215589,40.1,0,40.4,7.129297549,5.257495372,5.789960171,6.224558429,5.407171771,7.063903961,5.420534999,5.723585102,6.00635316,5.442417711,0.003019905,0.017483363,-0.018319218,0.013873822,0.001776389,-0.020662252,-0.001202193,-0.000702652,0.003588521,0.001337422,0.013830481,0.010771297,0.008151802,0.001470514,0.003122392,-0.00022435,-0.012607492,-0.009889082,0.039737742,-0.012596789,0.04,-0.02,-0.06,0.09,0.33,0.26,0.17,0.2,0.19,0.67,-0.44,-0.09,0.5,1.03,1.04,1.46,2.17,0.024498193,0.000139005,3.6192E-05,-0.00204005,-0.001571964,0.005610012,0.005610012,0.003110422,-0.003345091,0,0.012635952,0.006024115,0.001962679,-0.003025721,0.003552219,-7.50613E-06,-6.50773E-06,0.006968669,-9.07248E-06,0.005714301,-8.91071E-06,0.001303042,-0.00119903,0.002261535,0.001308907,-1.23984E-05,-7.0225E-05,-0.003724399,1.071410416,-0.000510748,0.006902923,0.006376145,-0.000534466,17.5138
0.005133048,0.004569013,-0.003558509,-0.006483164,-0.006952332,-0.002278715,-0.003467203,-0.005663354,-0.001455344,0.013313377,-0.007228422,-0.020311221,-0.000374657,-0.007921216,-0.009081634,-0.00406072,-0.020332282,-0.011773628,-0.7617,-59,-0.003147887,0.00250753,0.003252735,-0.1,0,-0.037063417,-0.02291051,-0.023981965,-0.041281659,0.006644543,-0.018269321,0.002081482,0.000505364,0.002485708,0.011877709,-0.001573211,-0.002847042,0.000434185,0.002860258,0.002780784,0.001807545,0.00311622,0.004210533,0.000866626,40.2,0.1,40.5,7.218176838,5.560681631,5.84932478,6.232448017,5.513428746,7.070724107,5.429345629,5.796057751,5.981414211,5.411646052,-0.001669504,-0.035513071,-0.019855335,0.007940188,0.003826264,0.010331126,-0.00117628,-0.001078501,0.005556672,-0.001069391,0.013884752,0.014422618,-0.000753025,-0.000414328,-0.002299786,-0.000786567,0.017133362,0.017989531,-0.046709861,0.018366533,-0.19,0.27,0.67,0.83,0.53,0.22,0.14,0.14,0.11,1.13,0.42,0.93,1.22,1.44,1.37,1.79,2.47,0.008980064,0.001643424,0.000253584,-0.001398226,-0.00240897,-0.008438869,-0.01124392,-0.003110422,-0.012789869,0,-0.005069711,-0.003025612,-1.54393E-05,0.006024115,-0.003590486,0.002713625,-6.47465E-06,-0.006968669,-9.01807E-06,-0.002869349,-8.85775E-06,0.000152389,0.004570112,0.00033579,-0.001319956,0.006956358,0.002674423,0.007407441,2.51731589,-0.00141456,-0.005453244,-0.00162305,0.027914934,10.577
0.004673388,0.004310928,0.002999582,0.013343223,0.000243339,0.018977868,0.01242023,0.010968818,0.009663217,0.01127481,0.009134905,0.018285635,0.029303894,0.044857148,0.014746479,0.018593541,-0.018335857,0.010933272,1.1844,90,0.030209525,0.003196373,0.003309065,0,0.6,-0.029041275,0.072617042,0.068021526,-0.079723474,0.28103753,-0.068350284,0.003862793,0.005268113,-0.022935633,0.00272109,0.006780827,0.010430104,0.001012365,0.003168499,0.001772572,0.005466135,0.001487586,0.005157974,0.003976836,40.2,0.1,40.6,7.249215057,5.198497031,5.96100534,6.342121419,5.602118821,7.11395611,5.393627546,5.82008293,6.008813185,5.579729826,0.013005501,0.020913715,0.026924103,0.003160575,0.00795975,-0.010331126,0.002748146,0.000319486,0.005853932,-0.000851559,-0.030474809,-0.028962764,-0.015188817,4.90247E-05,0.002187165,-0.000362362,0.015786995,0.016790518,-0.041900424,0.017436395,0.11,0.08,0.06,0.11,0.12,0.08,0.12,0.04,0.07,1.1,0.37,0.93,1.23,1.41,1.38,1.72,2.43,0.015837707,0.002886805,0.000760642,-0.000717798,-0.001857011,0.002797205,0.005610102,0,0.003189795,0.023065273,0.002534856,-8.96415E-06,-1.53187E-05,-0.003025612,-1.25749E-05,-2.95373E-05,0.002522005,0.003466208,-8.96415E-06,0.002820785,0.002945407,-0.000227508,-0.001796547,-0.000416037,0.00043139,-0.007005092,-0.008283415,-5.4467E-05,0.38915865,0.001335392,-0.004003564,0.000937843,-0.008726575,12.2316
0.000791668,0.001393357,0.008311674,0.003524015,0.027990632,-0.001624247,0.001395592,0.000303899,0.001968167,-0.003111071,0.004134829,-0.0051367,-0.006533129,-0.017611732,0.014712064,-0.000170097,-0.011792593,0.019829067,-0.4274,-36,-0.016842817,0.001285975,0.001162938,0,-0.5,0.044151868,-0.036208015,0.015748357,0.171194877,-0.210721031,0.01701078,0.000332562,-0.005130331,-0.005263617,0.000603682,-0.006218682,-0.013562015,0.005334115,0.003023332,0.001769435,-0.00157674,0.004789842,0.004171352,0.002843236,40.3,0,40.6,7.259116128,5.627621114,5.783825182,6.329720906,5.541263545,7.153833802,5.493061443,5.894402834,6.061456919,5.497168225,-0.015448003,-0.018133706,-0.030448626,0.001757306,0.004061062,0,-0.0033942,-0.001242663,0.004580261,0.00350218,0.026151376,0.024605453,0.005345355,0.001411633,-0.000871213,0.00015654,0.013873055,0.016513246,-0.035516585,0.015680917,0.09,0,0.15,0.13,0.11,0.09,0.02,0.03,0.07,1.01,0.43,0.97,1.25,1.41,1.31,1.66,2.41,0.028251689,0.001474825,-0.00068828,-0.000574609,-0.000557776,-0.002797205,-7.84631E-06,0.003100778,-0.003200003,-0.023065273,0,-8.91071E-06,-0.003906255,0.005943434,0.003502456,-0.005420067,-2.55079E-05,-1.19731E-05,0.00296286,-0.002844861,-0.002971667,-0.000117612,-0.000476349,-0.001555007,0.001079256,-1.19731E-05,0.005427331,-0.007352974,3.202429944,-0.0016233,-0.017509909,-0.007114153,0.010762801,12.835
0.001342944,0.000325825,-0.009430466,-0.006962814,-0.015337846,0.008111434,0.005212236,0.006698196,0.013311126,0.018290885,0.011527358,-0.008330549,0.012550491,0.008640292,0.013890473,0.008306753,0.053161619,0.0032472,0.3057,69,-0.039633563,0.004897257,0.002628333,0.2,0.3,0.037095805,0.072190732,0.052185753,0.027587957,0.094187215,0.001616069,0.000921527,0.00018368,-0.003069056,-0.000301796,0.000337135,-0.001015369,0.002441302,0.001283278,7.6861E-05,6.31174E-05,0.000813327,0.003196934,0.001633355,40.2,-0.1,40.6,7.307202315,5.552959585,5.988961417,6.363028104,5.537334267,7.154615357,5.451038454,5.888877958,6.070737728,5.533389489,0.000130453,0.018479229,-0.006451034,0.012154211,-0.000279545,0.010331126,-0.000581135,-0.000829021,0.003844279,-0.001035665,0.002380498,0.001116593,0.001701694,0.000254372,-0.002167011,-0.000247669,-0.001566825,0.003846159,0.004778955,0.000923645,-0.11,0.07,0.14,0.11,0.13,0.17,0.18,0.17,0.12,1.19,0.68,1.19,1.49,1.69,1.6,1.94,2.64,0.015847862,-0.000345467,-0.000144729,-0.000179633,-0.001768347,0.002789402,-0.002797205,-0.003100778,0.006400005,0,0.020101179,-8.85775E-06,0.003891055,-0.011913708,-4.92471E-05,0.002699057,-0.002528382,0.003418644,-0.002989433,-7.93497E-06,-8.65056E-06,-0.000277803,0.001723608,-0.000948399,-0.00037293,-1.18907E-05,-0.002757892,0.003656311,-0.137387897,-0.001374224,0.01419999,0.003041978,0.000981744,13.256
0.006291801,0.006288308,0.006813183,0.026579477,0.023232469,0.014199466,0.016080596,0.019686948,0.021034175,0.05436622,0.007739153,0.025942772,0.011063732,0.015150546,0.018636216,0.01813038,0.026728816,-0.007077296,1.1648,-27,0.016475693,-3.83669E-05,0.00098551,-0.1,0.2,-0.029327615,-0.061079507,0.037426406,0.046520016,0.022223137,-0.04965559,0.007191894,0.009914416,0,0.009313572,0.01033962,0.016396062,0.000860215,0.00585512,0.005594956,0.004534013,0.005777722,0.004140793,0.004542151,40.5,0,40.6,7.33823815,5.521460918,5.991464547,6.450470422,5.545177444,7.167809184,5.429345629,5.874930731,6.135564891,5.525452939,0.010043411,0.013723912,0.013912862,0.003676606,0.008629743,-0.030993377,-0.000572657,-0.001004484,-0.000130073,-0.002046993,-0.018885199,-0.017572739,0.001445375,0.000526678,0.005535838,-0.000249587,-0.031863358,-0.032182202,0.098828324,-0.029563198,0.25,0.21,0.17,0.18,0.24,0.21,0.27,0.25,0.2,1.15,0.6,1.12,1.48,1.65,1.62,1.94,2.59,0.032071868,-0.004802817,3.61842E-05,-0.044598759,0.001582352,-0.002789402,0.002789402,0.003091193,-0.009610281,0,0.033180187,0.002945407,-0.001951191,0.011860718,-0.003514771,-7.2653E-06,-6.28139E-06,-0.006872879,-8.75323E-06,-7.89045E-06,-8.59989E-06,0.000581904,-0.002108575,0.00247665,-8.1923E-05,0.003406998,0.002648316,-1.33199E-05,-0.431933044,-0.000237259,0.001562374,0.00210077,-0.01616188,17.4791
0.002765443,0.002703896,0.013253586,0.021990969,0.028311055,0.010713437,0.009102422,0.012265204,0.016198397,0.039238894,0.006722077,0.009909479,0.013077861,0.010206411,0.022565588,0.010066675,0.0024525,0.013224864,0.4694,26,0.024887855,0.003829417,0.004621584,-0.1,-0.3,-0.038839833,0.016438726,-0.0102565,-0.06021886,0.068992871,0.023716527,0.002949038,0.00186224,-0.001025115,0.000298998,0.002221606,0.002359348,0.002004296,0.003483313,0.003204886,-0.001131577,0.006547891,0.004756629,0.003414429,40.2,0.1,40.7,7.176254532,5.262690189,5.869296913,6.251903883,5.488937726,7.181591945,5.480638923,5.883322388,6.089044875,5.616771098,0.006045189,0.088811336,0.014423889,0.013790955,0.006974444,-0.030993378,0.000526466,0.001110815,0.003894844,0.000575455,0.023158778,0.019748433,0.012256488,0.001402929,-0.002961167,0.000116467,0.028092931,0.029298971,-0.087297454,0.030725845,0.38,0.28,0.24,0.24,0.1,-0.03,-0.05,0.12,0.21,1.05,0.46,0.98,1.2,1.24,1.19,1.68,2.42,0.033530904,-0.000509342,-0.000434296,-0.100912288,0.004824652,0.002781643,-0.002789402,0.003062673,0.019190005,0,-0.053281367,-0.002971667,0.003857253,-0.008888947,0.003442178,0.002670151,0.002484411,0.006825965,-8.70167E-06,-7.84631E-06,-8.54968E-06,-0.001720981,-0.005141544,-0.002977335,0.000205358,-0.003442184,-0.002720389,0.003603417,2.594697062,-0.000682237,0.000894485,0.009770085,-0.008901324,12.0195
0.005498851,0.004918763,0.006366836,-0.010080944,-0.018190693,-0.001078511,-0.004655836,-0.006997903,-0.013521841,-0.029887434,-0.006296679,0.004355223,0.00438253,0.011456957,-0.005552424,-0.002225148,0.006865903,-0.004375517,-0.5973,70,0.075304485,-0.011700087,-0.010294884,-0.1,0.8,-0.102888327,-0.01754431,0.036441279,0.076322268,-0.025975486,0.021314778,-0.001421039,-0.005460267,-0.00445435,-0.040884278,0.000831831,0.001811103,-0.000715359,0.000557097,-0.00351065,-0.00069215,-0.005974888,0.002527647,0.005015098,39.9,0,40.4,7.229838778,5.361292166,5.883322388,6.244166901,5.676753802,7.072421901,5.198497031,5.80814249,6.025865974,5.525452939,0.002087332,-0.057356108,-0.005243149,-0.001655754,0.006379279,0.030993378,0.000518633,-0.001941356,0.002006408,0.000352007,-0.00280924,0.000342094,-0.013322312,-0.0012295,-0.018190136,-0.003542369,-0.002731955,-0.007729507,0.018904063,-0.002698575,0.09,0.04,0.03,-0.25,-0.28,-0.21,-0.17,-0.02,-0.09,1,0.4,0.64,0.83,0.94,0.93,1.57,2.24,-0.015146039,0.006095046,0.000760171,0.001162936,0.004064295,-7.71608E-06,0,-0.006153866,-0.01595938,0,0.00938974,-8.65056E-06,-0.001950959,0.00588237,-0.003478099,-0.002691715,-0.004987542,-0.003430376,0.002919609,0.00277384,-8.4999E-06,0.002983139,0.006728913,0.004438202,0.000916821,0.010106561,0.015720063,0.007090755,-0.947262254,-0.001346792,-0.010209355,-0.021477566,0.002086041,13.2793
0.007557464,0.008144552,0.001011831,-0.003156715,0.011742873,0.003578959,0.005763749,0.005186455,0.005329736,0.015781976,0.001158113,0.00091378,6.28769E-05,0.0038231,-0.007858946,0.004394567,0.013344384,0.017047398,-0.0034,-40,-0.059370874,0.008369324,0.007056703,0.1,-0.7,0.159427737,-0.067492733,-0.072121874,-0.079776502,-0.059638266,-0.023447733,0.006118509,0.009083952,0.002743486,0.056310274,0.000775752,-0.000271456,0.002430135,0.004667401,0.006477447,0.005179488,0.007069339,0.004093849,0.002117478,40.4,0,40.8,7.326465614,5.351858133,5.918893854,6.464588304,5.690359454,7.201916318,5.411646052,5.942799375,6.131226489,5.624017506,-0.024610977,0.006035463,-0.037435595,0.003969214,0.005523181,0,-0.003272687,0.000730129,0.002776434,-0.00065146,-0.030497499,-0.03517124,-0.004217088,0.000912588,0.023574994,-0.000187159,-0.046189382,-0.047370222,0.156756963,-0.043773626,0.11,-0.1,-0.02,-0.07,-0.02,0.05,0.03,-0.07,-0.04,0.79,0.27,0.46,0.7,0.88,0.85,1.39,2.09,0.040721718,0.001012239,-0.000144973,4.15084E-05,0.002393888,-7.67339E-06,0.00555557,0.00306279,0.006359306,0,0.051784483,-8.59989E-06,0.001895484,-0.00295411,-1.18091E-05,-7.11114E-06,0.002484473,-1.1491E-05,-0.002945409,-0.002797118,-8.45055E-06,-0.000498023,-0.00253151,-0.001153349,0.000550351,-0.010163632,-0.034159757,-0.010784762,0.577567859,-1.7969E-06,0.011647575,0.007879078,0.000947069,16.5676
0.008474332,0.004883909,0.016625583,0.007414702,0.02382776,0.003114135,0.002617097,0.003147315,0.005921604,-0.002135207,0.009529009,0.008619834,0.003816646,0.000231664,0.004289147,0.001584541,0.011466454,-0.005808177,-0.2473,68,0.069493693,0.000332298,0.001991927,-0.1,-0.2,-0.035112206,-0.074927607,-0.045909701,-0.075439708,0,-0.076647923,0.001189503,9.04241E-05,-0.002228509,-0.002652912,0.000719803,0.000361925,0.001284155,0.001728073,0.001518027,0.00222052,0.002592713,0.002824417,0.001944128,40.3,0,40.8,7.290292882,5.198497031,5.924255797,6.440946541,5.645446898,7.222566019,5.693732139,5.805134969,6.118097198,5.659482216,0.010568973,0.043774489,0.203656664,0.013680675,0.004207104,0,0.002153972,-0.000407016,0.002318543,0.002318238,0.007847708,0.001499391,0.005394535,-2.74128E-05,-0.003898825,-0.000777172,-0.018461378,-0.01599214,0.071588857,-0.01685802,0.34,0.14,0.19,0.16,0.17,0.17,0.18,0.01,0.05,0.59,0.12,0.28,0.53,0.71,0.69,1.06,1.8,0.003919471,-0.003962774,-0.000144718,-0.003951013,-0.002301709,-7.63105E-06,-0.002789316,-9.35204E-06,-1.00782E-05,0,-0.045906751,-8.54968E-06,-3.27783E-05,-0.00292826,0.00339543,-7.07336E-06,-6.15731E-06,0.003349934,-8.4999E-06,-7.67339E-06,-8.40163E-06,-0.000809039,0.00038271,-0.001921799,-0.00044662,0.003316604,0.026212695,0.003514766,0.277015353,0.002223893,0.005423713,0.002675224,-0.000728113,19.547
0.004482358,0.003022411,-0.00371769,-0.001986056,-0.002282465,0.001448534,-0.002547733,-0.005028733,-0.001686059,0.000940951,-0.00260478,-0.004966446,0.007606821,0.006582303,0.021103513,0.000979917,-0.012422052,-0.015090359,-0.2975,55,0.090595555,0.000178884,0.002411555,-0.2,0.2,-0.139519694,0.087861356,-0.128748983,-0.093818755,-0.1834395,0.019280151,0.003856141,0.003970587,0.023574398,0.003829729,0.003536111,0.004152755,0.002563374,0.003800102,0.00537046,0.003056866,0.006510336,0.002816463,0.003035415,40,-0.3,40.3,7.348587531,5.411646052,5.950642553,6.453624999,5.739792912,7.159291905,5.493061443,5.799092654,6.100318952,5.587248658,0.00085381,-0.040824903,-0.161782591,0.003073924,0.008361478,0.010331125,0.001590412,-0.000587435,0.001799602,-0.003358709,0.003712622,0.014090713,0.008952162,-0.000432261,0.001223591,3.9952E-05,0.071257675,0.075892647,-0.213808712,0.071775886,0.71,0.17,0.21,0.16,0.13,-0.07,-0.1,0.1,0.12,0.05,-0.38,-0.27,-0.05,-0.07,-0.12,0.45,1.21,0.012181097,0.001568555,0.000615736,0.000874727,-0.004249037,0.002735897,0.002743402,-0.003053437,-1.00145E-05,0,-0.077787829,-8.4999E-06,-3.24062E-05,-0.00292826,-0.003430376,-7.03589E-06,-0.002478316,-0.003383945,-8.45055E-06,-7.63105E-06,-8.35314E-06,-0.000168767,-0.000744931,0.001117501,-0.000863482,-4.41506E-05,-0.010505566,-0.003552225,3.161357779,-0.001342736,0.004455041,0.003820785,-0.013371076,19.5401
0.005233592,0.006131824,0.006849735,0.006983668,0.006385265,0.011153587,0.008553926,0.009284684,0.00533796,0.012595996,0.002435381,0.014923403,0.015103452,0.017153095,0.019596706,0.012555035,0.012831643,0.033117858,0.7129,11,-0.009834345,0.007344878,0.007199968,0,-0.5,0.087301493,-0.138886158,0.005076153,0.059659836,-0.09129142,0,0.001449619,0.002159148,0.000167602,-0.003239585,0.003248812,0.002519346,0.004399354,0.001101977,-0.001887719,0.00276806,0.002295317,0.003120127,0.00227053,40.5,0.6,40.9,7.249925537,5.361292166,5.85220248,6.357842267,5.598421959,7.167809184,5.384495063,5.910796644,6.075346031,5.616771098,0.020450026,-0.018829354,-0.252989686,-0.006325606,0.008891325,0,0.001562268,0.001278007,0.003013499,7.50576E-05,-0.009512039,-0.01094901,-0.008672933,-0.000343869,-0.001207793,-0.000342464,0.022735298,0.024599159,-0.055996618,0.021955979,0.35,0.37,0.28,0.34,0.43,0.35,0.23,0.06,0.06,0.07,-0.45,-0.28,0.03,-0.07,-0.24,0.16,0.92,0.008948996,-0.003000856,-3.64366E-05,-0.005259874,-0.002038548,-0.005494519,-0.005509656,0,-0.009488695,0,0.005632983,-8.45055E-06,-3.20404E-05,0.00292826,-1.1491E-05,-0.002649008,0,-1.11856E-05,-0.00290276,-7.58907E-06,-8.30506E-06,0.000567873,0.000382605,0.000863985,0.00040917,-4.35697E-05,0.007735228,0.003478093,0.453373976,0.001322219,0.001237379,0.000553682,0.011763718,13.1569
0.004624678,0.004844418,0.008543977,0.007046204,0.016244911,0.003667709,0.003376818,0.003795712,0.006130431,0.009681311,0.004727031,-0.00226343,0.004030197,0.002549616,0.003242068,0.002104539,0.003452375,-0.000705151,-0.1975,-3,-0.082851685,0.003456422,0.000984969,0.2,-0.3,0.113305894,0.091030137,0.025001302,-0.063766618,0.174941449,-0.02751065,0.003703243,0.000404322,0.000837591,-0.007996489,0.002086881,0.001167542,0.003533822,0.005316474,0.004900677,0.00409138,0.003037875,0.001556421,0.006864249,40.5,-0.1,40.9,7.247792582,5.393627546,5.869296913,6.293419279,5.666426688,7.170119543,5.521460918,5.758901774,6.139884552,5.59471138,-0.000237624,0.013177458,-0.002324231,-0.000960724,0.005310334,-0.010331125,-5.54565E-05,0.000886653,0.001087756,0.004058467,0.016713139,0.021365621,0.004478614,0.002172337,-0.000992417,-0.000334668,0.02651766,0.024920533,-0.06632857,0.021554099,-0.04,0.07,-0.14,-0.19,-0.16,-0.19,-0.15,0.01,0.04,0.18,-0.55,-0.43,-0.09,-0.22,-0.35,0.21,1,0.025803867,-0.004959569,-0.001158383,-0.001927186,-0.000927988,0.00273598,0.002743486,0.003044142,-4.03132E-05,0,0.064177808,0.002877603,-0.001899095,0.00584797,-1.14135E-05,0.005277057,0.002472189,0.003305641,0.008658063,0.002728432,0.002852975,-0.000484272,-0.000339049,-0.001855848,0.000474259,-0.006578971,-0.010336009,-0.003514771,0.871218873,0.000868161,0.007064389,0.007906686,-0.011202524,15.326
0.006104897,0.006065091,0.009258628,0.009497501,0.012483103,-0.001534658,-0.003231645,-0.004083813,-0.002399996,-0.008625031,0.000248453,-0.009716596,0.000997401,-0.001151824,0.011040531,-0.003044405,-0.010279948,0.003928483,-0.6433,89,0.05245439,-0.001897654,-0.001247792,0,0.5,-0.063513406,0.01821544,0.050552279,0.094187215,-0.018692133,0.013595182,0.00324931,0.002915258,0.004510909,0.006815851,0.002027787,0.003315564,0,0.003412226,0.003228837,0.00311926,0.004174593,0.004964329,0.002582797,40.4,0,40.8,7.321188557,5.549076085,5.942799375,6.432940093,5.525452939,7.203405521,5.402677382,5.789960171,6.21860012,5.680172609,-0.0015351,-0.004765055,0.236511241,-0.009708379,0.003700526,-0.010331126,-0.001628204,-0.001328669,-0.000255836,-0.00297097,0.004565658,0.009466646,0.001529233,-0.005507912,0.003322553,-3.0364E-05,-0.001992033,-0.004568304,0.019222581,-0.007980381,-0.05,-0.06,-0.21,-0.23,-0.33,-0.25,-0.22,-0.04,-0.09,0.17,-0.71,-0.61,-0.37,-0.42,-0.52,0.22,0.96,0.006976283,-0.001371694,-0.003756145,0.002261971,-0.003068485,-7.46517E-06,-7.50613E-06,-9.23869E-06,0.015908471,0,-0.01702287,-3.32207E-05,0.003703501,-0.00584797,0.00333875,-0.002648935,0.002453929,-4.38587E-05,-0.00578862,-0.002750951,-3.26536E-05,-0.00016666,0.001165352,0.000574912,-0.001062712,0.006535971,0.010230268,-1.20564E-05,0.610443806,-0.002871816,0.001025591,-0.002509742,0.012728342,17.1222
0.004561933,0.003750974,0.002731067,-0.017195773,0.013043429,0.002784737,0.009373675,0.009597346,0.011877159,0.012863651,0.011341583,0.008895813,-0.007516032,-0.020774693,0.010309307,0.00491201,0.015192389,-6.59955E-05,0.0506,61,0.071221522,-0.002015452,-0.000578453,-0.2,-0.1,-0.001215067,-0.082753961,-0.080629734,-0.106609735,-0.038466281,0.015923501,0.002975386,0.000940039,0.001665557,0.009113689,-0.000602426,-0.003046324,0.003240124,0.00396627,0.004711874,0.002648356,0.005496441,0.006785961,0.001995013,40.3,-0.2,40.7,7.309881486,5.537334267,5.831882477,6.418364936,5.659482216,7.21303166,5.501258211,5.81711116,6.17586727,5.686975356,-0.010145424,-0.005267921,-0.020724528,0.010995737,0.008341866,0.041324503,0.001009954,0.001426961,0.004085547,0.00237598,-0.015263489,-0.023873788,-0.010007068,-0.001750253,-0.003196816,-0.000436791,-0.022076397,-0.022223137,0.080436447,-0.025556333,0.01,-0.31,-0.22,-0.18,-0.22,-0.1,-0.08,-0.22,-0.16,-0.15,-0.94,-0.8,-0.6,-0.53,-0.61,-0.01,0.79,0.017263072,0.001813026,-0.002268652,0.000460145,-0.000931706,-7.42454E-06,-7.46517E-06,-0.003034904,-0.006379463,0,0.007284455,-0.00288591,-0.001898393,0.00291121,-0.003372533,0.002607492,-0.002472129,-4.32835E-05,0.002844859,-7.42454E-06,-0.00286114,0.001082351,0.000190969,0.001724918,0.000752462,-0.006535971,-0.007688971,-0.003466208,-1.04327552,0.002845703,-0.007595082,0.000134246,0.018244382,13.2053
0.00468518,0.005194233,-0.001383307,0.013899051,-0.021506205,0.003782547,0.00352591,0.004996243,0.003968932,0.010245716,0.001118704,0.010688911,0.004087457,0.002787199,0.008433139,0.000542448,0.001702174,-0.004195757,-0.3261,70,0.064376299,0.000596186,0.001694971,-0.1,-0.1,-0.069861681,0.020699316,-0.046883586,0.01242252,-0.147635999,-0.043039429,0.002324308,0.00178811,0.002991029,0.011638188,-0.000109571,-0.000269239,0.000140637,0.002584851,0.003426447,0.002518661,0.003865069,0.00337579,0.002073915,40.5,0.3,40.9,7.349873705,5.598421959,5.891644212,6.421622268,5.736572297,7.288927695,5.455321115,5.973809612,6.257667588,5.752572639,0.011212198,0.056544681,-0.135162441,0.010092692,0.004568304,-0.020662252,-0.002119555,0.000674964,0.004766605,-0.002054616,0.002496606,0.006396798,0.004412241,0.00406962,0.001763762,-8.0564E-05,0.031997113,0.034057594,-0.083667907,0.027910068,-0.25,-0.06,0.1,0.02,0.02,-0.02,0.04,-0.05,-0.03,0.04,-0.59,-0.53,-0.33,-0.3,-0.32,0.19,1.01,-0.008414587,-0.001208319,-0.001293954,-0.001548603,0.000372787,0.002698977,0.002706281,0.003025721,0.003129769,0,0.004895963,-8.1633E-06,-3.06373E-05,-0.00291121,0.003305641,-0.002628051,-6.00732E-06,-0.003294755,-0.002869349,-7.38424E-06,-8.02513E-06,-0.000637864,0.000984474,-0.001937246,-8.52579E-05,0.00972455,0.002522005,0.010327114,0.357280825,0.000416396,-0.017512778,-0.010633433,0.002288834,11.9179
0.001691636,0.001455156,0.001644799,0.013451651,0.027663137,0.001982074,0.002450729,0.00224578,0.00630051,0.013150871,0.003163463,0.008557843,0.001169144,0.013566009,-0.004176664,0.006269336,0.008854886,-0.004552141,0.1713,179,0.065095462,0.000697213,0.000682433,0,0.2,-0.017757783,0.022785796,0.028911343,0.036367644,0.015037877,-0.026526754,0.003396331,0.001294383,-0.079213451,0.009500575,0.00224381,0.00170396,0.003089022,0.004415687,0.00348885,0.003307611,0.004443383,0.005804201,0.00281364,40.5,0,41,7.358193753,5.393627546,5.966146739,6.486160789,5.713732806,7.259116128,5.488937726,5.880532986,6.255750042,5.703782475,0.013827138,0.046412121,0.230912934,0.013612934,0.008106137,-0.010331125,0.002042171,-0.000416175,0.001520527,0.001559807,0.020823194,0.021473109,0.0038448,0.002977947,0.004544194,0.000890695,0.024379559,0.025023647,-0.059198351,0.016854355,0.13,-0.02,0.16,0.16,0.12,0.07,0.12,0.12,0.05,-0.11,-0.56,-0.5,-0.34,-0.36,-0.33,0.18,0.93,0.009844411,-0.000814114,-0.001830139,0.000962927,-0.000279577,-0.005420067,-0.002728434,-9.12738E-06,-3.93086E-05,0,0.002430077,0.002828764,-3.03009E-05,0.00290276,-4.38587E-05,0.002587253,-0.002447982,0.003230884,-8.0708E-06,0.002691713,0.002804962,0.00091614,-0.000709895,0.002334821,0.000397264,-0.00329366,0.004987034,-0.003501149,1.495595521,-0.001757925,0.013485651,0.006536129,-0.007314848,12.6127
0.004556335,0.004575518,0.005512734,0.008585654,0.024428642,0.012852731,0.010875176,0.00904637,0.012945392,0.022968374,0.008365935,0.000715714,0.01585191,0.016340653,0.007573544,0.014109659,0.007141257,0.007973096,0.8564,1,-0.012890523,0.003743949,0.003535933,0,-0.3,0.055498111,-0.039571213,-0.078101588,-0.108894088,-0.022642477,-0.014077114,0.003848812,0.004139687,0.07788521,-0.001146789,0.002893094,0.005005373,-0.000420669,0.00370794,0.003550562,0.003997381,0.002974787,0.004558586,0.000495704,40.2,0.1,40.9,7.396335294,5.313205979,5.934894196,6.580639137,5.789960171,7.26961675,5.318119994,5.991464547,6.194405391,5.834810737,0.012747393,-0.037377694,-0.170351452,0.002451786,0.004060723,-0.020662252,0.003532917,0.001372026,0.005744421,7.08337E-06,-0.017261727,-0.024137537,0.007224217,-0.000387626,-0.003927458,2.8926E-05,0.015296665,0.013152316,-0.031850734,0.010522257,-0.09,0.12,0.1,0.19,0.18,0.11,0.12,0.1,0.17,0.1,-0.37,-0.22,-0.07,-0.16,-0.12,0.37,1.19,0.01385226,0.000604834,-0.001254163,-0.001633337,0.000279577,0.002699057,-0.002706362,-0.003016594,0.015322465,0,-0.002447924,-0.002852977,-0.003666338,0.002877603,-4.32835E-05,-0.002607493,0.009732437,-0.003262509,0.002812851,-2.90615E-05,-3.15622E-05,-0.001046046,0.000498269,-0.002116221,-0.000772382,-4.10922E-05,-0.000100005,-4.62781E-05,-0.121185181,0.002800059,0.000653786,0.000117554,-0.012559587,10.9295
0.004020101,0.004028063,-0.002454628,-0.009317319,-0.014473042,0.003153013,0.001772195,-0.001355876,-0.005576019,0.00878418,-0.012186792,0.010478753,0.005209594,0.003219985,-0.00144265,8.94599E-05,0.015157402,0.014046974,-0.3637,-57,-0.005903474,0.003201576,0.003705834,0,0.1,-0.042314005,0.040821995,-0.016949558,-0.168261571,0.199976492,0.084144677,0.003776292,0.004653336,-0.002328677,0.011409137,0.003482428,0.004714263,0.001541588,0.003351166,0.002801948,0.00088276,0.003976037,0.003631965,0.003133765,40.3,-0.1,40.7,7.344719054,5.402677382,5.910796644,6.467698726,5.746203191,7.236339343,5.411646052,5.755742214,6.278521424,5.755742214,0.006893871,-0.00436803,0.068644829,0.006419457,0.004172423,0.020662252,-0.003139032,-0.000778314,0.002137828,-0.0010697,0.010772577,0.007358446,0.000513604,-0.000757422,0.001957007,0.000610769,0.010382349,0.010398707,-0.017437306,0.005277156,0.2,0.25,0.51,0.46,0.44,0.46,0.33,0.26,0.22,0.15,-0.06,0.04,0.17,0.1,0.01,0.43,1.21,0.01023732,-0.000139545,-0.000537142,-0.00067086,0,-0.002699057,0,0.006006024,-0.033842578,0,0.004825036,0.002804962,0.00362645,-0.011560726,-4.27195E-05,-6.67697E-06,-0.014586815,0.00319987,-0.002836791,-0.005376357,-0.002812853,-0.001240657,-0.006044099,-0.001813112,0.000601738,-4.05704E-05,-0.009950331,-0.003407003,0.919086327,0.000395052,0.001755652,0.010369216,0.013889863,12.4545
0.000925838,0.0002772,0.00804796,2.41973E-05,0.01072668,0.006032362,0.006644346,0.006901977,0.005311917,-0.002495317,0.008543889,0.013867445,0.004901386,0.003444981,0.017768318,0.006007988,0.019833918,-0.055707395,0.1695,154,0.04007753,0.000754783,0.000351601,0,-0.1,0.017527226,-0.01892801,-0.034786116,0.090060824,-0.207639365,-0.040926428,0.002768886,0.00119308,0.000499459,0.00226629,0.001194289,0.004692143,-0.004350579,0.003532324,0.001324504,0.002188318,0.002842363,0.004822191,0.005255822,40.5,0,40.8,7.478169694,5.627621114,6.148468296,6.629363253,5.579729826,7.285506549,5.476463552,5.96100534,6.248042875,5.752572639,0.012073349,0.024707018,0.075521844,0.00409151,0.005684918,0,-0.000553445,-0.003392139,0.001631731,-0.000147982,0.016278377,0.025301394,-0.008474904,0.000346711,-0.003780117,0.000223418,-0.043172172,-0.04405999,0.136978735,-0.048603775,0.28,0.36,0.18,0.22,0.15,0.13,0.01,0.14,0.09,0.23,-0.16,-0.02,0.04,-0.05,-0.26,0.29,1.02,0.011160811,0.004872512,0.000214836,0.001173709,-0.000279577,0.002691792,0.005390849,-3.58571E-05,0.018423958,0,0.025923228,-0.002828767,-2.95373E-05,0.011560726,-0.003273187,-6.6426E-06,0.004854378,-4.10922E-05,0.002789314,0.002677378,-7.75913E-06,0.001784355,0.003901248,0.002939763,0.000322445,-4.00585E-05,0.007398307,0.00333875,-1.26350776,-0.003882374,-0.013820943,-0.021358456,-0.028351388,14.9096
0.004698031,0.004121208,0.006370035,0.001556372,0.00723725,0.006377655,0.003457696,0.003554464,0.008166133,-0.000682462,0.011899913,-0.00039908,0.010705646,0.013791896,0.009295679,0.008045795,-0.003247031,0.056944052,0.3659,-4,0.012091805,0.006217818,0.006773441,0,-0.2,-0.074801213,0.094730973,0.054532879,0.150727191,-0.122602322,0.023226851,0.00376605,0.004889985,0.000166431,0.011534802,0.00379055,0.002734291,0.005470243,0.003221714,0.003303604,0.002153245,0.00297372,0.004799049,0.001227848,40.1,-0.2,40.4,7.44132039,5.38907173,6.327936784,6.50578406,5.545177444,7.309881486,5.493061443,6.047372179,6.263398263,5.717027701,0.005264056,0.02665576,0.110304542,0.009731074,0.008625117,0,-0.003548945,0.000155587,0.001754276,-0.002045436,-0.059436798,-0.065223814,0.002010073,0.001000565,0.003492055,0.000402945,-0.004914015,-0.007233305,0.024727132,-0.013103607,0.31,0.09,-0.02,0.02,0.07,0.09,0.15,0.07,-0.02,0.01,-0.49,-0.31,-0.2,-0.27,-0.42,0.05,0.69,0.023332384,4.62909E-05,-0.000393668,0.001841621,0.001583237,-0.002691792,-0.00808264,-0.002998397,-0.015398924,0,-0.021590784,-7.84631E-06,-0.001822941,0.008526033,0.006420417,-6.60849E-06,0.012092046,-0.003210145,-3.12105E-05,0.002655968,-7.71608E-06,-0.001389351,0.002096365,-0.003228611,-0.001035235,-0.003169449,-0.007398307,-0.003372533,0.182002246,-0.002142292,0.005117987,0.0048826,-0.010645146,14.8005
0.004456782,0.004928628,-0.004414206,0.003671289,-0.008071684,0.007811921,0.00971457,0.007134612,0.006970749,0.005616429,0.007413712,0.009873942,0.004684537,0.004186529,0.004707714,0.007602311,0.014977515,0.003052545,0.3288,30,0.000605422,0.000749541,0.00051715,0,0,0.105845835,-0.114024176,-0.014064929,-0.037740328,0.034191365,-0.036367644,0.00293686,0.002545647,-0.006176466,0.001118256,0.003022129,0.003341544,0.00251467,0.003126432,0.002927403,0.002088157,0.003798503,0.00388234,0.000408948,40.4,0.2,40.8,7.353081921,5.65248918,5.929589143,6.33150185,5.826000107,7.271008538,5.537334267,5.902633333,6.228511004,5.739792912,0.020042062,-0.015297937,-0.132413033,0.005088782,0.00830089,0,0.000491062,-0.000194748,-0.004014306,-0.002308061,0.006727335,0.007739985,-0.002212126,-0.001014683,-0.002235639,-0.000260007,-0.021913227,-0.01831553,0.077517996,-0.032341752,0.18,0.2,-0.1,-0.14,-0.07,0.07,0.11,0.19,0.21,0.03,-0.77,-0.63,-0.45,-0.38,-0.49,0.06,0.72,0.000102354,-0.005011844,0.000357911,0.000125442,0.002138044,0.005361943,0.008068149,0.002945407,0.021552906,0.056977435,-0.011587615,0.005547767,-1.2893E-05,0.002595415,-0.003272113,0.005095477,-0.000144472,0.006299091,0.002727758,-2.82937E-05,0.005501982,0.002226821,0.000996626,0.003540325,0.001471455,0.006220723,0.021872075,-1.11112E-05,-2.991158846,0.002989493,0.001903752,0.000231,0.009480248,14.4968
0.002451126,0.002496332,0.004083816,0.004314137,0.005722724,-0.003688276,-0.008053826,-0.007037617,-0.014880324,-0.026677297,-0.009913289,0.010235957,0.00289582,0.000724182,0.00853556,-0.00418677,0.003189581,-0.008408368,-0.7036,38,-0.009880883,0.002519333,0.002014333,0,0,-0.001873244,-0.007822726,0.089369313,0.078068373,0.111225635,-0.026811257,0.002386107,8.76655E-05,-0.00150817,0.003068771,-0.000215564,-0.00052687,0.000279018,0.003497656,0.004666092,0.002204473,0.002967526,0.004757666,0.00130751,40.7,-0.1,41,7.329093736,5.488937726,5.837730447,6.366470448,5.880532986,7.273092596,5.488937726,5.860786223,6.21860012,5.846438775,0.007432493,0.052008521,0.200047279,0.021389002,0.006989544,0.010331125,-1.22501E-05,-0.002101193,-0.003210478,-0.000850352,0.033196983,0.032768782,0.005793907,-0.001132354,0.000532758,0.000200987,0.01994084,0.022842473,-0.051764126,0.013060949,0.62,0.22,0.09,-0.03,-0.08,-0.11,-0.13,0.04,0.03,-0.37,-1.3,-1.28,-1.15,-1.11,-1.24,-0.52,0.13,0.006182508,0.005451501,0.000644532,0.000585186,-0.000464403,-2.85972E-05,-2.87507E-05,-0.008871389,-0.000149643,-0.026672085,0.009174376,-0.002820096,0.001768144,-0.016901811,-4.05704E-05,-0.005121575,-0.009575093,-0.003209131,-0.005547769,-2.79951E-05,-0.002796444,-0.000375486,-0.003013671,0.001388875,-0.000627793,-0.003168473,-0.012302624,0.003294751,1.463508063,-0.004056662,0.009155887,0.006750608,0.011881573,14.6656
0.003896616,0.004019419,0.006696576,-0.000689252,0.009534207,-0.003785249,-0.004803609,-0.006725116,-0.007491721,-0.013462332,-0.005075106,-0.006715901,-0.002368683,-0.01157394,0.008037528,-0.004035858,-0.005527953,0.014491333,-0.6837,6,0.025576234,-0.001945065,-0.001432859,0,0,0.030165414,-0.150883771,0.002587324,0.031130919,-0.054067221,-0.015334364,0.003646728,0.003675027,0.001005699,0.012456908,0.001830812,0.001930503,0.001672474,0.003633065,0.003847694,0.004033963,0.006073927,0.003553454,0.003179912,40.4,0.1,40.7,7.36707706,5.476463552,5.96870756,6.411818268,5.840641657,7.19142933,5.488937726,5.669880923,6.152732695,5.786897381,0.015129721,-0.060658424,-0.186282539,0.008100623,0.008792082,0.010331126,-0.002995757,-0.000872026,-0.0013881,0.007317848,0.015513349,0.006167601,-0.003749751,-0.001025974,-0.00069262,-7.0063E-05,0.03205714,0.033750983,-0.087297258,0.02872952,1.26,0.31,-0.07,0.02,0.16,0.24,0.15,-0.1,-0.02,-1.32,-2.63,-2.52,-2.25,-2.13,-2.35,-1.88,-1.15,0.008756902,0.000763156,0,-0.002761739,0.000742942,-2.82937E-05,0.002620563,0.005908424,0.014669038,-0.030305349,0.008925665,-0.002773843,-0.001799975,-0.008415197,-4.00585E-05,-6.44183E-06,-0.007123083,-3.90633E-05,-7.54743E-06,-0.002648935,-0.002750951,-0.000320426,-0.001434021,-0.001757331,0.000916332,-3.81047E-05,0.002265007,-0.003327645,1.580842473,-0.000214335,0.00519509,0.002260926,-0.022863582,13.9368
0.003387065,0.003867423,-0.003836812,-0.000572741,-0.006323045,0.009721487,0.007311536,0.0076053,0.011474995,0.033094518,0.002009637,0.010011319,0.013309559,0.014217414,0.00048614,0.00605833,-0.001616345,0.001543843,0.1946,-139,-0.101819312,0.007101093,0.006027373,0.1,-0.2,0.009055299,0.195676927,-0.050341755,-0.067352182,-0.016000341,0.057893978,0.004369917,0.003574546,0.001172039,0.007946336,0.002793598,0.00358784,0.001530648,0.0047537,0.004842975,0.004795454,0.00486011,0.005306616,0.00608694,40.3,-0.1,40.7,7.33171497,5.587248658,5.774551546,6.398594935,5.826000107,7.207118856,5.351858133,5.774551546,6.12249281,5.886104031,0.026822912,-0.017046061,-0.013913783,0.000629536,0.00559399,0,0.001988813,0.002074559,-0.002022501,-0.00481015,-0.049108739,-0.037649805,-0.005762307,-0.003349964,-0.001747227,-0.000401525,-0.053610559,-0.052903415,0.174359916,-0.05912258,0.23,0.88,0.4,0.6,0.62,0.21,0.25,0.19,0.18,-0.67,-2.46,-2.15,-1.86,-2.15,-2.33,-1.92,-1.2,0.021370574,-0.002546121,0.001326294,0.001256282,0.00222552,-2.79951E-05,-0.002691113,-8.70167E-06,-0.012228443,0,-0.011396106,0.002728432,0.001752651,0.011228138,-0.003169449,0.005031385,0.007128725,-0.003129772,0.002721009,0.002607492,0.002706281,0.000834655,0.002079243,0.003744478,-0.001688283,-0.003091076,-0.000138418,-1.08207E-05,-3.823497155,0.003414746,0.004116818,0.004103812,0.010417796,15.0673
0.005517321,0.005448866,-0.001355535,0.000281914,0.000585874,0.005264647,0.008416302,0.012574383,0.01732482,0.000163975,0.024699566,0.010093044,0.000467393,0.00406245,0.006500977,0.007239297,0.049786742,0.012942304,0.2988,-22,-0.031828484,0.00162206,0.001013867,0,0.1,0.013134517,0.021053409,0.024162249,-0.117270872,0.25489225,0.083641992,0.001315743,0.000391551,0.009492952,0,0.00010729,-0.000961328,0.001805932,0.001761118,0.001801088,0.00271719,0.002489537,0.004693467,-0.001538524,40.2,0,40.6,7.221105098,5.043425117,5.676753802,6.349138991,5.855071922,7.153051635,5.342334252,5.717027701,6.104793232,5.758901774,0.027029193,0.004699595,0.018021167,0.001358083,0.007633392,0.010331126,-0.000501833,-0.001736091,-0.003739744,-0.005217121,0.014086354,0.020151282,-0.00080674,0.001474338,-0.001632083,-0.000879727,-0.045713401,-0.046169292,0.154716304,-0.050668822,-0.29,0.42,0.56,0.49,0.56,0.26,0.15,0.1,0.14,0.04,-1.61,-1.37,-1.01,-1.6,-1.89,-1.53,-0.77,0.013360219,-0.000904274,0.002549718,0.000376577,0.001110906,-0.002648935,-0.005277057,-0.00294551,-0.026260739,0,-0.004479241,-2.9861E-05,-2.79951E-05,-0.002812941,0.0031103,-0.005056829,-5.64205E-06,0.003072081,-0.002743404,-2.72689E-05,-0.002728434,-0.000521532,-0.000783506,-0.003142938,0.001576771,0.006069694,-0.01169604,0.006503931,-3.38047902,-0.005549221,-0.010846015,-0.004207667,0.003114172,22.6295
0.006183303,0.00622568,0.009159812,0.010790699,0.011645961,0.002295682,-0.002804854,-0.003966577,-0.001790805,0.010429731,-0.0071029,-0.00394628,0.010180983,0.017639671,0.000140963,0.001382028,0.003546464,0.002709366,-0.2091,-71,-0.019395415,0.003445873,0.003725782,0,0.1,-0.029493561,0.058315152,-0.010666768,0.10489958,-0.192371893,-0.050852169,0.003908708,0.005249356,0.009239465,-0.002732989,0.006682909,0.01026453,0.000971076,0.003262441,0.003018545,0.002293408,0.003178135,0.005253953,0.002670661,40.3,-0.1,40.6,7.213768308,5.241747015,5.945420609,6.234410726,5.631211782,7.183111702,5.288267031,5.700443573,6.228511004,5.746203191,0.016727373,0.022034704,0.038905359,0.001438103,0.006850795,-0.010331126,-0.001985112,-0.000692276,-0.001652473,0.01082197,0.00436557,0.000730401,-0.002580137,-0.000934803,-0.000151048,-0.000753867,-0.005611746,-0.002897153,0.025709173,-0.010354259,0.58,-0.32,-0.02,-0.05,-0.06,0.02,-0.03,-0.11,0.02,-0.86,-2.21,-2,-1.65,-2.16,-2.5,-2.22,-1.33,0.006600965,-0.001346333,-3.58743E-05,-0.002135813,-0.002408524,-6.88893E-06,0.002628122,0.005865119,0.02042112,0,0.024092613,-0.002735899,-0.005277057,0.002805051,-0.003139598,0.002490599,-5.61534E-06,-3.78705E-05,0.002698977,-0.00261431,0.002684487,-0.001557432,6.17977E-05,-0.002364356,-0.001541157,-0.003090169,0.009259325,-0.003315492,-0.826679925,-1.02861E-05,-0.007077121,-0.00107746,-0.001517686,16.5904
0.002570306,0.002683125,0.001234344,0.004814837,0.013664094,-0.000223374,-0.001992657,-0.002234966,-0.007611024,-0.009864108,-0.006639201,0.009851643,0.002610778,0.002575653,0.005354813,-0.001363553,-0.018575101,0.000961068,-0.445,219,-0.00550457,0.002266067,0,0.2,0.1,0.033636805,0.107323905,0.04712914,0.00826451,0.114410351,-0.01856851,-0.001254201,-0.005336354,0.006221369,0.006002747,-0.007863736,-0.010177098,-0.00416841,0.000709634,0.001147529,0.001575529,0.000803164,0.000872981,0.000484809,40.3,0.1,40.6,7.317876199,4.976733742,5.963579344,6.436150368,5.855071922,7.141245122,5.293304825,5.655991811,6.12249281,5.774551546,0.034414639,0.038066368,0.102554555,0.008378027,0.007763874,0,0.001981179,0.002406912,-0.001973831,-0.006331257,0.002477075,0.006705884,0.002500665,-0.001354151,0.000619601,-0.00033609,0.003497804,0.005785937,-0.004596343,0.001895599,-0.04,0.15,0.11,0.13,0.28,0.54,0.47,0.17,0.19,-0.67,-2.06,-1.83,-1.33,-1.58,-1.99,-2.01,-1.1,-0.01005886,-0.001580771,-0.003517749,-0.000545153,0.000185477,-6.85291E-06,-6.88893E-06,-0.005865119,-0.00875918,0,0.009818398,0.002691713,0.006993035,-0.005610102,0.006163214,-0.002509349,-0.002366865,0.002997495,-2.92188E-05,0.002573935,-2.89055E-05,0.001378264,-0.00147328,0.002701383,0.00123474,0.002953248,0.002195554,-4.16242E-05,-1.009746742,0.004284264,-0.004922531,-0.00616589,0.009857084,16.8924
0.001857208,0.001472656,0.00517489,0.011500419,0.010891462,0.000292858,0.000739204,-2.53394E-06,0.000424875,0.005390811,-0.001741174,0.002861935,-0.000196998,-0.002311289,-0.002019632,0.001012952,0.007830743,0.012625648,-0.2372,-61,-0.023772031,0.00250639,0.002488913,0,-0.4,0.069032249,-0.121293864,-0.044451763,-0.02079077,-0.084557388,0.022843633,0.002858412,-0.000522148,0.002119508,-0.001088732,-0.000376011,-0.000437235,-0.000278513,0.004475771,0.003648986,0.003143631,0.005049213,0.002904446,0.004111417,40.1,-0.1,40.5,7.230563153,5.18178355,5.697093487,6.336825731,5.828945618,7.103322063,5.288267031,5.666426688,6.023447593,5.755742214,0.004221397,-0.025722792,-0.161868785,-0.001110013,0.006989902,-0.020662251,0.001969443,-0.001210949,-0.003127895,0.001855572,0.013137456,0.005682975,5.91691E-05,1.60355E-05,-0.000151388,-0.000133574,0.010630001,0.010521379,-0.031755763,0.006546175,-0.15,0.08,-0.09,-0.03,-0.18,-0.06,-0.06,0.19,0.17,-0.44,-2,-1.71,-1.36,-1.49,-1.9,-1.67,-0.78,0.024774465,0.001557542,-0.000107452,0.002597295,-0.000370989,0.002593965,0.005201492,0.00583092,0.011560822,0,-0.02781965,-2.90615E-05,-0.003514771,0.011196709,-0.015446496,0.002472128,0.009411834,-0.006106763,-0.002706283,-0.002593966,-2.85972E-05,-0.000756455,0.003984209,-0.00395079,0.000107649,-0.006014935,-0.00464441,-0.003230888,0.489674213,-0.001714944,0.015802852,0.002878543,-0.008194114,15.1755
0.001011504,0.001069662,-0.001155694,-0.013941933,-0.000831048,-0.009471867,-0.012129512,-0.013901091,-0.008731196,-0.041959444,0.005485191,-0.023177102,-0.00527633,-0.0157183,-0.000237397,-0.01046636,0.005248853,0.024214276,-1.2163,-89,0.053436265,-0.001190981,0.001223039,-0.2,0.4,-0.138109505,0.040212196,0.047006042,0.033060862,0.070951736,0.028449661,-0.000464112,-0.005936808,-0.00309926,0.002991165,-0.007874906,-0.014270855,0.002225933,0.00213713,0.00327986,0.003517436,0.002812143,0.003185177,0.001447062,40.2,0,40.5,7.11395611,5.087596335,5.537334267,6.208590026,5.758901774,7.082548569,5.18178355,5.620400866,6.091309882,5.686975356,0.00780597,-0.022403719,0.03103875,-0.001708036,0.003921574,0.030993377,-0.000506585,0.001191514,-0.001919878,0.004310397,0.001278114,0.002059073,0.003104097,-0.000602266,-0.000993956,-0.000295559,0.007197653,0.007582975,-0.02020419,0.004113328,-0.15,-0.1,0.24,0.33,0.25,0.02,0.04,0.02,0.03,-0.39,-1.61,-1.23,-0.96,-1.32,-1.71,-1.5,-0.6,0.002844232,0.004773721,-0.001432022,0.002548837,-0.001857011,0.00255366,-6.07203E-05,-3.38026E-05,-0.000132127,0,-6.85868E-05,-2.87507E-05,0.001716553,-0.005610015,0.012345718,-2.45077E-05,-0.007072652,0.002998394,0.002663041,0.002554212,-2.82937E-05,0.000872386,-0.002554195,0.004742913,-0.000738938,0.002954107,-4.60689E-05,-1.02074E-05,0.729689428,0.001714485,-0.010776491,-0.000133714,0.020088509,14.1009
0.002111214,0.001762444,-0.000903816,-0.00184543,0.009136716,-0.002686565,-0.000410964,-0.001599453,0.001344768,-0.005887327,0.004365914,-0.003721111,-0.005880863,-0.016497242,0.004996043,-0.005366957,0.010387183,-0.020489508,-0.7699,-130,-0.057749313,0.002784919,0.002530504,0,0,0.00315956,-0.005646542,0.052185753,0.133023133,-0.100804699,0.069480557,0.002149979,0.001924592,0.000979752,0.006495287,0.000974237,0.001772893,-0.000277971,0.00225666,0.002062223,0.00368151,0.002400282,0.003751267,0.002326982,40.3,-0.1,40.6,7.190676034,5.141663557,5.627621114,6.320768294,5.774551546,7.051855623,5.214935758,5.602118821,6.013715156,5.673323267,0.013267261,-0.011153543,-0.098400117,-0.003606382,0.006796516,0,-0.001971645,0.000839174,-0.001089569,-0.005516415,-0.003117411,0.001907993,0.005242759,-0.000882839,0.000260761,-0.000448625,-0.054465735,-0.052337525,0.187314296,-0.056316935,0.12,0.38,0.58,0.28,0.28,0.43,0.51,0.37,0.4,-0.13,-1.15,-1.07,-0.8,-1.01,-1.32,-1.25,-0.32,0.020609526,-0.00365936,-7.15571E-05,0.000417223,-0.001581175,-0.005188001,-0.007762005,-0.002911113,-0.014273648,0,0.016094503,-2.84448E-05,-0.003469191,0.002758537,-0.00310066,-2.42668E-05,-5.45901E-06,-3.60728E-05,-2.84448E-05,0.002515133,-2.79951E-05,0.000274989,-0.00189787,0.00042108,0.000759383,-3.50134E-05,0.006628657,-1.01425E-05,-1.661596541,0.00021278,-0.002440888,0.004908445,-0.006417173,18.0997
0.001750749,0.001679441,0.005950145,-0.012683912,0.003059968,-0.018690853,-0.015540608,-0.015543313,-0.016912358,-0.053922477,-0.002031091,-0.014039876,-0.02325017,-0.040275432,-0.007567416,-0.022083677,0.009836278,0.010651548,-2.1239,-153,-0.171346637,0.004364177,0.000507872,0.4,-0.1,0.127202258,0.05508,0.042660497,0.024605811,0.080042708,0.1168978,-0.000898775,-0.006928333,-0.007700538,-0.025131069,-0.00330543,-0.006486317,0.001666667,0.001942029,0.001348809,0.002026403,4.04049E-05,0.003737247,0.001521644,40,-0.1,40.4,6.989335266,4.983606622,5.480638923,6.165417854,5.407171771,6.967909202,5.010635294,5.375278408,6.008813185,5.666426688,-0.012773983,-0.040153989,0.120319195,-0.00618278,0.000883106,0.020662252,0.009744501,-0.001374016,-0.002375527,0.000394903,0.017077076,0.020835403,-0.016157586,0.005225277,0.000892217,-0.000131429,-0.008819371,-0.011005614,0.034411117,-0.006794711,0.01,-0.06,0.05,-0.12,-0.07,0.21,0.14,0.19,0.21,-0.2,-1.11,-1.2,-0.88,-0.81,-1.19,-1.07,-0.12,0.026391869,0.001159474,0.000178883,0.001292286,-0.001210823,0.002554212,0.0051414,0.00572237,0.002844952,0,0.014955815,-2.81438E-05,0.001716718,0.005448941,0.003044028,-2.40295E-05,-5.43359E-06,0.002927322,-2.81438E-05,-0.005108494,-2.77012E-05,-0.000945293,-6.43399E-05,-0.001926293,-0.000668218,-0.002962862,-0.006763199,-1.00782E-05,1.312503454,0.001919173,-0.010707378,-0.018218633,-0.018235356,16.2759
0.002477218,0.001756394,0.004376846,0.00088842,0.00465422,-0.000660499,0.002686301,0.005156855,0.009822614,0.014475472,0.007919436,0.004232699,-0.005634212,-0.015390192,0.003209149,0.000777418,-0.005907672,-0.00153961,-0.1971,-36,-0.088968722,0.002071504,-0.001041415,0.3,0.1,0.080042708,0.116233664,0.086624605,0.070380797,0.118559735,0.045507357,0.001796744,0.000923625,-0.002305287,0.024051446,-0.003425313,-0.004288018,-0.002083768,0.002206027,0.001488676,0.001026318,0.00226007,0.003437414,0.001759015,40,-0.1,40.2,7.17395832,5.459585514,5.442417711,6.274762021,5.730099783,7.019296654,5.257495372,5.480638923,5.993961427,5.65248918,0.002101895,-0.006499559,-0.06316966,-0.00728796,0.005750515,0,-0.017053486,-0.008500212,-0.010922713,-4.12759E-05,-0.061416637,-0.073787086,-0.002866821,-0.00327578,-0.002265515,-0.000620674,-0.035502686,-0.037620385,0.130422788,-0.035117683,0,-0.23,-0.74,-0.56,-0.51,-0.35,-0.55,0.02,-0.08,-0.43,-1.85,-1.76,-1.39,-1.16,-1.74,-1.05,-0.2,0.023379547,-0.003482464,-7.15494E-05,0.001789766,0.000186376,-0.007689037,-0.007708795,-0.008608375,0.002844952,0,-0.045094905,-2.78476E-05,0.001699055,-0.008260607,-3.71809E-05,-2.37956E-05,0.00231209,-0.003015642,-2.78476E-05,0.00251566,-2.74119E-05,0.000326553,0.001703137,0.000252328,0.000174357,0.00291111,-0.002234247,-1.00145E-05,-1.802921498,-0.016511193,0.003426678,0.004665279,-0.002450376,17.6779
0.003819304,0.003768482,-0.005096192,-0.011754137,-0.009396219,-0.001299229,-0.000536184,-0.002666356,-0.001199143,0.009454143,-0.005501938,0.002019902,-0.002352933,-0.000411709,-0.011542673,-0.002858065,0.002048159,0.014129831,-0.4933,-184,-0.100049754,0.004215033,0.002094428,0.2,0.3,0.014256861,0.077985396,0.127663144,0.13312678,0.117092666,0.037023688,0.002073469,-0.000395735,-0.001484781,-0.001621622,-5.44647E-05,0.00169954,-0.002785129,0.003228098,0.00198146,0.001054543,0.003126072,0.004280218,0.006767272,39.9,-0.1,40.1,7.184629153,5.521460918,5.634789603,6.253828812,5.598421959,7.031741259,5.176149733,5.552959585,6.01615716,5.659482216,-0.01678233,-0.024334395,-0.104773686,-0.009912148,0.004145628,0.020662251,0.00924541,0.007316895,-0.0035154,-0.001000012,0.019082532,0.030280073,0.003008748,-0.001742904,-0.002378144,-0.000944227,0.016950522,0.012663653,-0.057308761,0.018331689,-1.22,-0.22,-0.5,-0.64,-0.62,-0.61,-0.17,-0.09,-0.15,0.57,-1.13,-1.18,-0.79,-0.55,-0.69,0.08,0.87,0.007355465,0.002369394,-0.000465196,0.000457333,-0.000372787,0.005121642,0.005134791,-0.002861232,0.008454603,0,0.026890901,-2.7556E-05,-0.0051414,-0.005457029,-3.67316E-05,-0.00486619,-0.00232824,0.005796318,-2.7556E-05,-0.002534791,-2.71271E-05,-0.001417312,0.000126104,-0.004584122,0.000235809,-3.4E-05,0.004338068,0.003129769,-1.68283053,0.007673955,0.002431226,-0.002718282,0.028575746,17.4539
0.009945189,-0.005924487,0.000755301,-0.005067015,0.011780477,-0.002575253,0.000339201,-0.000252944,0.004041829,-0.00045917,0.005786687,-0.000458148,-0.006939676,-0.018781712,0.007324193,-0.003568271,0.011302896,-0.007030048,-0.5465,-91,-0.061819238,0.002771979,0.000849214,0.2,-0.1,0.078252197,-0.024119079,0.119861606,0.12499649,0.109770666,0.192674736,-0.001456583,-0.00821378,-0.004633468,-0.007602535,-0.00836825,-0.011324946,-0.003772271,0.001681879,-0.001698154,0.000204921,-0.002400704,0.001991183,0.008060736,39.7,-0.1,39.8,7.142036575,5.351858133,5.579729826,6.278521424,5.545177444,7.109879463,5.198497031,5.459585514,6.144185634,5.834810737,0.008229092,-0.021634701,-0.058677976,-0.012529969,0.00789325,0.020662252,0.001440853,0.000167068,-0.003331486,0.006423313,0.035964803,0.032583517,0.005175772,-0.000851867,-0.000112605,-0.002221195,-0.030930301,-0.030794222,0.11620503,-0.031384045,0.34,-0.27,-0.12,0.02,0.09,0.29,0.32,-0.01,0.07,-0.04,-1.59,-1.5,-1.04,-0.6,-0.71,-0.27,0.6,0.019331735,-0.001811384,0.00132401,0.000124691,9.32097E-05,-0.002560821,-0.002567396,0.008575534,-0.014112497,0,0.014324644,-2.72689E-05,0.003412973,0.016297244,0.002953248,0.004842624,0.002296163,-0.005898922,0.002566766,0.002496817,-2.68467E-05,0.002499698,-0.000738942,0.006975162,0.000295953,-3.36069E-05,0.004225465,-0.006289329,-1.929532325,0.001060141,0.011557653,0.007625513,0.003958424,18.3914
-0.005754441,0.002129416,0.006843575,0.010802909,0.014187392,-0.001165278,0.000301693,0.000537103,0.005413812,0.000985096,0.007120933,-0.001016103,-0.003317187,-0.005683139,-0.005373211,-0.002338092,0.017253851,-0.013123179,-0.4434,-194,-0.07519709,-0.002953819,-0.004647804,0.2,0.4,-0.014124529,0.115167603,-0.018441428,-0.105360516,0.134150013,-0.046732329,-0.00315854,-0.009624027,-0.001826181,-0.009585175,-0.009824563,-0.010814846,-0.00829297,-0.000184458,0.000495593,0.000673016,0.00079193,0.001703578,-0.002916488,39.6,0,39.8,7.162397497,5.231108617,5.552959585,6.350885717,5.605802066,7.19142933,5.298317367,5.556828062,6.269096284,5.831882477,0.011799851,0.031243309,0.047892566,-0.010480512,-0.000289092,-0.020662252,-0.002433626,0.003383468,0.002679127,-0.002116881,-0.030605395,-0.038210405,0.000667505,-0.001058633,0.0006883,0.000434906,-0.122243229,-0.122634697,0.484466532,-0.116661311,-0.16,0.17,0.33,0.42,0.69,0.47,0.52,0.28,0.28,0.29,-1.1,-0.92,-0.19,0.03,-0.03,0.17,1.04,0.015346482,0.001927387,0.002294558,-0.000997963,9.3201E-05,0,-0.002567396,-0.002869349,-0.011371694,0,-0.044618124,-0.00261431,-0.001710845,-0.010876938,-0.003043164,-0.002430078,0.002264576,-3.3413E-05,-0.005215057,-0.002515662,-0.002593966,-0.00184664,0.000831013,-0.004614424,-0.000593613,-3.32207E-05,-0.017260227,0.009360443,-4.361170547,0.002825806,-0.003603612,-0.001608884,-0.019347579,37.6526
0.0031234,0.003238654,0.003386511,0.003997146,0.006348006,-0.003240583,-0.002346124,-0.00213186,0.00250149,0.019213788,-0.00422582,-0.006087211,-0.004513296,-0.001087099,-0.007288283,-0.00301892,-0.014202298,0.006562257,-0.4945,-57,-0.042011567,1.21236E-05,-0.001923849,0.1,0,-0.004276557,0.038724712,0.105868001,0.184633697,-0.030771659,-0.04581457,-0.001322528,-0.004262294,0.005137991,0.000550206,-0.005506285,-0.00927165,0.000282247,2.04971E-05,0.000778293,-0.001200041,6.70839E-05,0.000850702,-7.89422E-05,39.6,-0.1,39.8,7.233455419,5.241747015,5.720311777,6.376726948,5.713732806,7.18690102,5.379897354,5.697093487,6.202535517,5.746203191,0.006271802,0.018837561,-0.054133115,-0.006295508,0.006283347,0,-0.000487403,0.000981105,0.001043569,-0.002124486,-0.002470167,0.00505538,0.004575746,-0.002414355,0.003643591,-0.00023356,-0.006198503,-0.002407899,0.030373989,-0.002542556,-0.34,-0.02,-0.16,-0.16,-0.2,-0.12,-0.07,0.37,0.27,0.61,-0.92,-0.74,-0.05,0.25,0.24,0.88,1.65,0.001744427,0.00120563,-7.18865E-05,-0.002499272,-0.032488532,0.00255428,0.005134791,-8.0708E-06,0.014184635,0,-0.005698158,0.002573935,0.001693461,0.002670151,-3.52215E-05,-5.80637E-06,-0.002317063,-3.303E-05,0.002567327,-6.21889E-06,0.002554212,-0.000584136,-0.000465807,-0.001247618,-0.00020798,-3.2841E-05,0.017149224,-0.003168473,-0.527630166,0.003277424,0.004658305,0.007580262,0.004290526,23.776
0.005557084,0.005260318,-0.000249141,0.001066615,0.008338421,0.002452673,0.000869207,-0.001066329,0.002396378,0.001784178,0.002648884,-0.002604111,0.005013214,0.001213204,0.017889897,0.003101729,0.016197265,-0.017088429,-0.0035,-99,-0.041353461,0.00504279,0.003983739,0.1,0.3,0.015123162,0.029784561,0.007581537,-0.011614532,0.043675064,-0.034308682,0.000337833,-0.002070394,-0.000330688,0.002472189,-0.002960317,-0.006291075,0.002114315,0.001433751,0.002613457,0.005199521,0.001246941,0.001699236,0.002365559,39.7,0.1,40,7.324489979,5.484796933,5.758901774,6.455198563,5.780743516,7.188412736,5.420534999,5.733341277,6.173786104,5.733341277,-0.006545243,-0.01159194,0.081046565,-0.008678116,0.007328557,0,-3.7125E-06,0.000295245,0.003968646,0.00129442,0.032187235,0.01229612,0.000100261,0.004663701,0.000138853,-0.000723303,0.001718327,0.000482044,-0.002824851,0.006024636,-0.39,0.08,-0.23,-0.35,-0.45,-0.26,-0.38,-0.04,0.15,1.08,-0.76,-0.7,-0.11,0.38,0.25,1.23,2.19,0.009496743,-0.002737948,0.001364683,-0.002965564,-0.006180609,-0.00255428,-0.002567396,0.002812851,0.002853069,-0.012012156,-0.000225307,-0.002593966,-0.001702108,-2.85972E-05,-3.48071E-05,-5.77849E-06,-0.002285668,-3.26536E-05,-2.64342E-05,0.002472128,-0.002573937,0.001090572,0.001751432,0.002437317,-0.000142735,-3.24678E-05,-0.000162983,-0.003110304,-0.530808134,0.001740204,-0.034479405,-0.018277097,0.009358104,21.3723
0.002547036,0.001949062,0.004191538,-0.000462562,-0.000316987,-0.001784103,-0.010753197,-0.012046104,-0.017162175,-0.030930441,-0.011596746,-0.002748846,0.012026228,0.017985509,-0.015532078,-0.006821541,0.007936097,0.016453377,-0.7914,-29,-0.019504918,-0.000253346,-0.001296473,0.1,-0.1,0.023181381,0.014195233,0.062932247,0.058974002,0.070131824,-0.003846831,-0.001690308,-0.004063211,0.008562542,0.001096792,-0.005496985,-0.005210768,-0.005931383,-0.000614213,-0.000776261,-0.003794739,-0.000321643,0.001131222,0.001102015,39.5,-0.1,39.8,7.243512975,5.214935758,5.627621114,6.432940093,5.749392986,7.239932591,5.398162702,5.739792912,6.240275845,5.855071922,-0.011413855,-0.00637337,-0.01011198,-0.009874468,0.006028569,0.010331126,0.007168219,0.00310358,0.007052535,0.001753619,-0.012862401,0.024103132,0.000146284,9.15771E-05,-0.002565413,-0.000502971,0.028640333,0.028505493,-0.114411933,0.039111074,-0.6,-0.39,-0.04,0.04,-0.12,-0.02,0.07,-0.31,0.04,1.29,-0.2,-0.06,0.37,0.96,0.92,1.52,2.83,-0.002943296,-0.000534542,-0.003193397,-0.001213821,-0.010419297,0,0,-0.005649733,-0.014314513,0.012012156,-0.002168336,-6.60849E-06,0.001684901,-0.007996463,-3.44E-05,-5.75081E-06,0.002254746,-3.22836E-05,-0.002573937,-0.004962789,-6.50773E-06,-0.001059156,-0.000246916,-0.002485291,-0.000203578,-3.21009E-05,0.00191364,-9.4675E-06,1.507702409,0.004102349,0.046706006,0.019034759,0.013049212,21.3772
-0.00068821,-0.002766691,0.00495033,-0.001738016,0.003102152,-0.006918938,-0.006847278,-0.009643051,-0.003810543,-0.02698784,0.00530785,-0.021574907,-0.006921174,-0.021916772,0.010742852,-0.008453447,0.010199921,0.020879985,-0.9107,-27,-0.03511317,0.000892459,-0.00160385,0.3,0.1,0.023999341,0.071561281,0.111300287,0.110413806,0.11290173,0.10973077,0.000211445,-0.005306977,0.00163827,-0.00853177,-0.004905426,-0.005800914,-0.003547361,0.002699719,0.000564613,0.000789324,0.002463286,0.002822469,0.00235738,39.2,-0.2,39.6,7.335633982,5.433722004,5.613128106,6.502790046,5.897153868,7.262628601,5.33753808,5.659482216,6.308098442,5.945420609,-0.012612375,0.004060478,-0.026506152,-0.00714142,0.003509371,0.010331126,-8.19408E-05,0.000726457,0.005272985,0.00240645,0.006592337,-0.004138323,0.001074011,0.000835036,0.002487587,5.4877E-05,0.058084861,0.059770145,-0.226748087,0.064088273,-0.32,-0.58,-0.29,-0.09,-0.25,-0.28,-0.14,-0.04,-0.05,1.03,-0.17,0.17,0.44,1,1.1,1.8,3.1,0.013016323,0.001208122,-0.000715997,-0.001005657,-0.005496677,0.010152371,0.01020417,0.002812941,0.034254453,0,0.007554322,0.002547705,0.001667886,0.007982279,-3.4E-05,0.002378068,-2.03825E-05,-3.19198E-05,0.00253479,0.004938282,0.002528381,0.001841282,0.000799903,0.00379336,0.000794454,-3.17402E-05,-0.016671339,0.00608817,2.811239625,0.001231948,-0.010677877,-0.005207024,-0.004413648,17.5699
-0.003470854,-0.005689125,-0.006085283,-0.010458564,0.008215214,-0.020205253,-0.015832938,-0.018553688,-0.012379418,-0.061726486,0.006030858,-0.033267683,-0.026752337,-0.057642565,0.003814814,-0.022601978,0.016478511,-0.010235537,-1.9856,-190,-0.059387523,0.003874155,0.002379393,0.1,-0.2,0.065377096,0.015079107,-0.021809716,0.009813621,-0.081526608,0.046320195,-0.006065037,-0.023514255,0.00081813,0.002208725,-0.029774177,-0.04667642,-0.004701868,0.001673436,0.000423251,2.92222E-05,0.0022438,0.002252253,0.004073006,39.2,0,39.5,7.365180126,5.488937726,5.771441123,6.463029457,5.932245187,7.355001921,5.517452896,5.774551546,6.343880434,6.049733455,-0.038316443,-0.081962129,-0.042105966,-0.013890005,0.001468015,0.010331126,-0.003831068,-0.001889217,0.003393415,-0.005013722,-0.01960474,-0.024002457,-0.006827958,0.000764359,-0.003250791,-8.38E-05,0.021444368,0.023869042,-0.101714214,0.028784996,-0.09,-0.47,-0.21,-0.25,-0.3,-0.17,-0.06,-0.06,-0.06,0.65,-0.29,0.01,0.23,0.92,1.13,1.83,3.13,0.027736039,0.005580204,-0.000465226,0.000880005,0.005496677,-0.010152371,-0.012745468,0.002789314,-0.02279301,0,-0.004056147,-2.60312E-05,-0.001696181,0.005235026,-0.002919612,-2.2676E-05,0.002214438,-3.15622E-05,0.002496302,-2.42668E-05,-2.56372E-05,0.000498537,0.003026101,-0.000547485,0.000412154,-0.005617992,0.010337049,-0.018320739,5.07440575,-0.00219925,-0.007077988,-0.002110847,0.003337198,17.557
-0.000980881,-0.000398126,-0.006622541,-0.016926868,-0.022379532,-0.006074293,-0.006059071,-0.006522136,-0.00669805,0.003257501,-0.010230863,-0.005572784,-0.006001619,-0.015819915,-0.004802015,-0.006130631,-0.040180647,0.013699223,-0.7006,-6,-0.035875044,0.003260925,-0.000444911,0.4,0.6,-0.020322461,0.152983819,0.121953603,0.051390946,0.248306907,-0.025348553,-0.001561081,-0.006165075,0.000980873,0.004677406,-0.00871427,-0.012565092,-0.003146906,0.000448494,-0.001835381,-0.000994036,-0.003889781,0.003368897,0.002888032,39.2,-0.1,39.5,7.40671073,5.509388337,5.846438775,6.586171655,5.796057751,7.314552832,5.579729826,5.799092654,6.335054251,5.837730447,-0.01828733,0.016127497,0.064103469,-0.004609866,0.004447329,0.041324503,-0.001429548,-0.000875869,0.002489707,-0.000401477,0.005677289,0.002554519,0.001405592,-0.000764427,-0.00394638,-0.000859026,-0.001067299,-0.002912152,-0.015750966,0.006918937,-0.6,-0.55,-0.63,-0.79,-0.92,-0.65,-0.49,0.02,0.05,0.7,-0.32,-0.18,-0.09,0.87,1.24,2.45,3.78,-0.008946792,-0.002820942,-0.000286228,0.001213973,-0.001273324,0.005037794,0.00761745,-0.002812853,-0.011331566,0,-0.020518823,-2.57676E-05,0.001654094,-0.000110229,0.002869347,-0.002383738,-4.48432E-05,-3.12105E-05,-0.002560235,-2.40295E-05,-2.53796E-05,-0.001056315,0.00073801,-0.003253873,0.000159601,0.002797205,-6.77426E-05,0.009160369,-1.560207267,-0.001098626,-0.005000601,-0.003308248,0.000945396,16.5581
0.003388322,0.002545273,0.009280562,0.031242265,0.028878539,0.022705561,0.022984029,0.028144236,0.042182108,0.110082231,0.016338833,0.012681185,0.02237764,0.053496436,-0.0035044,0.026004699,0.009668737,0.015795574,1.7501,4,-0.017339703,0.001459173,-0.000712269,0.2,0.5,0.013172062,-0.077031096,0.235240013,0.288145787,0.14290002,-0.061009015,0.005396652,0.015249726,-0.001308045,0.012276788,0.016602484,0.028657506,-0.001003369,0.001079639,-0.000211992,-0.000351072,0.006328206,0.003078217,0.001168452,39.4,-0.1,39.5,7.545918151,5.480638923,5.932245187,6.760414691,6.023447593,7.477038472,5.749392986,5.857933154,6.50578406,6.073044534,0.022816291,0.10593999,0.095994616,0.004221542,0.00134718,-0.051655629,-0.000480324,0.001060679,0.003627689,0.002931544,0.019298267,0.021054818,0.007043018,0.004414385,0.008577062,-0.000322693,0.066220483,0.064214425,-0.25850393,0.074870422,-0.7,-0.57,-0.41,-0.53,-0.51,-0.52,-0.45,-0.41,-0.26,0.83,-0.03,-0.01,0.1,1.05,1.49,2.74,4.22,-0.010991551,-0.001367086,-0.000107357,0.000125499,-0.002748063,-0.005037794,-0.007611009,-0.002789402,-0.00591024,0.072812355,0.000906116,-2.55079E-05,-0.001681918,-0.00010795,0.002820039,0.002350125,-4.42485E-05,-3.08647E-05,-2.51258E-05,-2.37956E-05,-2.51258E-05,0.000545604,-0.001758322,0.001661599,0.000218242,0.011072643,-0.010239669,0.018237588,-1.13249534,0.000813921,-0.009927333,0.006978253,0.009512885,13.355
0.008598253,0.009618626,0.013604217,0.009749715,0.023667377,0.007663291,0.003693855,0.003905917,0.014828719,0.039004682,0.005068812,-0.022110451,0.013861846,0.024619677,0.000301045,0.008431855,0.006801216,0.002973643,0.4334,-96,-0.010235752,0.002148998,0.003429489,-0.2,0.7,-0.028689615,0.024907888,0.009932362,-0.051366498,0.11575022,-0.023810649,0.001073022,-0.003651748,-0.009865256,-0.012276788,-0.001676834,-0.001743004,-0.001578759,0.003150761,0.003879391,-0.003253274,0.005626939,0.003347283,0.002565799,39.6,0.3,39.9,7.510977752,5.459585514,5.84932478,6.650279049,6.159095388,7.404279118,5.575949103,5.902633333,6.453624999,5.934894196,-0.013372795,0.030398726,-0.027593273,0.009811093,0.004645054,-0.020662252,0.001847213,0.001506983,0.007657538,-0.000575792,0.019985692,0.016687004,-0.008978221,-0.00282015,-0.002331744,-0.001069976,0.037489407,0.034644118,-0.139000041,0.051835322,-0.76,-0.62,-0.43,-0.42,-0.43,-0.06,-0.15,-0.28,-0.38,0.97,0.3,0.33,0.43,1.75,2.1,3.22,4.6,0.005419948,-0.001740523,0.000987583,0.006338108,-0.005617715,0.002509412,0.005069711,0.002781643,0.025899869,-0.072812355,0.016274989,-0.002528382,-0.001665261,-0.002653513,-0.005738792,-0.00471699,-0.004429638,-3.05246E-05,-2.48758E-05,-0.002441946,-0.00500001,-0.002347988,-0.000138399,-0.004244335,-0.001553016,-0.005639349,0.016256339,-0.006261397,2.617499586,0.001843061,0.010832655,-0.011894703,-0.011012612,14.3142
0.001967472,0.001022294,0.001883634,0.00556895,0.010167733,-0.001909028,0.000877121,-0.00137291,-0.000561417,0.022391788,-0.010165122,0.005551882,-0.005942182,-0.006091014,0.000234264,0.000476417,0.003621584,0.006786324,-0.1628,65,0.02154145,-0.002950084,-0.002081695,0,-0.1,-0.055371286,0.004295803,-0.041271332,-0.096775382,0.041008024,-0.050800215,-0.000847027,-0.003711612,-0.00779634,-0.002748765,-0.003710579,-0.004760295,-0.002156878,0.000405828,0.001266357,0.000440251,-0.000198527,0.002225314,-7.76548E-05,39.4,0,39.7,7.46221494,5.459585514,5.765191103,6.609349243,6.098074282,7.370230642,5.308267697,5.730099783,6.448889394,6.100318952,-0.015970543,0.01857349,0.064460369,0.010360144,0.005179195,-0.010331125,0.003660585,0.002553368,0.012716681,0.002487755,-0.057848069,-0.056944138,0.001402076,0.000535925,0.002341848,9.2234E-05,0.037989878,0.042151834,-0.135100247,0.048546166,-0.42,-0.64,-0.74,-0.69,-0.68,-0.33,-0.13,-0.28,-0.35,0.75,-0.02,0.06,0.17,1.84,2.39,3.36,4.67,-0.009621224,-0.001673757,-0.001327622,0.004975547,-0.004258908,0.002490599,0.00251566,-7.71608E-06,0.022461846,0,-0.002498816,-0.002509412,0.001648787,-0.002593427,0.002820785,0.002350177,-4.83035E-06,-0.00276617,-0.004975135,-5.86275E-06,0.002490661,0.000832652,-0.002149878,0.002537673,0.000410541,-6.71885E-05,-0.006181266,-0.003087244,1.775825002,0.001178811,0.010407436,0.00464265,-0.01320163,14.3354
0.003133706,0.002747147,0.000522603,0.004139548,0.001384,-0.001084354,-0.002940248,-0.001827272,0.002849691,0.001160028,0.003616181,-0.010080527,0.001907626,0.003310181,0.000201683,-0.002082861,0.023464745,0.002178404,-0.3603,-1,-0.008806213,-0.000334972,-0.001424139,0.1,0.2,-0.015733781,0.002446484,0.027702603,0.039530839,0.011098893,0.033754827,0.000748244,-0.001069643,-0.002668002,0.011222234,-0.003607801,-0.004685221,-0.002017292,0.001540645,0.000421763,-0.000880695,0.001917445,0.002220373,0.0024045,39.6,0,39.8,7.554858521,5.370638028,6.047372179,6.706862337,6.118097198,7.472500745,5.609471795,5.978885765,6.490723535,6.068425588,-0.014709181,-0.019686794,-0.026731618,-0.00151396,0.007470775,0,-0.002358969,0.001072023,0.011265284,-0.0031658,0.010481138,0.009858173,-0.002280512,0.003009414,0.000231159,-8.9593E-05,0.025317808,0.027753863,-0.090361446,0.034511298,-0.01,-0.28,-0.32,-0.28,-0.2,-0.56,-0.41,0.13,0.07,0.48,-0.33,-0.21,-0.02,1.29,1.99,3.5,4.75,0.005165715,0.000511723,-7.35599E-05,0.00037217,-0.001092408,-0.002509349,-0.002534791,0.002750949,-0.045145384,0,0.019629856,0.00250313,-0.003305788,-0.00508907,-3.19198E-05,-5.51039E-06,-4.80918E-06,-0.002743486,0,0.002400906,-6.18798E-06,0.000362138,-0.001975439,0.00200829,-7.85721E-05,-0.002757892,-0.0020501,-0.008888947,1.175601982,0.000531872,0.001600133,0.000542005,0.003093559,13.5001
0.002646371,0.002765676,0.00597307,0.005424644,0.018410362,0.005601067,0.005047752,0.003637948,0.008154042,0.006448594,0.008927445,-0.005988731,0.006590113,0.001301597,0.020026237,0.005236525,-0.001435962,0.004047523,0.2064,-3,0.002230078,0.004429303,0.005064266,-0.1,0.3,0.028507678,-0.038610026,0.045401656,0.074661529,0.002205073,-0.021506205,0.002508881,0.002834377,0.000500793,0.016466832,-0.00029152,-0.000978857,0.000720929,0.002367152,0.002526849,0.000704618,0.004100231,0.003597624,0.002862339,39.6,0,39.9,7.593877845,5.459585514,6.11368218,6.710523109,6.169610732,7.464509835,5.525452939,5.991464547,6.484635236,6.084499413,0.013722493,-0.025365412,-0.019146611,-0.006059198,0.005991498,0,-0.00094962,-0.000794904,0.010530924,-0.001755283,0.015104516,0.020385696,0.000617432,0.001014785,0.002713638,0.000268983,0.033566824,0.036726026,-0.106305494,0.041361869,0.44,0.38,0.48,0.53,0.61,0.65,0.13,0.04,-0.01,0.42,-0.29,-0.12,0.15,1.5,1.68,3.1,4.3,0.009581232,-0.000372136,-4.33553E-05,-0.000330811,0.001290899,-6.18798E-06,0.002496817,-0.005524876,0.030832594,0,0.02823206,-6.25002E-06,0.001648805,0,-3.15622E-05,0.002328239,-4.78816E-06,0.00273598,0.002478316,-0.002418325,-6.15731E-06,0.000635472,0.001715835,0.001383448,-0.000198161,-2.90615E-05,0.001938762,0.00588237,2.594602555,-0.000701515,0.007395152,0.006601712,0.001663102,12.0573
0.003859992,0.004082328,-0.000727361,0.004871698,-0.005891339,0.005061529,0.000738468,-3.9789E-05,0.000865442,0.015414171,-0.00533759,-0.006872832,0.011706874,0.020836088,0.004005834,0.006713515,0.0074738,-0.042129973,0.3219,34,0.003070373,0.002248917,0.001922518,0,0.3,0.010372134,-0.005730675,0.020672571,-0.044124805,0.11238425,0.016215639,0.002951845,0.004305861,0.001167542,0.004008021,0.004421954,0.005079624,0.003453241,0.002361562,0.00238062,0.003574153,0.002969077,0.003309435,0.001929385,39.6,0.1,40,7.625107148,5.598421959,5.963579344,6.776506992,6.240275845,7.586803535,5.834810737,6.063785209,6.579251212,6.173786104,0.019753874,-0.012086739,-0.028793523,-0.013863667,0.005955813,-0.010331126,0.00358036,-0.000466624,0.007523851,0.005173228,0.006126078,-0.003773591,0.006653574,6.62433E-05,-0.003350145,-0.000413363,-0.013685453,-0.011499463,0.038274195,-0.009874326,0.48,0.49,0.28,0.33,0.74,0.63,0.56,0.28,0.17,0.43,-0.49,-0.27,0.41,1.65,1.76,2.9,3.99,-0.003693904,-0.04144059,-0.000252337,0.000330811,0.000991867,0.002466032,-0.002515662,0.005494519,-0.016807118,0,-0.041163274,0.002478254,0.004919363,0,-3.12105E-05,-2.17345E-05,0.002171512,-7.46517E-06,0.002459966,0.002383737,0.002459966,0.000214429,-0.00080348,-0.000406863,0.000943937,0.002634367,0.003844008,-3.44E-05,-0.568819219,0.001327672,-0.003425089,-0.000199013,-0.02517801,14.1451
0.018590182,0.000441037,0.008040765,0.013639274,0.018591505,0.00418482,0.004053108,0.004364687,0.007395482,0.007888572,0.007223787,0.004968446,0.004485208,-0.006997756,0.024735867,0.002512183,0.002739273,0.029534857,-0.0032,103,0.025631052,-0.005111992,-0.004838637,0,0.4,-0.022228178,0.025222018,-0.005128216,-0.06043667,0.062937831,0.014608719,8.42105E-05,-0.003563746,-0.001501377,0.002397125,-0.005005248,-0.004981695,-0.00503997,0.001671921,-0.000489665,-0.004690028,0.002175224,0.005491502,0.002925554,39.6,0,39.9,7.613818685,5.537334267,6.013715156,6.784457063,6.171700597,7.551186867,5.680172609,6.040254711,6.573680167,6.161207322,0.017062844,0.025806545,0.145655607,-0.012532712,0.00277453,-0.020662252,-0.002315803,-0.00312236,0.004463216,-0.003530759,-0.021558121,-0.024357359,0.00127734,-0.000129954,0.00122546,-0.002320894,-0.018677276,-0.018860011,0.054245711,-0.01816686,0.28,0.32,0.61,0.61,0.6,0.25,0.13,0.11,0.13,0.47,-0.16,0.06,0.73,1.62,1.61,2.73,3.84,0.006771232,-0.007398428,-3.35747E-06,4.13437E-05,0.012413953,-0.002484413,0.002478254,-3.00248E-05,0.00554018,0,0.012931215,-2.46295E-05,-0.004932845,0.005063302,-3.08647E-05,-0.002333673,-0.002185752,0.005412643,-2.42668E-05,-2.27844E-05,-2.42668E-05,0.000257466,5.63039E-05,0.000890934,-2.41709E-05,-0.002705672,-0.005933921,-3.4E-05,0.763299809,-0.002295155,0.005622686,0.002015838,0.018156455,16.883
-0.012565915,0.001270138,-0.004305675,-0.011583953,0.00305557,-0.002906759,0.011255628,0.009368858,0.015354205,0.018552556,0.014003293,0.001632553,-0.024428363,-0.040073134,-0.004383705,0.001696008,0.030159449,0.000665317,-0.0663,-38,-0.016651674,0.007545589,0.006934016,0.1,-0.1,0.013667639,-0.036137054,0.069506878,0.088607547,0.046940025,-0.011192248,0.00086976,-0.000185477,-0.031716387,0.007157088,-0.000758792,-0.002352942,0.00158673,0.001327487,0.001677853,0.003021726,0.003853972,0.001641587,0.000230601,39.6,0,40,7.641564441,5.659482216,6.03068526,6.752270376,6.261491684,7.634820678,5.80814249,6.075346031,6.672032945,6.23636959,-0.009153057,-0.012163009,-0.212586587,-0.007998704,0.00395804,0.020662252,-0.000489587,0.0003539,0.007315058,0.002313664,0.023275052,0.019509381,-0.007181288,0.006518752,0.001080876,0.002382951,-0.007246409,-0.010939033,0.019245123,-0.002682108,0.4,0.37,0.65,0.66,0.4,0.32,0.21,0,0.01,0.44,0.09,0.32,0.73,1.54,1.42,2.33,3.45,0.021602638,0.000195398,-2.09844E-05,-0.000124036,0,-0.007404374,-0.009950269,-2.96985E-05,-0.013862004,0,0,-0.002484413,-2.66992E-06,-0.005063302,-3.05246E-05,-5.35838E-06,-4.70543E-06,-0.005442101,-0.002466033,-0.002389433,-0.002466033,-0.00138691,0.000101573,-0.003974562,-0.000142686,-2.79951E-05,-3.38026E-05,-0.002919612,1.239359424,-0.000261334,0.002871698,0.006570781,0.008549223,13.8336
0.003397337,0.003774955,0.005713908,0.006264839,0.005563297,-0.005820931,-0.005805369,-0.00335208,-0.01151098,-0.009854939,-0.012203,0.015123391,-0.005902171,-0.026844403,0.015758979,-0.011910675,-0.036824157,0.017680536,-1.1142,25,-0.005088069,0.00394053,0.002946289,0.1,0,0.05587554,0.01219136,0.007961825,0.038714512,-0.030441026,0.103739147,0.000770929,0.000278203,0.029543745,0,-0.000642505,-0.000294507,-0.001153735,0.00098442,0.001744775,0.002340688,0.003592351,0.002184599,0.002303087,39.5,0,39.8,7.676937146,5.655991811,6.131226489,6.828712072,6.190315406,7.602900462,5.802118375,6.054439346,6.606650186,6.228511004,-0.007084634,0.054685626,0.124606831,0.002977841,0.005665737,-0.010331126,-0.003136784,-0.001114951,0.006193814,-0.002979717,-0.01929907,-0.008159271,0.009133453,-0.006591394,0.001613064,0.000375015,-0.017937701,-0.016636243,0.05317967,-0.015007384,0.25,-0.01,-0.46,-0.41,-0.24,-0.3,-0.15,-0.05,0,0.18,-0.62,-0.34,0.24,0.99,1.02,2.03,3.2,-0.005832564,-0.015753784,-0.004555072,0.006634959,-0.0081601,0.012336589,0.012428585,0.002662414,0.005532421,0,0.002166848,-6.06665E-06,-0.00490063,0.002522069,-0.00276617,-5.33366E-06,-0.004333696,0.0026773,-5.97798E-06,-5.61534E-06,-5.97798E-06,-0.000100032,-0.009723938,0.003864016,-2.25657E-05,-2.77012E-05,0.001880463,0.002869347,-0.508390529,-0.001237821,-0.015689206,-0.00390759,-0.021453686,23.3838
0.005871999,0.004377614,0.009904453,0.008963954,0.017103249,0.016121581,0.014225618,0.010854077,0.009175293,-0.001673733,0.013911683,0.022729455,0.018955933,0.041853277,0.008174727,0.020037321,-7.33292E-05,-0.021515218,1.3512,-28,0.00377615,0.000684754,0.001884091,-0.1,0.4,-0.015524245,0,-0.017600454,-0.050479354,0.02336135,-0.015492177,0.003454863,0.003701994,0.010816313,0.00894037,0.002276111,0.001863751,0.002881846,0.003347804,0.003271958,0.004490458,0.003100375,0.003539827,0.002068253,39.4,-0.1,39.7,7.621195163,5.501258211,6.11368218,6.779921907,6.139884552,7.598900457,5.840641657,6.056784013,6.630683386,6.146329258,-9.14911E-05,0.002027138,0.069380336,0.008136084,0.004884473,0,0.000873765,0.00151563,0.007688706,0.001979099,0.014547523,0.025121067,-0.00276921,0.002336116,0.000873678,0.000370933,0.021969964,0.023942212,-0.072477254,0.026151303,-0.01,-0.05,-0.25,-0.25,-0.39,-0.41,-0.44,-0.15,-0.17,0.14,-0.86,-0.58,-0.14,0.59,0.59,1.89,3.04,-0.002564979,-0.012331967,-0.051204539,0.014192734,0,-0.007398307,-0.009931767,-0.00809721,-7.80253E-06,0,-4.68508E-06,-6.03688E-06,0.006535954,-0.007572585,0.002721009,-0.002306806,-4.70543E-06,-0.002698979,-5.94886E-06,-0.002366865,-0.002442004,-0.001415423,0.001827539,-0.002711968,-0.001493937,-0.002634975,-0.001957832,-0.005763705,-0.800989134,0.000543487,0.000280308,-0.0063186,0.013975536,14.6366
0.002762229,0.004051495,0.00244391,0.000691935,0.011999862,0.00745805,0.010270735,0.01040348,0.013435198,0.017961049,0.01150886,0.009736161,0.002984444,0.027717435,0.010257632,0.014751385,0.041936099,0.005332196,0.9575,34,0.016012607,0.001662707,0.00286955,-0.2,0.7,-0.03493612,-0.014129972,0.023136253,0.001478197,0.048536389,-0.073351638,0.000349018,-0.002126972,-0.0034842,0.01222859,-0.001633606,-0.001471093,-0.001872255,0.001419929,-0.000834376,0.002644005,0.000945063,0.002985482,0.00359012,39.6,0.1,39.9,7.66293785,5.463831805,6.135564891,6.820016365,6.242223265,7.613818685,5.762051383,6.06610809,6.65415252,6.216606101,0.005583373,-0.021259136,-0.110767651,0.002131704,0.002620252,0.010331126,-0.000895683,-0.001675973,0.006050123,-0.005680528,-0.009869281,-0.016245196,-0.003484612,0.000369314,-0.001947392,0.000520448,-0.021455905,-0.023942212,0.060563836,-0.021591069,-0.35,-0.27,-0.23,-0.37,-0.5,-0.21,-0.21,-0.05,-0.11,0.22,-0.74,-0.6,-0.29,0.73,0.73,2.19,3.28,-0.005933142,-0.001558533,-0.020655867,0.008146849,-0.008227236,0,0.004956632,-0.002691792,0.02221529,0,-0.006491174,-6.00732E-06,-0.001637985,0.005050516,-0.010928989,0.002301497,0.002171554,-7.14921E-06,-5.91994E-06,0.002361276,0.002436055,4.31021E-05,0.004809606,-0.000387744,-0.000891632,0.002593965,-3.25296E-05,0.005730675,-2.478763202,-0.00140659,0.007009876,0.004469937,0.000996354,14.9179
0.00509814,0.004137092,0.005072377,0.016765197,0.01152469,0.004234034,0.005783928,0.005357009,0.007924534,0.009920332,0.007085294,0.004558615,0.001686883,-0.004238876,-0.000439094,0.003686857,-0.02143351,0.002281,0.0918,62,-0.00928789,0.006880788,0.004731151,0.2,-0.6,0.036239052,0.052295379,0.007072721,0.027678387,-0.017065261,-0.036268087,0.002843445,0.003696179,0.007743402,0.009266476,0.002332907,0.002548521,0.00201613,0.002475051,0.001737499,0.002955325,0.000168205,0.003786859,0.002513042,39.9,0,40,7.687997166,5.713732806,6.144185634,6.836259277,6.177944114,7.639642288,5.755742214,6.126869184,6.677083461,6.23636959,-0.008867229,0.030168894,0.048664395,0.003809643,0,-0.030993378,-0.000448378,0.000354495,0.006362941,0.004253102,0.002783729,-0.002624226,-0.000459268,-0.001231213,0.00459641,0.000779189,-0.04746511,-0.048696972,0.146876083,-0.048016552,-0.29,-0.58,-0.24,-0.22,-0.24,-0.15,-0.12,-0.13,-0.1,-0.07,-0.69,-0.53,-0.24,0.87,0.9,2.35,3.47,0.009369363,0.002110978,-0.007148489,0.001485079,-0.000796575,0.002453989,0.002459966,0.005383583,-0.003068948,0,0.006495859,-5.97798E-06,-2.65255E-06,-0.002534856,0.008200474,-0.002301497,0.002171554,-7.11114E-06,-5.89124E-06,-0.002361276,-5.91994E-06,0.000495552,0.001650141,-0.000514076,0.000756379,-0.005208345,-0.003798644,-0.008591907,-1.65167699,-0.000610643,0.000842298,0.004449921,0.009853144,21.5559
0.005216525,0.006072405,0.006421809,0.009293908,-0.00063833,0.011480071,0.005661593,0.004219222,0.006710498,0.004419066,0.007728681,0.005590614,0.020361931,0.011000047,0.012384286,0.009242909,-0.009988089,0.019624965,0.5324,35,0.007499532,0.001952269,0.002164611,0,-0.5,0.006920443,-0.070572651,0.004687509,0.005730675,0.003436429,-0.050010421,0.003640056,0.002625217,-0.0037734,-0.009266476,0.002094973,0.003322912,0.000287687,0.004078431,0.005677899,0.00303315,0.007450216,0.003234504,0.003189311,39.7,0.1,40.2,7.738488122,5.768320996,6.167516491,6.88857246,6.248042875,7.665284718,5.746203191,6.165417854,6.710523109,6.259581464,0.011441898,0.024811043,0.044001309,0.002877671,0.006388097,-0.010331126,-0.000444862,-0.000781111,0.005628587,-0.003784296,0.009699812,0.019243222,-0.004736028,-0.010037648,-0.002748565,9.8318E-05,0.06660445,0.07081769,-0.220397568,0.058126652,-0.77,-0.18,-0.21,-0.15,-0.07,-0.09,0.12,-0.01,0,0.52,-0.13,0.09,0.46,1.55,1.79,3.11,4.24,-0.016440969,-0.020108443,-0.02675551,0.013267391,-0.00459266,0.004872051,0.002423715,0.002670151,-0.010958289,0,-0.019634541,-5.94886E-06,-2.64393E-06,0.002534856,-7.46517E-06,0.006872879,-4.70543E-06,-7.07336E-06,-5.86275E-06,0.004705891,0.00241249,0.001890904,0.002690703,0.003701487,0.000457485,0.010336009,0.001877908,0.0199071,1.001623004,-2.51937E-05,-0.008203885,0.004712696,0.004074028,16.5773
0.004815041,0.00565801,0.000134048,0.010515333,-0.007635965,0.023754855,0.019428781,0.018724282,0.014921081,0.029127771,0.008846284,0.031865573,0.030662189,0.042210622,0.023847875,0.025373719,0.000826092,0.005715679,1.8214,129,0.039939267,0.004114153,0.006045983,-0.2,0.6,0.001722653,-0.019288925,-0.020473156,-0.052798186,0.017007213,-0.006615239,0.004662658,0.005687306,-0.002486533,0.01156974,0.004697703,0.007000515,0.001293568,0.004220043,0.004271744,0.006698026,0.013343056,0.001881974,0.005745404,39.7,0,40.2,7.821643126,5.955837369,6.098074282,6.941190055,6.444131257,7.713337889,5.918893854,6.03068526,6.747586527,6.391917113,-0.005760288,0.020782972,-0.063123493,0.004072514,-0.000530785,-0.030993377,0.005660941,0.002307088,0.007953474,0.00547629,0.03468872,0.030719699,0.003243947,0.014538166,-0.003472438,-0.000372418,0.040801827,0.03932589,-0.123767834,0.034628993,-0.64,-0.63,-0.63,-0.57,-0.32,-0.1,0.02,-0.06,-0.15,0.53,-0.12,0.16,0.78,2.09,2.45,3.69,4.73,-0.002643343,-0.003052733,-0.023239936,0.017225907,0.006582908,-0.009762095,-0.012263967,-0.002691715,0.010609493,0,0.021863305,-5.91994E-06,-2.63536E-06,0.007585371,-7.42454E-06,-0.006872879,0.002152813,0.002634974,-5.83446E-06,-0.002361224,-0.002430078,0.000164209,0.001562321,-0.001121361,0.000626984,-0.000105741,0.009305599,-0.011427875,-0.738045329,0.002837928,-0.012240147,-0.020427518,-0.015367155,14.0695
0.008092826,0.00560113,0.002409801,-0.010852342,0.00830204,0.009483405,0.008745239,0.007657952,0.005433758,0.004366833,0.006035182,0.015006064,0.010517721,0.014218313,0.003190484,0.007579528,0.066518738,0.023591452,0.4128,62,0.023092646,0.000674364,0.001838746,-0.1,0.3,-0.09612807,-0.012842353,0.027463476,-0.035252693,0.093315243,-0.028803188,0.002853266,0.002284149,-0.00666114,-0.006153866,0.004502952,0.005989199,0.002295553,0.003099186,0.003705741,0.002460941,0.004135033,0.001878439,0.002409277,39.9,0.2,40.4,7.779048645,5.620400866,6.146329258,6.987490247,6.335054251,7.682021511,5.857933154,6.03068526,6.687108608,6.398594935,0.00333161,0.02350676,0.089120765,0.007977318,0.003286338,0.020662252,0.001662199,0.000720813,0.006237681,0.003436513,-0.077329491,-0.081998433,0.003067386,0.006441976,0.002651152,-0.000430239,0.018225924,0.024243612,-0.053675477,0.007150108,-0.21,-0.22,-0.18,-0.03,-0.01,0.1,0.13,0.08,0,0.52,-0.09,0.34,0.98,2.4,2.79,3.98,4.94,-0.003414463,-0.008022433,-0.024383518,0.012833078,-0.001193674,0.009726488,0.009803941,0.002648933,-0.008095162,0,-0.004395611,0.00241249,0.001614188,-0.010107441,-7.38424E-06,0.004555817,-0.002166808,-0.00265597,-5.80637E-06,0.002328239,0.002395155,-0.000150831,-0.004566975,0.002515251,-0.000654517,-0.002625669,-0.007521651,0.005524184,0.142183498,0.001261816,0.006911314,0.004905107,-0.009377646,12.1628
0.006308762,0.006515982,0.01611601,0.018357902,0.025501594,0.007071864,0.004735549,0.003264818,-6.60259E-05,-0.00716764,0.003457691,0.012096431,0.010014814,0.011762535,0.00943205,0.007069442,0.00472623,0.004234668,0.3706,64,-0.000229506,0.006661015,0.005716725,0.1,-0.1,0.087050852,-0.036014973,-0.04755254,-0.066099802,-0.029620248,-0.002850358,0.004024814,0.005506146,0.00500001,0.008451837,0.004941403,0.006336427,0.002862051,0.003384298,0.004033228,0.005671389,0.002797557,0.002677378,0.002328465,39.9,0,40.4,7.755338813,5.726847748,6.013715156,6.91968385,6.406879986,7.652070746,5.669880923,6.001414878,6.771935556,6.28785856,-0.000234412,0.001961821,0.03257617,0.004593142,0.004435299,-0.030993378,-0.000942937,-0.000394161,0.010667978,-0.007984667,0.027241385,0.025103511,0.000455814,-0.006367427,0.003031797,0.000610106,0.023486284,0.023669744,-0.067740273,0.015018534,0.54,0.29,0.53,0.49,0.4,0.18,-0.01,-0.03,0.01,0.27,-0.1,0.29,0.84,2.04,2.24,3.41,4.41,0.009734373,-0.001140221,-0.008722772,0.005515354,-0.006190116,-0.007290433,-0.004901971,-0.002670153,-0.00790518,0,0.017391743,-0.004842624,-0.003236249,0.002522069,-7.34427E-06,-0.004555817,-0.002152853,-6.92523E-06,-5.77849E-06,-0.004672906,-0.004807702,-0.002512922,0.000533717,-0.006371308,-0.000878712,-5.73937E-05,-3.06373E-05,-0.005617301,3.186774534,-0.001018422,0.000495761,0.002401313,0.020406488,14.5198
0.0013557,0.003229736,0.002923354,0.006770743,0.002458099,0.010543189,0.011366325,0.013851004,0.012189691,0.029127764,0.004016857,0.018426991,0.00966148,0.013729488,0.004678595,0.011635558,-0.009139831,-0.011229132,0.7475,30,0.015482134,3.4637E-05,0.00100473,-0.1,0.1,-0.032659566,0.05621768,-0.023820428,-0.124052649,0.062855935,0.000951022,0.002984096,0.002854879,-0.010361055,0.002547123,0.003490205,0.004583222,0.00185595,0.003040023,0.0022488,0.00314952,0.003266499,0.003469909,0.002173344,39.9,0.3,40.5,7.718240952,5.638354669,6.070737728,6.975413927,6.142037406,7.668093709,5.80814249,6.120297419,6.770789424,6.173786104,0.013084901,0.01037864,-0.031335219,0.003448178,0.007191821,0,-0.003039599,-0.004032806,0.004280491,0.00298487,0.02369396,0.025469716,0.006146062,0.0005999,-0.002551015,0.000944436,0.01016175,0.013278203,-0.028819502,0.001660139,0.34,0.45,-0.02,0.11,0.29,0.3,0.12,0.06,0,0.38,-0.46,0.06,0.79,2,2.02,3.13,4.07,0.003477966,-0.001505008,0.003379,-0.003022017,-0.002808145,0,0,-6.99871E-06,0.015625318,0,-0.013090661,0.002412546,0.003225809,0,-7.30463E-06,0.002270149,0.002148229,-6.88893E-06,-0.002400962,0.00232829,0.002395211,8.71325E-05,0.001977693,-0.000126426,-0.00023757,-0.005044075,0.001792854,-3.03566E-05,0.05507112,-0.00267003,0.009279435,0.005954328,-0.011258358,13.4985
0.004227021,0.004158422,0.005005654,0.006139498,0.013106418,-0.000591867,-0.002539082,-0.004996523,-0.004946131,-0.009040383,-0.002864876,-0.002735053,0.00184827,0.007920144,0.00313016,0.000950766,-0.01799827,0.005705383,-0.135,52,0.01513217,0.002248838,0.002837194,0,-0.1,-0.016738685,0.022413595,-0.029525553,0.103849941,-0.148717226,0.017899677,0.004146497,0.005550431,0.005528115,0.006592316,0.005354613,0.006741065,0.00327519,0.003538304,0.001836173,0.003139631,0.002092483,0.003192341,0.004332568,39.8,-0.1,40.5,7.705712824,5.693732139,6.17586727,6.90475077,6.100318952,7.63385356,5.730099783,6.102558595,6.665683718,6.267200549,-0.006506033,0.018595974,0.103829787,0.008326362,0.008645437,0,-0.004260572,-4.40371E-05,0.004206282,-0.000415148,-0.01367972,-0.013140866,-0.000819909,-0.000821395,0.002448091,0.00080097,-0.01016175,-0.009109794,0.028819502,-0.018891239,0.1,-0.1,-0.02,-0.11,-0.32,-0.32,-0.06,0,-0.01,0.18,-0.58,-0.15,0.37,1.58,1.86,3.03,3.96,0.000154843,0.002489822,0.002694346,0.000842492,-0.006852793,0.004830927,0.004878058,-6.96182E-06,-0.000240399,0,-0.00644931,-5.80637E-06,-0.001616798,0.002522069,-7.2653E-06,-5.1419E-06,-4.605E-06,-6.85291E-06,0.004784698,-5.40834E-06,-5.72333E-06,0.000665244,-0.001708972,0.002019818,0.00039652,0.004968885,-0.001863042,-3.00248E-05,0.065418922,-0.002069825,0.002054346,0.004191934,-0.013239402,15.952
0.002757633,0.003033631,0.003225652,0.004353561,0.006502577,0.002878229,0.003832663,0.001703332,0.000663699,0.000680871,0.000721253,0.00396339,0.001812912,0.000390033,0.006030499,0.003794052,-0.02903923,-0.016146333,0.0976,36,0.007186123,0.002266779,0.002390682,0,0.1,0.038922381,-0.029773949,-0.023387814,0.00508907,-0.053109825,0.020333418,0.003980253,0.002696388,0.00233606,0.003028011,0.002213206,0.002268432,0.002130229,0.00453648,0.00413602,0.002566599,0.00376046,0.006881975,-0.000820253,40,0,40.6,7.720461695,5.66296048,6.084499413,6.899723107,6.282266747,7.688455357,5.707110265,6.098074282,6.790097236,6.308098442,-0.006363228,0.005054574,-0.142890667,0.011100563,0.003209944,0,0.00169043,0.001959346,0.006137385,0.002192734,-0.017277829,-0.017176739,-0.003246678,-0.003681757,-1.24319E-05,0.001112745,0.002781643,0.004979263,-0.007918085,-0.006368625,0.19,0.15,0.22,0.23,0.29,0.06,-0.02,-0.07,-0.03,0.14,-0.55,-0.11,0.47,1.45,1.65,2.77,3.74,0.007578751,-0.015848275,-0.006476685,-0.016713696,-0.009550977,-2.32257E-05,0.002394701,-0.002635048,-0.012843621,0,-4.62482E-06,-5.77849E-06,-0.001609011,-0.002522069,-7.2263E-06,-5.11866E-06,-4.58529E-06,-6.81717E-06,-0.004784698,-0.002322881,-5.69604E-06,-0.000626422,-0.000897077,-0.00159879,4.93778E-05,-0.007472015,-0.009079373,-0.002743404,1.27123942,0.002392008,0.006002684,0.002050704,0.002787727,12.8417
0.006062329,0.0064803,0.007324853,-0.006229054,0.005329687,-0.000409324,0.005523735,0.005814941,0.008136831,0.021488636,0.001654588,0.000794352,-0.007523989,-0.006607714,-0.007000243,0.000473246,0.005691472,0.013442443,-0.1794,65,0.014512315,0.001573366,0.001789269,-0.1,-0.6,-0.013695818,0.017310685,0.011329097,0.071808981,-0.058014395,0.085363176,-0.000705238,-0.005400067,-0.005515181,-0.00758729,-0.004829966,-0.006725739,-0.001988072,0.001320081,0.000270618,-0.001663308,0.001607307,-0.000263817,0.005727691,39.9,0,40.5,7.719573989,5.783825182,6.089044875,6.918695219,6.165417854,7.693937326,5.739792912,6.047372179,6.837332815,6.272877007,-0.000431859,-0.020522147,0.149698888,0.007710094,0.003251196,0,0.006292465,0.004413801,0.010623094,-0.002342695,0.025182044,0.020758081,-0.001363524,0.005337847,-0.005462578,-0.00046755,-0.007434978,-0.006644543,0.02431972,-0.019580638,0.09,0.23,0.07,0.15,0.03,0.06,0,-0.02,0.03,0.28,-0.57,-0.05,0.41,1.42,1.56,2.66,3.68,-0.001196002,-0.009200573,-0.004587004,-0.049633227,0.00458366,-0.002412491,-0.002453473,0.002628122,0.01257234,0,-0.013048308,-5.75081E-06,0,0.002515725,-0.002684565,0.002244624,0.002125361,-6.78171E-06,0.004761914,0.004629638,-5.66895E-06,0.001991337,0.001470341,0.004153821,0.00079147,0.002478316,0.007259536,-7.38424E-06,-0.880117717,0.003266361,-0.008401044,-0.004820944,-0.002098921,15.2696
0.009228258,0.009957356,0.005378348,0.023688693,0.00948073,0.013183182,0.011657948,0.011988317,0.010284959,0.008882698,0.011027008,0.020486979,0.015082041,0.020339128,0.006552324,0.012634386,0.013595362,0.003801856,0.8253,119,0.020701614,0.004282613,0.004223102,0,0,0.016325092,0.017016117,0.001731602,-0.025519726,0.034094211,-0.16038648,0.00581688,0.010681848,0.015135424,0.01110842,0.010482573,0.016777019,0.00099453,0.003717908,0.003241713,0.003745586,0.004236373,0.002898171,0.00355398,40,0,40.6,7.77569575,5.855071922,6.133398043,6.936342736,6.29710932,7.724446646,5.774551546,6.131226489,6.859614904,6.269096284,0.016088204,0.050777038,-0.044137791,0.010358078,0.010557704,-0.020662252,-0.000499902,-0.000946741,0.009639685,0.002219825,-0.015490682,-0.015980292,0.00322198,0.000631606,0.003500745,-0.000310838,0.034833953,0.036010438,-0.095137538,0.02508891,0.25,-0.08,0.04,0.05,0.02,0.05,0.1,-0.02,-0.04,-0.05,-0.78,-0.25,0.18,1.22,1.41,2.39,3.39,-0.006671264,0.004187766,0.000433085,0.002247238,-0.00162734,0.002378068,-0.002418325,-6.88893E-06,-0.007641623,0,0.017386955,-5.72333E-06,-0.003220615,0.002496817,0.002677378,-0.004504512,-0.002138999,-6.74652E-06,-0.002389433,-0.004629638,-5.64205E-06,-0.000630203,0.000313648,-0.001519154,-0.000354747,0.00737398,0.001790299,0.00806807,0.368126234,0.001188296,-0.00158106,0.001353579,0.008881432,14.3576
0.003814625,0.004760936,0.001700872,0.017050957,0.018695995,0.007642949,0.005585051,0.006612647,0.00518429,0.010220566,0.002748926,0.008175441,0.010158383,0.012241739,0.005067984,0.007731877,0.0063955,0.01483401,0.4156,41,0.020800226,-0.001429315,-0.000423932,-0.1,0.3,0.029325085,-0.103127809,-0.021863573,-0.059918086,0.020277192,0.010594566,0.001684625,0.00249688,0.009365057,0.004259057,0.00185837,0.002147426,0.001419044,0.001332754,0.001145591,0.002302337,0.000830261,0.002364999,0.003320424,40,0.2,40.6,7.816416984,5.860786223,6.156978986,7.037905963,6.253828812,7.780303088,5.762051383,6.228511004,6.950814768,6.259581464,0.022988481,0.057868177,0.086409511,0.022096435,0.008225067,-0.020662251,0.000746712,0.000370823,0.007656215,-0.003362904,-0.001330636,-0.001485277,-0.003079869,-0.002546115,-0.000395,0.00018297,-0.014519311,-0.017025138,0.043581715,-0.024461416,0.07,0.32,0.64,0.58,0.54,0.23,0.34,0.03,-0.1,0.2,-0.21,0.26,0.65,1.38,1.68,2.35,3.22,-0.005947624,0.00174414,-0.000139138,-0.003761862,0.000610563,-2.2676E-05,0.004767528,0.005201492,-0.00252151,0,0.010829575,0.002372426,0.011252786,-2.50003E-05,-0.002677378,0.00671895,-4.50774E-06,-6.71161E-06,-5.61534E-06,0.006904515,0.002355661,0.001530485,0.000221048,0.004772128,-0.000124344,-0.002526256,0.001761292,-0.005434169,-0.490266497,-0.000640956,-0.012723375,-0.009216523,0.009696046,14.2933
0.022774543,0.016830826,0.016378429,0.013708614,0.013997968,0.013188433,0.015962045,0.016206636,0.014705118,0.022914399,0.010674564,0.021233817,0.009845858,0.016164641,0.01298285,0.014692254,0.041705725,0.029137299,0.9995,154,0.027931532,0.001132186,0.000883997,0.1,-0.4,-0.00085034,0.057318273,-0.007098521,0.030407748,-0.048607699,-0.02050545,0.005505734,0.006967123,-0.000327118,0.009455159,0.00667286,0.009006142,0.003114826,0.004871624,0.004837419,0.002660731,0.006346641,0.002882979,0.002281006,40.1,0,40.7,7.818027939,5.92157842,6.159095388,7.03438793,6.224558429,7.763871288,5.831882477,6.075346031,6.91671502,6.343880434,-0.001936402,-0.020080725,-0.038454687,0.010785752,0.00640107,-0.010331126,-0.00212818,-0.001422156,0.008617493,0.006245058,0.022250653,0.027161794,0.009160616,-0.00018731,0.000891356,-0.001934893,0.001826485,0.000817327,0.016148984,-0.010481102,0.17,0.14,0.08,0,0,-0.07,-0.07,-0.01,-0.03,0.17,-0.3,0.09,0.48,1.14,1.44,2.17,3.02,0.014380995,0.002715852,-0.000358727,-0.019108071,-0.000305235,-0.009501206,-0.009552281,-0.002641367,0.004877584,0,-0.015172866,-0.002389433,-0.003243655,-0.007478203,0.010638398,-0.004489295,-0.002120892,-6.67697E-06,-5.58882E-06,-0.004613564,-0.002372428,-0.003305782,-0.009268523,-0.00492184,-0.000632317,-5.32808E-05,0.001723419,0.002620563,0.146444179,-0.002047188,0.000635501,0.000831012,-0.010284392,16.5987
0.010116229,0.007369474,0.003903795,0.018949592,0.006713206,0.011659969,0.009406802,0.011009483,0.007063604,0.022993616,-0.000905241,0.017446364,0.014374939,0.018010865,0.008596473,0.012278169,0.013076369,-0.042477966,0.797,65,0.056471099,0.001153739,0.004516752,-0.3,-0.3,-0.070482709,-0.06020012,-0.076782963,-0.052958574,-0.104934893,-0.000996512,0.003929436,0.003311188,-0.003933786,-0.008955284,0.006239922,0.008559253,0.002682291,0.004197861,0.004880831,0.004103228,0.005596961,0.002874692,0.002715698,40,0.1,40.7,7.791935957,5.814130532,6.035481433,7.021976423,6.304448802,7.71154898,5.902633333,6.021023349,6.812345094,6.306275287,0.0104389,0.021467393,0.024761552,0.010841984,0.007607644,-0.020662252,-0.001676039,-0.002132788,0.004120848,-0.003579148,-0.080925149,-0.081939122,0.00251132,0.001117562,0.001673654,-0.000146831,0.048963941,0.047076902,-0.115024153,0.03930149,0.02,-0.03,0.04,-0.04,-0.25,-0.06,-0.2,-0.09,-0.07,0.12,-0.28,0.03,0.21,1.06,1.22,2.06,2.93,0.001662932,-0.000553119,-7.47509E-05,-0.018246298,0.00477134,0.011868071,0.007145705,0.002540687,0.016711466,0,-4.66486E-06,0.002355661,-0.001608864,0.007465796,-0.010638398,0.002214796,0.002116403,-6.6426E-06,-5.56249E-06,0.002275266,0.002339131,0.001838141,0.007414994,0.000736345,0.001008917,-0.004860213,-0.001837611,-0.00532616,1.817416206,-0.000586295,0.002738736,0.006570927,0.007968091,13.6006
0.003685838,0.005912873,0.003857316,0.013248732,0.022351452,0.01147447,0.007660664,0.009926672,0.008213592,0.019808141,0.002315118,0.013349893,0.016028322,0.025573586,0.007810698,0.013432825,-0.012306998,-0.017826121,0.8986,302,0.076480018,0.003999208,0.004928191,-0.1,0,-0.089712004,0.052014535,-0.033238641,-0.033901552,-0.032435276,-0.033867173,0.004033632,0.003695561,-0.006921583,-0.016375224,0.008461738,0.011299555,0.004080203,0.004180313,0.005188942,0.004225163,0.006587719,0.002606204,0.003000698,39.7,0,40.6,7.768956045,5.978885765,5.843544417,6.998509642,6.274762021,7.791109511,6.054439346,6.133398043,6.91770561,6.257667588,0.015819592,0.043719248,0.020881053,0.018960581,0.006312306,-0.020662251,0.005601534,0.001668761,0.008191099,0.000980534,0.046993478,0.033487621,-0.007696948,-0.005634079,0.001420222,0.000965705,0.020637018,0.021589119,-0.035630257,0.011235005,0.27,0.22,0.29,0.21,0.25,0.04,0.08,-0.04,-0.06,0.07,-0.26,-0.03,0.19,0.83,1.03,1.75,2.6,-0.007261647,-0.0067675,0.000836891,-0.002810665,0.009474922,0.002294366,0.007044599,0.007545426,0.015424644,0,0.002162163,-0.002372428,-1.00782E-05,-0.002496819,0.002642009,-0.002229611,0.002103013,-6.60849E-06,-5.53635E-06,-0.002290904,-0.002355662,0.000209254,0.001544791,0.000154283,-0.000237374,0.004790366,0.005181455,0.007856775,0.135936787,0.002232939,0.001899688,0.005661382,0.01237618,14.9553
-0.003977276,-0.005348234,0.009718189,0.012656758,0.017008039,0.006454679,0.004690081,0.003378777,-0.002601607,-0.003512729,-0.002117074,0.015125008,0.008523799,0.017046035,-0.000241712,0.006810805,0.005534969,-0.004236221,0.3288,100,0.065592928,-0.005198666,-0.002869821,-0.3,-0.4,0.015849762,-0.082786194,-0.060438257,-0.025736715,-0.104140259,-0.059053044,0.004652373,0.008004067,-0.005804809,0.016874849,0.006477489,0.008481509,0.003364175,0.003195012,0.003774964,0.004483568,0.00378655,0.00259943,0.000438372,39.7,0.1,40.4,7.816416984,5.783825182,6.380122537,6.977281342,6.202535517,7.727975542,5.877735782,6.156978986,6.8134446,6.276643489,0.015782758,0.025387316,0.007719336,0.021200847,0.013875444,-0.010331126,-0.002112353,-0.000603147,0.005230497,0.00372021,0.057498285,0.070819737,0.005683658,0.007986283,0.006052897,0.002992089,0.007630389,0.011376687,-0.014744645,-0.00190343,0.61,0.37,0.34,0.32,0.37,0.18,0.1,0.07,-0.03,-0.17,-0.53,-0.32,-0.05,0.4,0.52,1.21,1.96,-0.006878811,-0.010854453,0.001816498,0.004849835,0.002504886,-0.002410639,-0.00246065,-0.010229678,-0.014935527,0,0.008620743,0.002339131,-0.003169575,-0.002478316,-6.96182E-06,0.004400399,-0.004219416,-6.57464E-06,-5.51039E-06,0.004519729,0.002322831,-0.000184066,-0.002212425,0.003912421,-0.002141636,0.004687834,0.004993184,-0.002696404,-0.202381132,-0.003213462,-0.016782949,-0.018810746,-0.01410864,14.392
0.003651242,0.003803,0.006087876,0.001561414,0.014446556,0.014756542,0.014396532,0.014784858,0.012799053,0.018220567,0.010041115,0.02097612,0.015171619,0.019490187,0.014973623,0.016346975,-0.009097586,-0.016632298,1.1594,-6,-0.027170073,0.009974436,0.008990143,0.1,-0.5,0.104426419,-0.062160399,-0.057593318,-0.028330507,-0.097263305,-0.028858828,0.005222977,0.008890875,0.00464654,0.016594808,0.007305272,0.009745707,0.003492355,0.003620068,0.003958311,0.006715314,0.003084164,0.005695071,0.001532791,40.1,0.1,40.9,7.73587032,5.746203191,6.280395839,6.9117473,6.08221891,7.707961532,5.758901774,6.214608098,6.807934944,6.222576268,0.031933479,0.026625053,0.064516675,0.025736494,0.011659107,0,-0.006407769,-0.005243288,-0.002321288,-0.007247221,-0.079777213,-0.093081974,0.021832845,-0.001106655,-0.006046227,0.00068789,-0.036117425,-0.036088369,0.103884824,-0.051258727,0.64,0.4,0.19,0.21,0.3,0.26,0.18,0.07,0.07,-0.41,-0.98,-0.75,-0.39,0.02,0.06,0.64,1.39,-0.041926659,-0.087457575,-0.080592527,0.029645737,-0.003709463,0.004559627,0.00221496,0.009925079,0.018581839,0,0.025137737,0.002306351,0.00315956,0.004938282,-6.92523E-06,0.002137552,0.00210305,-6.54106E-06,-5.48461E-06,-4.58612E-05,0.002290506,0.002242957,0.00303816,0.001687743,0.002294566,-0.014257612,-0.031011387,-0.005215057,-3.309536012,-0.00402571,0.014554257,0.006408185,-0.027071671,19.2363
0.001243215,0.000445085,0.001323912,-0.00400141,0.007570059,0.000480688,0.003506899,0.003846761,0.002548129,0.001366364,0.0031736,0.008646245,-0.003146372,0.001739224,-0.004164822,0.001825985,0.011246016,-0.016896224,-0.1164,37,0.020105318,0.005439887,0.006414695,-0.1,0.1,-0.055987316,0.059179771,-0.00560854,-0.041061487,0.042111485,0.023153305,0.003519327,0.004394475,-0.000662471,0.004411772,0.004498287,0.005943686,0.002228724,0.003135628,0.00308977,0.001178777,0.003134874,0.003607322,0.002476691,40.2,-0.1,40.9,7.768533301,5.765191103,6.126869184,7.068172,6.025865974,7.631431665,5.831882477,6.00635316,6.705639095,6.210600077,0.032958309,0.030196193,0.0251321,0.033729898,0.011142712,0,-0.004763955,-0.003205724,-0.00779452,0.006387524,0.039772196,0.046694688,-0.009882394,0.002132793,-0.00033407,0.000733855,-0.01588736,-0.014173466,0.050293455,-0.034174363,0.51,0.59,0.49,0.68,0.66,0.2,0.07,0.07,0.06,-0.33,-1,-0.58,-0.24,-0.29,-0.38,0.2,0.94,-0.036776382,-0.06028264,-0.061164823,0.018451009,0.001104251,0.008917709,0.015651741,0.002215464,4.05688E-05,0,0.042126218,0.00225813,0.003129769,-0.002478256,-6.88893E-06,0.002081551,-4.41354E-06,0.00253479,0.002322831,0.002179449,0.002242948,0.001778355,-0.001545003,0.004877337,0.000823744,0.007095006,0.017229792,-6.67697E-06,-2.699962974,-0.001914209,0.000868671,-0.000759658,0.013634808,20.0866
0.001890754,0.003016664,-0.003915227,-0.004145684,-0.007356366,-0.00129251,-0.004027804,-0.004953725,-0.009853822,-0.015557907,-0.006936977,0.007555852,0.001938447,0.001097907,0.000946663,-0.001478469,-0.026557267,-0.00277627,-0.4085,-69,-0.028671486,0.001934063,0.00126619,0.1,-0.6,0.056429892,0.09531018,-0.094298318,-0.066003333,-0.132059722,0.050632865,0.002226006,0.002318692,0.00033129,0.004148877,0.001998758,0.00300274,0.000417333,0.00218534,0.002098224,0.002517377,0.002032411,0.00231214,0.002325413,40.1,0.2,40.8,7.642044403,5.720311777,6.068425588,6.722629795,6.246106765,7.553810852,5.700443573,5.918893854,6.70073111,6.049733455,-0.003719357,-0.012173796,0.040804952,0.026663308,0.010925436,0.010331126,0.005949634,0.003909341,-0.001544895,-0.003758563,0.009324093,0.021446048,-0.011493511,-0.00193381,-0.003017108,0.000136915,-0.018860011,-0.020024698,0.068808684,-0.035220194,0.03,0.37,0.17,0.01,0,-0.13,-0.04,-0.03,0.06,0.01,-0.86,-0.6,-0.27,-0.45,-0.45,0.14,0.97,0.008217147,0.007278165,0.013614351,0.004560045,0.004005212,-0.013744499,-0.020523575,-0.012323958,-0.029554153,0,-0.056836503,-0.002370664,-3.93086E-05,0.004883948,-6.85291E-06,-0.002250598,0.00208547,-0.002554214,-0.002339132,-7.90155E-05,-0.002353935,0.000420088,0.002492754,-0.003300287,0.00219743,0.002322417,-1.19318E-05,0.005121574,-1.781891827,0.002257533,0.004072786,0.004762528,0.004936813,20.1652
0.004379123,0.003659209,0.002098248,-0.003210236,0,0.006316098,0.006233017,0.006300085,0.005635423,-0.002602561,0.009776301,0.010214151,0.006383414,0.00848237,0.003366149,0.006054055,0.021300458,0.002485767,0.2475,44,0.036489955,-0.000460687,0.001051966,-0.1,0.1,-0.016507178,-0.110348057,0.008615438,-0.004273511,0.026126305,0.005216496,0.002495086,0.002826675,0.002481186,0.007521569,0.001833181,0.003872562,-0.001391789,0.002349559,0.002420596,0.002265687,0.003310348,0.00307456,0.002899183,40.1,-0.2,40.7,7.725771442,5.659482216,6.272877007,6.867974409,6.190315406,7.565793282,5.587248658,5.973809612,6.71417053,6.102558595,0.015273618,0.009538873,-0.01431612,0.025118728,0.013421131,0.010331125,0.004703185,0.003242132,0.004096731,-0.00284408,-0.012282802,-0.021177747,-0.001272161,-0.003421178,0.002649349,0.000531795,-0.028507678,-0.029558802,0.099087588,-0.045434844,0.72,0.13,0.1,0.1,0.04,0.13,0.18,0.03,-0.03,-0.58,-1.48,-1.22,-0.95,-1.04,-0.99,-0.55,0.22,-0.007615328,-0.021144019,-0.003172361,0.018707045,9.99251E-05,-4.5044E-05,-4.44454E-05,0.016703343,0.030695234,0,-0.013403777,-0.002322443,-0.003139598,-0.007343974,0.002593965,-7.3054E-05,-0.0020986,-6.40925E-06,0.002306756,-0.002263422,-4.64887E-05,-0.0025552,-0.001766467,-0.004021696,-0.001857846,-0.002377652,-0.001728588,-0.002600168,-2.940764933,0.003795231,0.006826357,0.008558646,-0.009523123,25.6842
0.002791614,0.003808113,-0.002499886,-0.001998012,0.009145865,0.000718071,-0.000486089,-0.00131937,-0.007462662,-0.002145995,-0.010097819,0.009007182,0.002109038,0.007139569,-0.008657876,-0.00047355,0.008741171,0.003695437,-0.3285,25,-0.001385948,0.006396885,0.00632388,0,-0.5,0.043571248,-0.056089467,-0.046403309,-0.02823206,-0.07124674,-0.006053666,0.003139393,0.004395424,0.010517763,0.013445581,0.002259888,0.003595076,0.000139266,0.002587518,0.002414751,0.004868837,0.002308351,0.002299733,0.003972702,40.1,0,40.7,7.63385356,5.726847748,6.11368218,6.790097236,6.03787092,7.626082758,5.726847748,5.82008293,6.870053412,6.095824562,0.025857458,0.001365381,-0.015998668,0.022557924,0.012230868,0,-0.00163152,-0.000793515,0.001008305,0.001303656,-0.008973401,-0.005500197,0.002565779,0.001488857,-0.00103641,0.000496791,-0.022642477,-0.023609866,0.084338114,-0.040103854,0.65,0.74,0.83,0.61,0.42,-0.11,0.05,0.08,0.07,-0.49,-1.3,-1.26,-1.18,-1.8,-1.59,-1.12,-0.36,-0.018626288,-0.038424258,-0.00057602,0.017859016,-0.002400962,0.004360848,0.006513542,-0.002777826,-0.000272146,0,0.005549729,0.002244251,-9.64474E-06,0.00486619,-0.00261431,-0.002174871,-0.002085506,0.002509348,-2.13348E-05,-4.30943E-05,-0.002290531,0.000820288,-0.000827107,0.001592659,0.000800625,0.002295764,0.005129651,-2.58989E-05,-2.254384089,-0.000379234,0.00389458,-0.00135292,0.011805359,22.8772
0.002947981,0.003909101,0.007910289,0.013536289,0.000305778,0.004123237,0.004038603,0.003491298,-0.001966021,-0.000853039,-0.002509585,0.01243609,0.004184628,0.00848954,0.001025343,0.004622953,0.000749258,-0.016130157,0.1183,65,0.027382569,0.000625167,0.001337369,-0.1,0,-0.02220862,0.05153365,-0.02996967,0.043110124,-0.141918111,0.016405726,0.000312098,0.001574234,0.008627058,0.009258226,-0.000430061,0.001137209,-0.002928668,-0.000243466,0.000586491,0.002249598,-0.00032261,0.002803621,-0.000504741,40.1,0,40.7,7.660585462,5.529429088,6.124683391,6.914730893,6.008813185,7.506042179,5.631211782,5.945420609,6.599870499,6.045005314,0.045025559,0.005980949,0.054361209,0.015703488,0.010261669,0,-0.003925144,-0.003998095,0.003811747,0.008057379,0.046472136,0.047079165,-0.002687889,4.80513E-05,-0.001839812,0.000508765,0.009496748,0.012717424,-0.013284679,-0.003961857,1.91,1.26,0.82,0.89,1.08,0.64,0.23,0.08,0.11,-1.14,-2.39,-2.28,-2.01,-3.07,-3.27,-2.95,-2.16,-0.020100125,-0.078283807,0.000210565,-0.015136101,0.001101156,-0.013250057,-0.017524904,-0.035192924,-0.093040031,0,0.010825092,-0.006810469,-0.003100778,-0.00486619,-0.002594035,-0.006335818,0.002081166,-0.002528382,-0.004608303,-0.006543099,-0.002259842,-0.002090007,0.000759654,-0.006527537,7.95509E-05,-4.82265E-05,-0.005144312,0.002490087,-0.631829896,-0.002934272,-0.004669127,0.000397214,-0.006092199,21.5127
-0.002951741,-0.00400181,-0.012463143,-0.020881701,0.002982308,-0.00170894,-0.003994017,-0.005515315,-0.009650354,-0.03030714,0.000481944,0.002279232,0.000910891,-0.002167067,0.000417431,-0.002869423,0.012080675,0.002245227,-0.5349,-97,-0.022531939,-0.001060783,-0.00111435,0,0.2,0.008331554,-0.041964199,0.041456714,-0.043110124,0.169233922,0.061896001,0.003310036,0.00157176,0.009195838,0.000236267,0.001665458,0.002880966,-0.000279369,0.004074924,0.002602474,0.004511022,0.001600077,0.002541943,0.002808889,40,-0.1,40.6,7.626082758,5.59471138,6.109247583,6.773080376,6.126869184,7.500529485,5.648974238,5.942799375,6.599870499,6.013715156,0.056908706,0.00023382,0.014273213,0.022165352,0.008667492,0,-0.002335235,-0.00108702,-0.01517399,-0.011911197,-0.032659193,-0.038852989,0.001254727,-0.000824299,9.16453E-05,0.000229492,-0.019084549,-0.016136231,0.074994882,-0.04936339,0.1,1,0.66,0.53,0.43,0.3,0.27,0.23,0.29,-0.24,-1.83,-1.85,-1.68,-2.87,-3.1,-2.82,-1.97,0.014824237,0.051766034,0.002515037,-0.02465616,0.00439254,0.036835718,0.047199919,0.044386882,0.24615121,0.191177359,-0.007604574,0.017937701,0.004633213,0,0.002587324,0.024949319,-4.32226E-06,0.00498126,0.004587164,0.019376279,0.015533576,0.007830109,-0.000734577,0.022004304,0.000836229,-0.004624231,-0.00170503,-0.002553699,-3.307405712,-0.004792999,0.000204516,5.48833E-05,0.004826676,17.2002
0.005904764,0.006215577,0.014545711,0.006879377,0.013346109,0.008906928,0.012211395,0.016267064,0.016195642,0.033048308,0.008003864,0.019200987,0.005051879,0.005550244,0.002384688,0.008767108,0.031142925,0.007630471,0.4819,-32,-0.01683848,0.003668869,0.003327634,0,-0.4,-0.035106916,0.06602551,-0.003814372,0.076308193,-0.124165637,-0.045349816,0.001424483,-0.000467022,0.004806161,0.00094451,-0.001074172,-0.000784895,-0.001537924,0.002254624,0.001687983,0.000404187,0.002264386,0.001775524,-0.000863434,40,0.1,40.7,7.535830463,5.605802066,6.063785209,6.651571874,5.986452005,7.440733707,5.488937726,5.786897381,6.541029999,6.09356977,0.00252455,-0.009372096,-0.007210264,0.019333348,0.009085656,0.010331126,-6.02326E-07,-0.002149867,-0.003816286,0.003882689,0.001867113,0.018669673,-0.014709581,-0.000947573,-0.004974019,-0.000714271,0.017192401,0.01444989,-0.037638378,0.003047474,0.28,0.05,-0.38,-0.2,-0.51,-0.58,-0.31,-0.05,0.1,-0.47,-2.49,-2.33,-2.47,-3.73,-3.69,-3.15,-2.15,0.00225648,0.014590513,0.000959874,-0.02345837,0.00437333,-0.036765423,-0.047034787,-0.039534674,-0.250842384,-0.191177359,-0.016205175,-0.013503104,-2.13677E-05,-0.002430135,0.002567327,-0.024949319,-0.002076844,-5.56932E-05,0.002254368,-0.017246353,-0.013382635,-0.007470198,-0.000671948,-0.022800365,0.000712695,0.006836271,0.013536586,0.002459473,-0.669511236,0.000682233,-0.00460525,-0.007720931,0.007907713,17.3245
0.008711174,0.009217289,-0.006876677,0.025326796,0.005537496,0.006736816,0.006340998,0.006581486,0.003143819,-0.008008432,0.008587689,0.011673846,0.007148044,0.006787629,0.009040312,0.008143061,-0.025206337,0.033356093,0.4323,59,0.058965406,0.003256119,0.005820107,-0.2,0.8,-0.069283668,-0.018748206,0.010139504,-0.069722,0.130135804,-0.021708819,0.004261315,0.003941602,0.007007514,-0.001180777,0.004985135,0.005481373,0.00418878,0.004401407,0.004336717,0.00422072,0.005011054,0.000253389,0.006099987,40,-0.1,40.6,7.424761762,5.463831805,5.92157842,6.587550015,5.834810737,7.252053952,5.332718793,5.697093487,6.366470448,5.780743516,0.017597556,0.039221621,0.079890192,0.022904627,0.00882634,-0.020662251,0.003480354,0.003328226,-0.004912688,0.002442821,0.018469442,0.021594808,0.001402531,-0.001064451,0.005606949,-0.000544132,0.039002158,0.040518151,-0.085051747,0.017339264,-0.77,-1.17,-1.07,-1.13,-0.91,-0.28,-0.3,-0.03,-0.22,-0.87,-2.79,-2.69,-2.61,-3.24,-3.22,-2.41,-1.6,-0.004425737,0.003903541,0.00323462,0.004497171,-0.007166349,-4.54627E-06,0.002094205,0.020820148,0.011004769,0,0.01425728,0.004376033,-0.001549056,0.009702894,0.012680217,0.006141268,0.004140793,0.004835114,0.002208304,0.004232768,0.002161789,0.001631929,-0.000804561,0.007693802,-0.001652148,-0.004597328,-0.008507237,-0.00252151,-2.588398301,0.004112643,-0.001771641,0.003300579,9.64126E-05,19.0463
0.002296473,0.002302494,0.00181586,0.01604589,0.007929638,0.005247977,0.004250759,0.004731373,0.003913961,-9.09946E-05,0.005848846,0.008472781,0.006331213,0.009149948,0.013773797,0.007785396,-0.009799552,-0.016024559,0.4063,-21,-0.059736431,0.00646958,0.003865199,0.2,-0.3,0.103516839,-0.050456957,0.048009219,0.053260723,0.040821995,0.049480057,0.003935241,0.003293922,0.009791613,0,0.003789197,0.00493358,0.001948776,0.004216061,0.003159764,0.002893117,0.004620638,0.004045518,0.004141088,40.2,0.1,40.6,7.452402451,5.545177444,5.774551546,6.639875834,5.942799375,7.245655068,5.379897354,5.683579767,6.395261598,5.676753802,0.026033192,0.02867564,0.010741046,0.024830081,0.014889487,-0.010331126,0.003436197,0.003524906,0.00091959,-0.004162141,-0.032173447,-0.04352281,0.000627504,0.000517156,-0.001339321,-0.000162761,-0.073687716,-0.073983307,0.266235348,-0.093155689,0.02,-0.03,0.61,0.64,0.17,0.15,-0.06,0.07,0.01,-0.92,-2.2,-2.07,-2.46,-3.11,-3.3,-2.36,-1.61,0.029429763,0.043891763,0.043810749,-0.017524638,-0.001999801,0.010645162,0.012600758,-8.49491E-05,0.04871711,0,0.010281369,-0.002253229,0.001513877,0.002342699,-0.015312798,0.004011103,-0.002076808,-0.004979659,-0.002315803,0.002058409,0.004276942,0.002543933,0.002915576,0.005650683,0.000342996,0.002229245,-2.51678E-05,-2.43868E-05,-4.451406061,0.001356531,-0.001850729,-0.000388126,0.008664092,28.7514
-0.002678015,-0.002348141,-0.008523042,-0.013474588,-0.026320961,-0.002347384,-0.008138817,-0.010393093,-0.017685935,-0.021254275,-0.015976239,0.004718385,0.004030253,0.007549408,0.012882535,0.001002321,-0.076955156,-0.002103916,-0.185,-164,-0.055158591,0.001916237,0.000937929,0.1,-0.4,0.019048195,0.042095069,-0.081345639,-0.093444701,-0.064919546,0.112624708,0.001577459,0.002526424,0.007359307,0.001652698,0.002500467,0.00318952,0.001389661,0.001161837,-0.000193168,0.002858099,-0.000920061,0.002268432,0.002490661,40,-0.2,40.6,7.330405212,5.351858133,5.697093487,6.549650742,5.762051383,7.160845907,5.283203729,5.509388337,6.253828812,5.780743516,0.00329456,-0.04824457,-0.02345074,0.017681745,0.019099344,0.020662251,-0.000439021,0.000295655,-0.00097371,0.002649966,0.014781247,0.015752886,0.003146254,-0.000970732,-0.004889422,-0.000156086,-0.073414397,-0.076123695,0.288378687,-0.092897726,-0.08,0.17,-0.38,-0.4,-0.3,-0.12,0.01,0.01,0.06,-0.67,-2.5,-2.39,-2.68,-3.15,-3.21,-2.27,-1.47,0.015291347,0.011092545,0.006858418,-0.02959148,0.000300225,-7.1821E-05,-0.002177219,0.013399946,-0.006817209,0,0.077582448,0.002119443,-2.08505E-05,-9.15772E-05,0.002503067,-0.002104038,-4.25126E-06,-0.002459506,-4.5044E-05,-7.03232E-05,-0.004389637,5.54763E-05,-0.001460592,-0.001914743,0.001709618,-0.00451973,-0.00334167,-2.41477E-05,-6.315685582,0.000661819,-0.009361439,-0.001028062,-0.002977057,34.147
-0.008586341,-0.01191652,-0.000558382,0.000901407,0.012460422,-0.007032751,-0.006386834,-0.009383533,-0.013432253,-0.051951974,0.00430819,-0.001056215,-0.007781406,-0.02086805,0.007889013,-0.008295983,0.019842896,-0.011774742,-0.9972,-3,-0.028810353,0.003393948,0.0017808,0.2,0,0.028742469,0.069298168,0.040874144,0.061829845,0.012121361,0.072156875,0.000883828,-0.002948115,0.006995753,-0.010195702,-0.001701766,-0.003103183,0.000555324,0.002558652,0.003856294,0.007943613,-0.001287146,0.003518476,0.001420455,39.8,-0.1,40.5,7.280008253,5.451038454,5.823045895,6.426488457,5.568344504,7.193685818,5.356586275,5.631211782,6.29156914,5.703782475,0.017537797,0.052030035,0.036672141,0.027793061,0.015958804,0,-0.003835816,-0.002847302,-0.005807816,0.003336376,0.031339591,0.037838815,0.003226346,-0.004756124,0.002449999,0.000885319,0.013934952,0.00937214,-0.028540045,-0.007697771,-0.3,-0.42,0.32,0.09,0.15,0.15,0.25,0.15,0,-0.79,-1.88,-2,-2.23,-2.7,-2.66,-1.82,-1.17,0.037545576,0.050098831,0.062118377,-0.041138491,-0.007936151,0.016458683,0.018243217,0.001682656,0.066960924,0.045048358,-0.078657911,0.002064398,-2.06614E-05,0.004594,-2.51258E-05,0.003904,0.004094133,0.002371985,0.002160627,0.004046074,0.004205022,0.001337791,0.002749619,0.005010775,-0.001575218,-0.00224467,-0.001662511,-0.002459967,0.400127831,-0.001711735,-0.013886904,-0.014762583,-0.007507439,27.4409
-0.00600575,-0.006488413,-0.005788278,-0.004919404,0.005930901,-0.003107154,-0.004427288,-0.003281368,-0.003626071,-0.002833419,-0.00397314,-0.004742688,-0.001720772,-0.005763276,0.001562092,-0.004008274,-0.002468334,0,-0.6076,-83,-0.032531731,0.003131092,0.002296477,0.1,0.1,0.013245227,0.015548016,0.036859209,0.058228505,0.006006024,0.042491362,0.001918674,0.000379531,0.005715625,0.0149027,-0.003252035,-0.004499445,-0.001249913,0.002588796,0.001218066,0.005331094,-0.000295451,0.00450564,0.003188665,40,-0.1,40.4,7.468513271,5.564520407,5.910796644,6.65929392,5.834810737,7.215239979,5.327876169,5.676753802,6.29710932,5.765191103,0.009385086,0.001426831,0.021567037,0.026082952,0.013544604,0,0.002252512,0.000323334,-0.005403796,-0.000926019,-0.078589028,-0.092696334,-0.000499056,0.004510554,-0.000259499,0.000164539,-0.028066835,-0.029344273,0.122097923,-0.052354052,-0.68,-0.86,-0.65,-0.69,-0.54,-0.13,-0.03,0.02,0.05,-0.97,-1.85,-2.01,-2.09,-2.15,-2.01,-1.12,-0.44,-0.021558314,-0.057532644,-0.02391883,0.022628719,-0.015141796,-0.006622931,-0.004624196,-0.004838892,-0.052980103,0.004929938,-0.004967655,-0.000114149,0.005967567,-0.000196543,-2.48758E-05,0.003765082,-0.002072227,-0.002429634,-7.76292E-05,-0.000151802,0.001982019,0.002013033,-3.1578E-05,0.003909479,0.001372365,0.011148387,0.009917437,0.00484843,-4.416793227,-0.000177824,0.013608406,0.004903512,-0.008869254,22.468
-0.006582916,-0.006928677,0.001528122,0.003376394,0.01430097,0.000284423,0.003508835,0.004249162,0.001839047,0.000649033,0.002376527,0.00988362,-0.003204546,-0.007799078,0.001255146,-0.000662844,0.019640532,0.02114984,-0.3086,15,0.019616389,-0.000349845,0.000748964,-0.1,0.1,-0.007843177,-0.016260521,0.023839031,0.047346121,-0.012048339,-0.021902161,0.00053657,-0.001307879,0.001385362,-0.000939629,-0.001442809,-0.001041215,-0.002086667,0.00133767,0.000576461,0,0.001122248,0.000499376,0.001201966,39.9,0.1,40.4,7.349230825,5.342334252,5.866468057,6.481577129,5.828945618,7.272398393,5.303304908,5.823045895,6.298949247,5.877735782,0.045481443,-0.010385408,0.02521287,0.020323871,0.017792374,-0.010331125,-0.000406851,0.001583192,-0.003728688,-0.004293342,0.028652072,0.029104976,0.013577545,0.000796505,-0.002300578,-8.9454E-05,0.04181027,0.045995907,-0.129333407,0.019155422,0.38,0.64,0.84,0.87,0.88,0.49,0.25,0.16,0.09,-0.71,-1.39,-1.52,-1.59,-2.04,-2.14,-1.34,-0.73,-0.021681079,-0.031177087,-0.031131581,0.028471211,-0.004721347,-0.008264527,-0.01407649,0.007980888,-0.047272508,0,0.041791186,-0.000111749,-0.003067744,0.004344009,0.004901489,-0.004089378,-1.65921E-05,0.004705465,0.002085884,-0.000148129,-0.002225826,-1.46139E-05,0.002865807,-0.002750654,0.000929349,-0.006723602,-0.006633361,-0.002459506,0.076774488,0.001167764,-0.004845153,-0.006064223,0.01226402,20.9693
-0.000581582,-0.004951725,0.003359884,-0.007315803,0.01327149,-0.003572916,-0.005365342,-0.006122011,-0.003869012,-0.007001299,-0.002472245,-0.012962739,-0.00170043,9.02503E-05,-0.009708896,-0.005012587,0.032855248,0.080505899,-0.6709,119,0.028547821,-0.001816789,-0.001729227,0,0.1,-0.032002731,0.037080149,0.046038049,0.030362864,0.070204259,-0.061547705,0.001097793,-0.000717951,0.014810562,-0.007075501,0.000106946,0.002774167,-0.004186442,0.001884359,0.002046953,0.00186707,0.003276836,0.001496633,0.002752004,39,-0.6,39.5,7.382124366,5.332718793,5.92157842,6.536691598,5.82008293,7.134093721,5.18178355,5.509388337,6.184148891,5.840641657,0.028849641,0.017445624,-0.008993251,0.020553246,0.012078964,0.010331125,-0.00339016,-0.00359107,-0.003026054,0.00808678,0.037846626,0.030748646,0.011668466,0.001389928,0.001337008,-0.000106481,-0.052460685,-0.049845767,0.211781103,-0.06543239,1.16,1.28,0.37,0.49,0.86,0.61,0.3,0.24,0.25,-0.59,-2.18,-2.19,-1.89,-2.59,-3,-2.26,-1.64,-0.014142849,-0.016967881,-0.015683104,0.020300113,-0.004537026,-9.92097E-05,-6.12762E-05,-0.008860853,0.003931673,0,-0.001890344,-0.004258806,0.002881988,-0.007016635,-0.002532649,-0.007781879,0.004015806,-0.004772853,-0.002255666,-0.008096916,-0.006273684,-0.004519618,-7.69823E-05,-0.01119021,-0.001194213,-1.94925E-05,0.001621904,-0.002424187,-2.351568554,-0.001689878,0.012863763,0.012067839,-0.010625822,20.7668
0.000920612,0.000658514,0.002915183,0.00439203,0.01137299,0.008050986,0.009472867,0.010953649,0.009819839,0.003790083,0.012474866,0.015811669,0.006524349,0.008480926,0.000401269,0.007717565,0.001005536,0.008303293,0.4295,-50,-0.025986748,0.003379213,0.002558195,0,-0.2,0.050073038,-0.032812717,-0.010175328,-0.020775063,0.005633818,0.015241616,0.002102863,-0.001479759,0.010553392,-0.006411039,-0.000748863,-0.001039411,-0.00027972,0.00364884,0.002807736,0.003357204,0.003840715,0.002489421,0.002111785,39.8,0.5,40.3,7.262628601,5.231108617,5.733341277,6.426488457,5.743003188,7.037027615,5.176149733,5.521460918,6.02827852,5.690359454,0.060015886,0.053311469,-0.044780319,0.027846872,0.018781963,0,-0.000377124,-0.001267217,-0.008410851,-0.005353687,-0.014320937,-0.027440339,-0.02094604,-0.003368709,-0.000813864,-0.000877132,-0.030639854,-0.024403358,0.13873785,-0.05163776,0.8,0.9,-0.1,0.08,0.16,0.26,0.07,0.12,0.18,-0.49,-3.08,-2.91,-2.53,-3.13,-3.73,-2.94,-2.26,-0.008841117,-0.036913499,0.004283151,0.01045342,-0.005492526,0.001853958,0.0018646,0.013593157,-0.011026267,0,0.023333588,0.004084816,-0.003012333,0.002084818,0.00236484,0.007604348,0.003919292,0.006962853,0.002047524,0.007904897,0.008163,0.002767999,0.003592624,0.004269245,0.00152892,0.010862179,0.001598109,0.018997169,-5.255131526,-0.001343292,0.005548939,0.005188961,-0.011855399,22.2272
-0.000674598,-0.00042328,-0.002387339,-0.003495568,0.00243137,-0.00113522,0.00195005,0.002435925,0.004022698,0.013249456,-2.80655E-05,0.002189632,-0.004389853,0.001706199,0.001159908,0.001061072,0.026879137,0.005288376,-0.134,-100,-0.056553287,0.002965162,0.000575268,0.3,0.1,0.016148918,0.073854467,0.050952327,0.064657789,0.030431117,0.026862832,0.000699973,-0.001863381,0.007916988,-0.012464207,0.000107015,0.001645236,-0.002380787,0.001801261,0.001146351,0.002510527,0.001089625,0.001987085,0.001264933,39.7,-0.1,40.2,7.321849714,5.384495063,5.916202063,6.419994928,5.736572297,6.9902565,5.117993812,5.505331536,5.955837369,5.659482216,0.022298244,-0.001363862,0.005741986,0.021612794,0.019097598,0.020662252,0.001861699,0.001706501,-0.004566981,-0.000609125,-0.015456421,-0.00368875,-0.00112385,-0.002075663,-0.00119047,-0.000602946,0.001337346,0.003944778,0.017087564,-0.014515861,0.62,0.36,-0.33,-0.28,-0.11,-0.08,-0.04,0.1,0.22,-0.75,-4.03,-3.81,-3.26,-3.83,-4.39,-3.46,-2.66,0.012050841,0.024581411,0.01424954,-0.009783795,0.004251575,-0.011764842,-0.01351548,-0.014501047,-0.0123297,0,-0.068848763,-0.002144587,-5.2971E-05,-0.000175446,0.007058046,-0.003889034,0.001820412,-0.002430803,-0.000112223,-0.004046316,-0.006203847,-0.001355249,0.00486742,-0.0056488,-0.000223388,-0.004503106,0.003173407,-0.009707869,-2.756721392,0.001669278,0.007969589,-0.000688891,0.010949769,23.768
0.003944787,0.000775877,0.003284991,-0.002290127,0.015965649,0.000466597,-0.003731481,-0.000869768,-0.001656436,-0.002960341,-0.001080381,-0.000114123,0.004810813,-0.005336889,-0.000536176,-0.001889131,-0.021879295,0.014223709,-0.3757,-129,-0.045574693,0.00373751,0.00238957,0.1,0.2,0.011547013,0.054518148,-0.002162163,-0.040151379,0.053062845,0.012681035,0.000419749,-0.005483192,0.00947734,-0.024662464,-0.001820811,-0.001471925,-0.002386468,0.002940538,0.002415767,0.002061238,0.003401821,0.000992064,0.003435345,39.7,0,40.1,7.182352112,5.062595033,5.799092654,6.29710932,5.65248918,6.909753282,4.983606622,5.416100402,5.918893854,5.556828062,0.041403516,0.029222065,0.178242754,0.026639389,0.019465241,-0.010331126,-0.0003825,0.000440637,-0.002011623,0.001272135,0.024244008,0.030169021,0.007458973,0.001116236,0.001943151,-0.000834087,-0.124109386,-0.082654383,0.552904732,-0.139354426,0.99,0.75,-0.35,-0.18,0.13,0.28,0.27,0.25,0.21,-0.99,-5.37,-4.98,-4.12,-4.54,-5.11,-4.2,-3.44,0.008749516,-0.00863276,0.027913651,-0.000251057,0.010192089,0.026924703,0.030521816,0.018598707,0.127448567,0,-0.018470794,-0.002092984,-0.002925773,-0.002323742,-0.004960347,-0.00380207,-0.002124516,0.002190755,-0.000109882,-0.002004911,0.00197317,-0.001094312,-0.002071852,0.000637566,-0.00192067,-0.00436093,-0.008073645,-0.00474352,-7.887808322,0.001157305,-0.005568256,-0.00250364,-0.011705147,29.7672
-0.001694746,-0.00143467,0.007459501,-0.00974651,0.028043525,-0.009767118,-0.002085866,-0.000186477,-0.000609176,0.000172977,-0.000954247,-0.001646725,-0.017783117,-0.020093353,-0.012992164,-0.008030284,-0.002811272,0.00480809,-0.8854,-85,-0.011189872,-0.001660598,-0.001285982,0,-0.1,0.032329982,-0.077185785,0.038221213,0.063140897,0.002580647,0.098096718,-0.000203492,-0.002817024,0.009388363,0.003455087,-0.004620435,-0.005212417,-0.003660945,0.00090583,-0.000190506,0.001380478,-0.000443568,0.000247862,0.002795641,39.7,0.1,40.2,7.04053639,5.075173815,5.648974238,6.09356977,5.541263545,6.821107472,4.875197323,5.420534999,5.749392986,5.505331536,0.044057473,0.0401526,-0.04854317,0.032674455,0.014363652,0,-8.82489E-06,-0.001034149,-0.009046276,-0.004033565,-0.031060626,-0.026387244,-0.008377891,-0.004070598,-0.002152391,-0.000768694,-0.042236225,-0.089755824,0.231473308,-0.06040233,-0.91,-0.14,1.41,1.17,0.56,0.25,0.23,0.28,0.29,-0.22,-3.05,-2.9,-2.65,-3.38,-3.97,-3.01,-2.24,0.017587467,0.006858553,0.038111113,-0.018584755,0.003680609,-0.008127157,-0.009892458,0.007734185,-0.025885564,0,0.017208196,0.005993139,0.014206358,-0.00653326,0.002179729,0.011138452,0.001778659,-0.000129141,0.001943669,0.007673101,0.003911631,0.003067,-0.004078966,0.0078576,0.001700667,0.006281722,0.020584065,0.004528663,-3.414376077,-0.001672172,0.009644507,0.003287685,0.014750311,29.1721
-0.001061228,-0.001224625,-0.010092834,-0.008507981,-0.024205248,0.000477406,-0.001330406,0.00023975,-0.008120631,-0.002791168,-0.010474992,0.018322031,0.002356912,0.01028233,-0.003535272,0.000569417,-0.012367252,-0.025975326,-0.1453,-143,-0.079071838,0.004649231,0.000160838,0.4,-0.2,0.042767208,0.12472673,0.061604534,0.096580828,0.00770222,0.055130387,-0.000101762,-0.00522821,0.011468515,-0.012394804,-0.004209169,-0.004277054,-0.004099235,0.002062229,0.000127008,-0.000729072,0.002926246,0.000247801,0.006539154,39.5,-0.2,40,7.047517221,5.257495372,5.638354669,6.077642243,5.484796933,6.733401892,4.934473933,5.384495063,5.575949103,5.38907173,-0.003663954,-0.059272633,-0.033722732,0.014294605,0.020226036,0.041324504,0.000360299,0.00123032,-0.009641635,0.004090403,0.00828603,0.011691036,-0.004318276,-0.001407674,-0.003077168,-0.001304836,-0.109857143,-0.110819848,0.587749343,-0.127780851,-0.67,-0.43,-0.9,-0.58,-0.49,-0.26,0,0.24,0.41,0.02,-3.28,-2.81,-2.47,-2.97,-3.3,-2.1,-1.16,0.005293986,0.004045949,-0.010641179,-0.012483807,0.006611426,-0.007686321,-0.007576093,-0.042172613,-0.082853492,0,-0.020891508,0.001833652,-0.015711372,0.004245979,-0.002478635,-0.002041847,-0.000179156,-0.000126255,-0.002177524,-0.000180534,-0.000141733,-7.01976E-05,0.003772931,-0.001897484,0.000181668,-0.002235744,-0.008179904,-0.002390211,-9.46767591,0.000657272,-0.01260095,-0.011279779,-0.006521953,36.7628
0.003255522,0.002165624,-0.002764707,-0.017271552,-0.009415876,-0.003724215,-0.002120497,0.000552538,3.25042E-06,-0.012825164,0.005615684,0.000448869,-0.005416626,-0.005916426,-0.020559128,-0.007553511,0.038414173,0.017415651,-0.8198,-238,-0.052626582,0.000324314,-0.000643508,0.1,0.3,0,0.052185753,0.048743523,0.067510292,0.017744445,0.095121162,0.000228949,-0.006725323,0.015184363,-0.009272087,-0.00694598,-0.006582147,-0.007535402,0.003139437,0.002726784,0.001327555,0.003973423,0.000495417,0.004289773,39.6,-0.1,40,6.975413927,5.049856007,5.556828062,6.063785209,5.416100402,6.71417053,4.9698133,5.379897354,5.533389489,5.347107531,-0.012819846,-0.060352141,-0.106318206,-0.004251269,0.018957048,0.030993377,0.001459019,0.001774401,-0.001768246,-0.001249727,-0.005922069,0.035394705,-0.002059101,0.000250918,-0.002353258,-0.001775504,0.019192215,0.013367275,-0.095385186,0.004679309,-1.28,-1.81,-0.6,-0.79,-0.82,-0.4,-0.14,0.03,0.3,-0.51,-2.6,-2.32,-2.01,-2.09,-2.16,-0.79,0.42,-0.004813232,-0.033974048,0.000937424,0.007097567,-0.003452832,0.007137456,0.008949622,0.021199007,0.069384115,0.098810924,-0.033163624,-0.006056517,-7.93497E-06,-0.002184367,-0.002395927,-0.003773294,0.001686011,-0.002323685,-0.002112916,-0.005799036,-0.002078283,-0.003236616,-0.000152203,-0.00603884,-0.00207438,-0.000108062,-0.015554802,0.004392379,-2.929536378,0.002463466,-1.60868E-05,-0.001988678,0.000418525,38.3682
-0.005990662,-0.007860952,-0.010601303,-0.010758258,-0.005235442,-0.033431742,-0.023709423,-0.022785651,-0.028973866,-0.048842669,-0.020491784,-0.014630698,-0.043745637,-0.041164653,-0.030703101,-0.030369054,-0.053761027,-0.0086042,-2.6681,-232,-0.094024426,0.002676973,-0.004250644,0.6,-0.3,0.1140629,0.08030343,0.05092009,0.034988992,0.077333203,0.142689081,-0.004691194,-0.015035911,0.005529184,-0.01547665,-0.015751814,-0.01633414,-0.014808696,-0.000414418,-0.002663286,0.000546128,-0.004462477,0,0.003308522,39.1,-0.3,39.5,6.933423026,4.787491743,5.717027701,5.910796644,5.451038454,6.663132696,4.875197323,5.262690189,5.493061443,5.375278408,-0.017271233,-0.014411112,-0.02879348,-0.00480778,0.016257603,0.030993378,0.000342638,-0.000147821,-0.003832409,0.000475963,0.002559153,-0.024562684,-0.00036614,-0.000436839,0.000196037,-0.000472598,0.032585402,0.032968626,-0.161247151,0.022544044,-0.61,-0.6,0.01,-0.22,-0.39,-0.29,-0.22,-0.38,0.12,-0.5,-1.98,-1.93,-1.79,-1.77,-1.77,-0.56,1.15,-0.005457245,-0.051827639,0.002370549,-0.003348936,0.004466106,0.001447568,0.001441691,-0.012554641,-0.021372217,-0.098810924,0.029913201,0.001882119,0.004184988,-4.0228E-05,-0.002331993,-8.17537E-05,-0.005730794,-7.76292E-05,-6.47771E-05,0.0018074,-9.4264E-05,0.000389297,-0.006475549,0.002278518,0.000886582,-0.006234572,0.009256929,-0.011253695,0.939105762,0.000790401,-0.005676439,-0.0005639,0.014568387,27.2538
-0.000608404,-0.003703972,-0.001951097,-0.029751695,-0.015382024,-0.035880254,-0.032497516,-0.033344729,-0.032346078,-0.086245998,-0.010530574,-0.041012348,-0.039526612,-0.060745939,-0.050745901,-0.045601639,0.018401046,0.012465734,-3.7609,-239,-0.070819025,0.000150906,-0.005579687,0.6,0.5,0.02363717,0.114649874,0.161720739,0.121278987,0.224073351,0.135496244,-0.007747701,-0.020854425,-0.049858174,-0.013125912,-0.021471331,-0.024645625,-0.016355505,-0.002417857,-0.006242058,-0.003124758,-0.007235609,-0.000495417,0.001856245,39.1,-0.2,39.3,6.882437471,4.96284463,5.59471138,5.866468057,5.347107531,6.767343125,5.187385806,5.236441963,5.583496309,5.463831805,-0.034266467,-0.086275647,-0.013015774,-0.012716361,0.016697943,0.061986755,-0.003303065,-0.002028144,-0.003847152,0.002370305,0.00496986,0.003965934,-0.001621417,-0.000216731,0.001735337,-0.001033589,-0.067311622,-0.069331495,0.354047234,-0.074898471,-0.92,0.23,-0.32,-0.41,-0.35,-0.37,-0.25,0,0.03,0.65,-1.38,-1.42,-1.22,-1.22,-1.1,0.36,2.1,-0.008776287,-0.055122208,0.001120425,0.001804667,0.000809881,-0.01969625,-0.021356235,-0.010434877,-0.058664945,0,-0.002870982,-0.002019192,-0.006997929,-3.97226E-05,0.002188983,-8.02951E-05,-8.47928E-05,-7.62791E-05,-6.37468E-05,-8.66982E-05,-0.001999038,0.000380224,-1.31652E-05,2.19119E-05,0.00072282,0.004056529,-5.89917E-05,0.004429637,-2.186487988,-0.001175298,-0.00983849,0.004402556,0.006608227,28.2313
-0.000905914,-0.003097158,0.008125407,-0.002513806,0.036053753,-0.013803184,-0.019359982,-0.021675524,-0.023414894,-0.042551675,-0.016065994,-0.023218837,-0.007845892,-0.029482366,-0.022455069,-0.020565304,-0.046918672,0.018639083,-1.7144,-150,-0.065526726,0.003743792,-0.006019661,0.9,0.6,0.05236472,0.207116215,0.159308654,0.165686496,0.14989309,0.020775063,-0.004646549,-0.014861262,0.061105305,-0.004934434,-0.019922456,-0.021980945,-0.016627461,-0.000560189,-0.003263898,-0.004731726,-0.001079888,-0.001239618,0.004454656,39,-0.1,39.2,6.939253946,4.96284463,5.730099783,5.945420609,5.293304825,6.587550015,4.574710979,5.252273428,5.459585514,5.313205979,-0.016383217,-0.006949835,0.034824782,-0.012701593,0.005585827,0,-0.002919842,0.000757616,-0.003053789,-0.013756329,0.02019739,0.015152637,-0.002942569,-0.002548487,0.000617558,-0.000662377,0.078676956,0.073439299,-0.373962518,0.077341857,-1.4,-1.79,-0.89,-0.75,-0.48,0.1,0.07,-0.06,0.18,0.26,-0.87,-0.77,-0.3,0.28,0.37,1.7,3.68,-0.010991663,-0.029238429,-0.002422614,0.014024997,0.006656606,0.005305052,0.005292566,0.003454235,0.011584435,0,-0.001658263,-5.94016E-05,0.001393728,-0.004197237,0.002130223,-0.00184099,-8.32524E-05,-0.002223192,-6.27409E-05,-0.003748114,-5.82734E-05,-0.001720963,-0.005143457,-0.004129131,0.000753493,-0.002084265,-0.003088401,-0.002244274,3.95259647,-0.000834018,-0.003472975,-0.014419437,-0.018022185,26.7976
-0.000503523,-0.004615853,0.008679611,-0.006484532,0.014438525,-0.023405326,-0.022529967,-0.021949866,-0.013683827,-0.029211161,-0.007868381,-0.035032971,-0.024345662,-0.032297037,-0.032999134,-0.028356774,0.037761402,-0.029910373,-2.2456,-58,-0.008544747,-0.003786905,-0.004342159,0,1,-0.1110113,-0.011402632,0.168833357,0.189464444,0.137324191,0.017601195,-0.004902225,-0.021249017,0.004185274,-0.03254686,-0.019798015,-0.021899723,-0.01645196,0.001517204,-0.00250313,-0.003675317,0.001220657,-0.001241157,0.008375658,38.6,-0.1,38.9,6.80682936,5.252273428,5.33753808,5.846438775,5.068904202,6.591673732,4.718498871,5.176149733,5.407171771,5.379897354,-0.026379746,-0.013751619,-0.098546798,-0.013707464,-0.002370165,0,0.005102712,0.003924599,0.00282364,0.015002591,-0.081873137,-0.083876322,-0.007940348,0.0028177,0.002069562,-0.000320623,0.098862048,0.103632315,-0.440917255,0.09533362,-0.89,-1.03,-0.76,-0.74,-0.85,-0.3,-0.11,-0.21,-0.16,0.12,-0.74,-0.62,-0.26,0.87,1.15,2.38,4.41,-0.012185761,-0.021876935,-0.027147343,0.014081484,0.005613487,-0.007070278,-0.007054681,-0.00690847,0.002443411,0,-0.011504069,-0.001957832,0.001387915,0.004145043,-0.000121834,-0.003558545,-8.17537E-05,0.002092848,-0.002012979,-0.001856785,-0.003823877,-0.000719689,0.006258123,-0.00267838,-0.001259565,-3.67316E-05,-0.006081349,0.004356968,6.218885209,0.003046366,0.021461936,0.009251334,-0.001574227,22.9871
0.000748331,-2.39719E-05,-0.002139569,-0.030497429,-0.022885963,-0.010720482,-0.007617952,-0.002250217,0.00288662,0.012330783,-0.000635046,-0.015962996,-0.014053111,-0.014635937,-0.022862821,-0.013169213,0.046435757,-0.02259609,-1.088,-70,-0.027187398,0.004184129,-0.000809655,0.5,0.1,0.08017321,0.005337413,0.119170208,0.149309289,0.070015129,0.003849331,-0.003516361,-0.011125249,0.003613122,-0.024504357,-0.008919928,-0.009147433,-0.008558817,-0.000577711,-0.002316156,-0.003477715,-0.000140769,-0.000496894,0.00047456,38.3,-0.1,38.8,6.900730664,4.736198448,5.517452896,5.991464547,5.438079309,6.563855527,4.634728988,5.123963979,5.370638028,5.407171771,-0.0098884,-0.058435867,-0.083228759,-0.017909496,-0.003600836,0.041324503,0.001069973,0.003284165,0.008080968,-0.005276514,0.036159601,0.029731341,-0.005632638,-0.000473481,-0.004576304,-0.000843432,0.044918461,0.050340887,-0.172126281,0.046794651,-0.7,-0.3,-0.01,0,0.13,0.19,0.34,0.05,-0.17,0.52,-0.05,0.08,0.57,1.76,2.19,3.13,4.94,-0.006947022,0.004196431,-0.01280092,0.009223548,9.9955E-05,0.001765226,-1.24862E-05,-0.003490237,0.015024922,0,0.037325552,-0.001924678,-0.001393718,0.00201692,-0.000119189,-1.23549E-05,0.001694328,-0.006435437,-3.43329E-05,-1.33687E-05,-1.424E-05,-0.002067189,0.001816109,-0.002473375,-0.002792176,0.005933877,0.025543783,0.002085884,1.549589606,0.002822493,-0.018031029,-0.008243315,0.030332487,24.0618
0.001159493,-0.001175328,0.001116868,0.009968401,0.013747254,0.000856159,0.007352045,0.010238326,0.019944791,0.0379162,0.013127869,-0.007463858,-0.006183508,-0.016644183,0.005918135,-0.001328349,0.037480247,-0.005100804,-0.2214,6,-0.007564591,0.002508524,2.34775E-05,0.2,1.1,-0.091091094,0.033280319,0.163338266,0.124486782,0.226000325,-0.039842934,-0.002455752,-0.00778618,-0.005564071,-0.017517478,-0.005593255,-0.010013208,0.001380474,-0.000415436,-0.003290432,-0.000580797,-0.004173408,0.000745249,0.002775053,38.7,0.1,39,6.91274282,4.852030264,5.433722004,5.993961427,5.509388337,6.763884909,4.890349128,5.351858133,5.645446898,5.476463552,0.01616827,0.056125432,0.109206821,-0.014904651,0.000315154,-0.020662252,-0.005801845,-0.000994025,0.007053098,-0.003205372,0.036343953,0.034939587,0.008177688,-0.000672741,-0.000962174,-0.00104368,0.011157386,0.01448458,-0.032869325,0.014323255,-0.05,0.05,0.12,0.38,0.79,0.69,0.5,0.28,0.1,0.62,0.12,0.51,1.41,2.5,2.74,3.46,5.09,0.014436573,0.029908623,0.014645556,-0.019755482,0.010440065,0.008795131,0.012366009,0.008685117,0.055085464,0,-0.01255721,-1.43481E-05,-0.001387925,-0.006196187,-0.002255666,-0.001758994,-0.003628122,0.004232768,-3.3934E-05,-1.32714E-05,-1.41332E-05,6.00153E-05,-0.001238044,6.30477E-05,0.000262272,-0.011976191,-0.025509961,-0.01085787,2.582752807,-0.00215118,0.003841087,0.007679675,-0.002379356,22.6474
0.006135663,0.005290068,0.019802019,-0.000229945,0.04520792,-0.002288772,0.00132417,0.002756097,0.005094702,0.025094483,-0.002685266,-0.012237321,-0.006247912,-0.016775564,0.009729175,-0.000572837,-0.034802983,-0.025316994,-0.1661,-4,-0.008037042,0.005179339,0.003070795,0.2,0.5,0.045599586,-0.009979754,0.07909726,0.050142429,0.121923828,-0.051669126,0.002116486,-0.00056864,0.014677638,-0.003653229,-0.000776004,-0.004013907,0.004282662,0.003138587,0.002581646,0.000396034,0.005416183,0.001240849,0.002160557,38.8,0,39,7.021976423,5.043425117,5.552959585,6.045005314,5.655991811,6.817830571,4.905274778,5.472270674,5.605802066,5.59471138,-0.018046227,-0.017225116,-0.082705216,-0.013831398,-0.004210237,-0.010331126,0.011526981,0.002735798,0.011720425,-0.002450533,-0.028031725,-0.026695072,-0.003387348,-0.002864911,0.002234095,-0.001487094,0.061568463,0.063343833,-0.2447987,0.065625273,-0.27,-0.41,-0.38,-0.41,-0.51,-0.27,-0.17,-0.05,0.11,0.48,0.01,0.37,1.17,2.5,2.84,3.68,5.47,0.001892116,-0.019454101,-0.002625992,-0.02140259,0.017258714,-0.003554945,-0.0018209,-0.005224969,-0.013001319,0,-0.002848201,-0.001895708,0.001386002,-4.19915E-06,-0.002198767,0.003481268,-0.003552225,-0.002143278,-0.003879701,-1.31753E-05,-0.001881442,0.000521279,-0.007436079,0.002947331,0.001147893,0.003960401,0.002969563,0.004310352,4.294606888,0.005572899,0.011769913,0.003978724,-0.017223814,21.0543
0.017290507,0.002051038,0.001427725,0.008950288,-0.001105131,0.006481356,0.005735654,0.007862179,0.014382708,0.009909694,0.016123929,-0.008806162,0.007306469,0.000666876,0.028783778,0.008540048,-0.021003747,0.02533287,0.4888,170,0.027883766,-0.003296724,-0.001124082,-0.2,1.9,-0.060460755,-0.063647388,0.072945197,-0.010349381,0.180943197,-0.00663786,-0.001345148,-0.003751637,-0.000137466,-0.007346741,-0.003349686,-0.006495447,0.001525088,-0.000432323,0.001738851,-0.00050167,0.00521218,-0.000248047,-0.002904328,38.8,0,39.2,6.991176887,4.852030264,5.605802066,5.986452005,5.666426688,6.852242569,4.836281907,5.459585514,5.736572297,5.616771098,0.021245439,0.001925843,-0.015643735,-0.015559195,-0.001759511,-0.030993377,0.000593005,0.002208864,0.008312229,0.019828583,0.014289067,0.008313941,-0.000588204,0.000346249,-0.014765961,-0.00526462,0.025206814,0.021443317,-0.087700871,0.02966553,0.33,-0.03,0.11,0.02,-0.1,-0.21,-0.2,-0.13,-0.07,0.12,-0.21,0.06,0.74,1.96,2.31,3.22,5.07,0.001444911,-0.005994982,0.006960915,-0.017475666,-0.00214112,0.003432895,0.001682869,0.003484324,-0.023280892,0,-0.011516665,0.005619711,-0.001386002,0.008125944,0.00207119,0.001701387,-1.23116E-05,0.002076513,0.003835064,0.0017871,0.005577916,0.0022818,0.001901788,0.004750655,0.000755734,-1.56229E-05,0.007377906,0.002120539,-0.029982046,0.002284871,0.012197501,-0.076479894,0.010572841,18.9576
-0.011096698,-0.000405104,0.004059382,0.004953697,0.015502926,0.009567428,0.015416765,0.016746326,0.024703849,0.049123926,0.014989061,0.006153395,0.003102244,-0.002114871,0.023489562,0.013208672,0.008168684,0.024787479,0.8319,44,0.008913876,0.004754908,0.006294948,-0.2,-0.3,0.003475846,-0.107738638,0.034569637,0.002597404,0.070983227,-0.114257472,0.003248768,-0.001761947,0.000137466,-0.007115442,-0.000719252,-0.004949035,0.005774214,0.005139736,0.003083844,0.003216878,0.003723012,0.002725135,0.005194817,39.1,0.2,39.4,7.111512116,5.241747015,5.739792912,6.06610809,5.686975356,6.927557906,4.934473933,5.645446898,5.723585102,5.676753802,0.025966476,0.089658562,0.109735381,0.00220673,0.001794669,-0.020662252,-0.006803299,-0.003317782,0.003161663,-0.022069324,0.007656109,0.010232894,0.002387359,-0.001161641,0.022177068,0.001242771,0.000973552,0.000963855,-0.003907056,0.004579908,0.55,0.65,0.79,0.89,0.82,0.41,0.2,0.07,-0.07,0.22,0.03,0.4,1.01,1.82,1.96,2.74,4.45,0.025904456,0.046829728,0.009860037,-0.042920044,0.004374673,-7.4576E-05,0.001638962,0.003484324,0.009638115,0,0.015617791,0.001797667,0.005524876,0.005891575,-7.12162E-05,0.005084875,0.003466039,-0.002120557,0.00186992,0.007101041,0.001784852,0.002309347,0.002067912,0.005333031,0.000371302,0.001943364,-0.005925828,-4.10922E-05,2.528062158,-0.006005311,-0.002034937,0.084975657,-0.012422673,17.4815
0.007432542,0.008402015,0.002566465,0.011663649,0.010728748,0.010348045,0.00428816,0.002606288,0.005977584,0.01390464,0.002737002,-0.004850763,0.017040019,0.026380972,0.01361836,0.010710967,0.00617292,-0.00555843,0.6536,-28,0.004368807,0.001498542,0.003950554,-0.2,0.6,-0.026012011,0.044413421,-0.027908788,-0.103776528,0.049435753,0.022372298,0.005015473,0.009251199,0.005619917,0.013053534,0.008715953,0.009578901,0.007396818,0.003417828,0.003330134,0.002077554,0.004830843,0.002470967,0.000605429,39.4,0.2,39.7,7.138867,4.997212274,5.846438775,6.169610732,5.66296048,6.901737207,4.905274778,5.525452939,5.755742214,5.676753802,-0.000830703,0.005354003,-0.014916192,-0.003628348,0.003824902,-0.020662251,-0.003183889,-0.004315804,0.004475764,0.00686982,-0.019020891,-0.014370624,0.001416443,0.000944088,-0.004875217,-0.001309473,-0.076131026,-0.075932668,0.317305302,-0.061031973,0.04,0.27,0.31,0.44,0.59,0.41,0.34,0.11,0.04,0.45,0.3,0.8,1.56,2.19,2.26,2.81,4.45,0.018405528,0.024373479,0.00539111,-0.032663181,0.004355618,-7.33044E-05,-0.00010556,0.005173739,-0.00495865,0,0.010089595,-0.005605531,-0.005524876,-0.008128053,-0.002146873,-0.010312282,-0.001773852,0.002055178,-0.003838554,-0.010736711,-0.005563947,-0.004211126,-0.000238324,-0.007074641,-0.003400691,0.001909168,-0.004404211,0.002066912,-0.801742999,-0.003715062,-0.002322208,-0.006348241,0.008396734,23.5821
0.002355273,0.002855762,0.002529817,0.002391741,0.001952853,0.012245214,0.0123919,0.014606358,0.013848653,0.019689937,0.011425602,0.013354902,0.012086891,0.016708367,0.024258859,0.015828068,0.002996803,0.041646761,1.037,66,0.008531568,0.00042471,0.0005217,0,0.5,0.024623122,-0.005922183,0.015256884,-0.060804494,0.082130827,-0.015046258,0.000971597,0.005087152,0.00177535,0.007303403,0.004743842,0.002846069,0.007641059,-0.000589681,0.001086297,0.005109739,0.000219555,0.002464877,-0.003098271,39.4,0,39.8,7.142036575,4.990432587,5.726847748,6.22059017,5.726847748,6.96979067,4.997212274,5.568344504,5.811140993,5.768320996,0.011708118,-0.002206477,-0.040695132,-0.00601601,0.004891352,0,0.004207073,0.000337289,0.001157121,0.001042204,0.017094253,0.009166544,0.003362767,0.000755756,0.002942774,-0.00032716,-0.012208157,-0.013077552,0.053167494,0.000448062,0.1,0.2,-0.02,-0.02,0.05,0.04,0.03,0,0.02,0.55,0.18,0.68,1.51,2.13,2.19,2.71,4.37,0.007197175,0.011580132,0.006465478,-0.014722614,-0.008827724,-0.001756985,-0.003464772,-0.005215719,0.013961046,0,0.008501872,0.003656112,0.001376463,0.007750047,0.002025083,0.003392687,0.001689892,0.00201692,0.003752135,0.007051559,0.003629574,0.00060576,0.000644806,-0.004028238,0.003691441,-0.003921337,0.004399905,-0.002160782,-1.629179936,0.001617729,-0.011342935,-0.004872359,0.004539279,23.1596
0.004662164,0.004303611,-6.01594E-05,0.001220005,0.006607364,0.004539027,0.003397232,0.002471397,0.002218765,-0.004374257,0.004928252,0.003405176,0.005785908,-0.002635131,0.016355381,0.005455009,-0.026822379,-0.028060892,0.2645,1,0.001205393,0.000689769,0.001054162,0,-0.7,0.028769107,0.014740212,-0.077608188,-0.052581747,-0.098569553,-0.055409441,0.003941465,0.004687362,0.006392405,0.00391062,0.004721444,0.000293959,0.011427,0.003657551,0.00216906,0.001175472,0.003402717,0.002458816,0.005113724,39.5,-0.1,39.9,7.203405521,5.003946306,5.860786223,6.204557763,5.855071922,6.999422468,4.934473933,5.627621114,5.831882477,5.823045895,-0.021748354,-0.015120689,0.017844943,-0.00901593,0.005283661,-0.010331126,-0.006666625,-0.002174196,0.000880718,-0.004278894,-0.00520986,0.006162149,-9.09424E-06,0.003989441,-0.001151921,-0.000890659,0.045031852,0.044589111,-0.204230521,0.059271786,-0.42,-0.44,-0.46,-0.67,-0.8,-0.4,-0.29,-0.09,0.01,0.53,0.14,0.43,1.13,2.15,2.32,3.04,4.8,-0.000682135,-0.017420876,0.008061209,-0.012849798,-0.001169933,0.00162814,0.001625496,0.006814156,-0.014271172,0,-0.014265577,-0.001873509,0.002741594,-0.009866987,-6.80223E-05,0.001659065,-0.003460048,-0.002106201,-0.001923948,-0.0018209,-0.001859579,0.000872609,-0.00020199,0.005064727,-0.001640836,-0.001943606,-0.005865107,-0.002120557,2.469515357,-0.003638424,0.005338439,0.001845675,-0.013746795,21.4832
-4.30933E-05,0.002180003,0.007551729,-0.001467343,0.00414447,0.002154995,0.000764297,0.000143822,0.003455462,0.001024269,0.004441571,0.000419456,0.003680749,0.0040536,0.005073341,0.002410788,-0.01256099,0.00762051,0.0322,97,0.01679144,-0.000180355,0.000995221,-0.1,1.2,-0.0859684,-0.019844434,0.036513731,-0.081386613,0.12755709,-0.050263058,0.001868377,0.002708637,0.000271113,0.004728141,0.002411128,0.003325512,0.001032372,0.001548195,0.001782759,0.002633261,0.001553322,0.000981836,0.000201322,39.5,0.1,39.9,7.215239979,5.093750201,5.80814249,6.29156914,5.780743516,7.012115294,4.94875989,5.65248918,5.84932478,5.82008293,-0.008121201,0.00998375,-0.000201005,-0.003727527,-0.000728319,0.010331126,0.005944008,0.00274482,0.001814035,0.007618398,-0.001589442,-0.003838216,6.81028E-05,-0.001615395,0.002568557,-1.0882E-05,0.016793946,0.016085066,-0.080673145,0.027704574,-0.6,-0.57,-0.48,-0.45,-0.46,-0.17,-0.09,-0.08,-0.06,0.56,0.26,0.58,1.27,2.58,2.83,3.56,5.34,-0.002229655,-0.003498283,0.000690714,-0.004092376,-0.010985888,-0.005057454,-0.005048942,-0.006860911,-0.020070242,0,-0.002836881,0.001780094,-0.001382077,0.007629201,-0.010260682,-0.001718988,0.00169044,0.006029268,0.001825566,-0.001783339,0.001767515,0.000583307,-0.000249772,-0.002478667,0.002807371,0.005759978,0.011704539,0.002055178,0.559864755,0.004294918,0.001606917,0.005101679,0.008145288,16.8989
0.00147028,0.000421388,0.009478462,0.010536401,0.015497218,0.012305916,0.010055586,0.011003444,0.008223638,0.017090363,0.004531935,0.0150321,0.014759312,0.014012991,0.013496204,0.012895217,0.001184491,0.011693008,0.8193,5,0.002877393,0.001685581,0.002414497,-0.1,-0.1,0.016058739,-0.067927341,0.027931814,0.113890466,-0.036525261,-0.0680394,0.004341745,0.007434288,0.007561473,0.010214029,0.006732061,0.007199875,0.006025443,0.003160121,0.002414386,0.003586748,0.00496592,0.003428855,0.002881171,39.8,0.1,40.2,7.186144305,5.056245805,5.786897381,6.272877007,5.730099783,6.994849986,4.934473933,5.65248918,5.855071922,5.762051383,-0.005387045,0.010655353,-0.044602543,-0.007045343,0.000658978,-0.020662252,-0.003847925,0.000115149,0.003782381,-0.002811404,0.013578565,0.007876043,0.004564046,0.001425939,0.008176422,0.00098927,-0.015327256,-0.015883656,0.052002645,-0.002048894,-0.02,0.1,-0.04,0.05,0.11,-0.04,-0.05,0.01,0,0.68,0.24,0.65,1.4,2.56,2.8,3.59,5.36,0.006801475,-0.007602874,0.01027507,-0.012922425,0,-0.001673622,-0.003333336,-1.1491E-05,0.004580366,0,-0.00286114,-0.001849267,-7.46517E-06,-0.009639281,0.012240852,-0.001693309,-0.001719512,-0.006140367,-0.001898393,-2.71271E-05,-0.001835695,-0.000892033,0.003858513,-0.000897149,-0.002216183,-0.001961671,-0.004414681,-3.85795E-05,0.569134832,-0.001538636,-0.006315769,0.001894906,0.004602362,19.0371
0.006533861,0.005485221,0.009887377,0.024457272,0.02463207,0.014526093,0.01323897,0.012810752,0.013165026,0.017452543,0.011348827,0.012683312,0.015922408,0.025254797,0.004758257,0.013200812,0.048427814,-0.0064344,0.8479,64,0.018209564,0.005545506,0.008445171,-0.3,0.1,-0.004717846,-0.017031482,-0.055559889,-0.124435379,-0.003157565,-0.008183022,0.006235486,0.009078194,0.001881468,0.012825937,0.008539861,0.00983994,0.006571765,0.005144854,0.007523348,0.003289519,0.00732913,0.001465918,0.00153769,40,0.1,40.3,7.220373837,5.023880521,5.774551546,6.309918278,5.837730447,7.085901464,4.912654886,5.648974238,5.924255797,5.993961427,-0.008167036,0.038692725,0.065392071,-0.005588877,0.007598821,-0.030993378,0.00347234,0.000988315,0.006598524,-0.010571716,0.005437003,0.009081227,-0.007924778,0.001769073,-0.006130274,-0.000269424,0.088006748,0.088503902,-0.346080327,0.10148254,-0.33,-0.72,-0.57,-0.71,-0.79,-0.3,-0.26,-0.19,-0.15,0.29,0,0.27,0.94,2.59,2.87,3.73,5.54,-0.003548792,-0.011725076,-0.003389452,0.003209325,-0.007325315,-0.003330559,-0.003333336,-1.14135E-05,-0.009517807,0,0.002836789,-0.001819625,0.001350349,0.003766265,-0.002112916,-0.001676428,-0.001702108,0.005922164,-3.06373E-05,-0.001746538,-0.001806478,-0.001691869,-0.003878349,-0.001374729,-0.00128454,0.001859495,-0.002909079,0.002004797,3.37471948,0.003170548,-0.000910821,-0.014673157,-0.018088612,19.5375
0.005806975,0.006542795,-0.000849531,0.004381379,-0.007063142,0.00978383,0.00566062,0.004889389,0.004520043,0.012216165,0.001240515,0.006016765,0.014245709,0.027297001,0.01703978,0.014425742,-0.041676135,0.043675232,0.9448,149,0.030750941,0.000673925,0.003107295,-0.2,-0.3,0.018025001,-0.084229734,-0.074193036,-0.138084904,-0.030830958,-0.063820388,0.003953655,0.004302854,-0.002285101,-0.000271186,0.005595469,0.006601947,0.004067408,0.003819385,0.005840441,0.00456663,0.007061569,0.002194855,0.000801336,40.1,0.1,40.4,7.33823815,5.278114659,5.986452005,6.419994928,5.799092654,7.081708586,4.94875989,5.762051383,5.953243334,5.846438775,-0.00446271,0.047110083,0.04353538,0.000976116,0.00706329,0,0.003769522,0.003074571,0.011457108,0.015969023,-0.058949458,-0.059977694,0.00057171,0.002120435,-0.001682925,-6.1277E-05,0.037885621,0.040637646,-0.138053998,0.045658707,-0.1,-0.03,0.01,0.06,0.1,-0.01,0.05,-0.05,-0.17,0.36,0.11,0.43,1.14,2.68,3.02,3.78,5.47,-0.003372371,-0.012758727,-0.010033568,-0.001183782,-0.013000183,-2.77778E-06,-0.001687595,-1.13368E-05,0.00135962,0.075067573,0.00142754,-0.001800157,-1.65696E-05,-0.001931376,0.001929242,-0.003336114,0.003369821,-0.006029315,-0.001856785,-0.001728588,-0.001787288,-0.002519785,-0.001871708,-0.006023057,-0.000512077,-5.7177E-05,0.002883911,-6.66411E-05,1.468977319,0.005379196,0.001999017,0.003313817,0.00218162,19.2173
0.002637383,0.003992758,0.004969753,0.007531133,0.006608958,0.000930867,-0.001315993,-0.001010261,-0.002508967,-0.001623581,-0.002897901,0.004025674,0.003341742,0.006236721,0.0003354,0.001738055,-0.011722284,0.004999438,-0.0392,23,0.008459043,0.002281654,0.003563767,-0.1,0.2,-0.06303911,0.007547206,-0.031454206,-0.005083895,-0.048790164,0.034571344,0.002939204,0.003965998,0.005502262,-0.000542594,0.004934881,0.006842832,0.002027517,0.002544017,0.002126729,0.002468121,0.001645052,0.002433091,0.000400427,39.6,0,40.2,7.259116128,5.257495372,5.945420609,6.226536669,5.831882477,7.059617628,4.96284463,5.746203191,5.899897354,5.837730447,-0.004811797,0.04054926,-0.016631412,0.007497303,0.007183377,0,-0.001774892,-0.003975731,0.007494682,-0.002556649,0.030005883,0.030158135,-0.010833194,0.003040083,0.001993745,0.000587955,0.004957868,0.006175582,-0.014830277,0.010305114,0.07,0.12,0.12,0.24,0.3,0.04,-0.06,-0.03,-0.12,0.41,0.16,0.6,1.37,2.65,2.89,3.68,5.28,0.007418217,-0.00171353,-0.003574418,-0.042031886,-0.007679132,0.003336114,0.005020931,-1.12608E-05,0.004679923,-0.06926565,0.010005173,-3.2002E-06,-0.001363237,0.003692718,-9.92097E-05,-2.78706E-06,-2.55079E-05,-3.48757E-05,0.001806468,-2.95226E-06,-0.001777778,0.000201448,-0.002143088,0.00178656,-0.000152354,-0.001920255,0.002846645,-6.55662E-05,1.768592526,-0.004056597,0.005054035,0.002280981,0.009709498,18.2503
0.003842941,0.005352459,0.007119122,0.004772034,0.019457398,0.005402477,0.004126758,0.003083957,0.002408602,-0.000195329,0.003519029,0.009824684,0.006769354,0.012899167,0.004088485,0.006261931,0.020133696,0.00588983,0.3094,-17,-0.0078574,0.005561359,0.004886603,0.1,-0.6,0.111505977,0.00798806,-0.099415276,-0.202711512,-0.035556203,0.026686496,0.003069327,0.003179653,-0.002546065,-0.000271407,0.004055874,0.00510157,0.002456471,0.003026833,0.004488786,0.003793126,0.005702883,0.002911917,-0.000133458,39.4,-0.5,39.6,7.240649694,5.081404365,5.976350909,6.224558429,5.814130532,7.031741259,4.934473933,5.66296048,5.877735782,5.85220248,-0.019035426,-0.002698086,0.076890053,0.00470731,0.00878117,0,0.000297248,0.000952145,0.008444247,-0.002743645,0.022534423,0.022076572,0.002869821,0.001449999,0.001018762,0.000475149,0.007881814,0.008756623,-0.005759385,0.007365967,-0.02,-0.16,-0.14,-0.26,-0.29,-0.24,-0.17,-0.12,-0.18,0.27,0.04,0.36,1.1,2.43,2.74,3.58,5.12,0.005509485,-0.014131182,-0.004701932,-0.050946595,-0.002335619,0.003319484,0.006688988,-1.11856E-05,0.047991001,-3.34682E-05,0.022243282,-3.18878E-06,-0.001352255,-0.005626557,-0.004011162,0.003341688,-2.52522E-05,-0.001981888,-0.001839708,0.001707922,0.001774623,0.000774822,0.005564481,0.001249435,-0.00080962,-0.001888338,0.002785714,-0.00806456,0.912065883,-0.001107017,0.006811633,0.009620649,0.007135001,17.6447
0.001147156,0.003088152,-0.007177447,-0.001105185,-0.008108077,0.0048954,0.007481321,0.007444192,0.008623246,0.002409746,0.011278007,0.007792871,0.002112618,0.008599382,-0.000115356,0.00587002,0.021650483,0.013147543,0.2762,69,0.025417686,0.001054318,0.004266131,-0.3,-0.9,-0.049896971,0.018719758,-0.043937703,0.112079466,-0.144849382,0.056062458,0.000239592,-0.002815752,0.000670646,-0.009545961,-0.001597536,0.002729028,-0.008260318,0.001414045,0.001678113,0.002120946,0.00253786,0.002178386,-0.000934704,39.9,0.6,40.3,7.285506549,4.997212274,5.988961417,6.230481448,6.001414878,7.085064294,4.9698133,5.693732139,5.981414211,5.877735782,0.020827643,0.001779556,-0.033659844,-0.000865958,0.008538046,0.010331126,-0.002746026,0.000362825,0.005274552,-0.000851102,-0.013012929,-0.01544147,0.016652478,-0.006066968,-0.006063829,-0.000307564,-0.006893183,-0.007877502,0.048269413,-0.014689215,0.47,0.35,0.34,0.44,0.48,0.34,0.34,0.18,-0.08,0.15,-0.09,0.33,1.11,2.3,2.61,3.29,4.57,0.001674374,-0.016863403,-0.000349767,-0.021017686,-0.003462678,-0.00333054,-0.006688988,0.00164864,-0.042988078,-0.005768454,-0.010336232,0.003549224,0.002682754,0.001829601,0.001912818,0.003325003,0.001632001,-0.001958835,-1.31276E-05,-1.16883E-05,0.003530429,0.002485206,-0.001117771,0.005866972,0.001344634,0.005526361,0.00130323,0.011976191,-1.004655614,-0.001911978,-0.003180596,-0.000992356,-0.023737584,17.4434
0.001489459,0.000707787,0.011367054,0.012216425,0.020505845,0.000221346,-0.002688555,-0.002926695,-0.003859845,-0.005168564,-0.003305736,0.00202761,0.003345368,0.004958938,-0.004456734,6.82453E-05,-0.009397755,0.026317897,-0.1805,18,-0.013100734,0.000396387,-0.002604917,0.2,1.9,-0.002866358,0.107262074,0.097671456,0.08859123,0.104293499,0.005475279,0.000819223,-0.000272913,0.004281516,-0.004669697,0.000456699,0.001033203,-0.000436649,0.001237829,0.000558746,0.000357307,-0.000435562,0.002414877,-0.000534509,39.8,-0.1,40.2,7.309881486,5.099866428,5.924255797,6.363028104,5.932245187,7.0800265,4.882801923,5.726847748,5.913503006,5.937536205,0.006913081,0.017289785,0.004212846,0.002932625,0.013445247,-0.010331126,-0.003050327,-0.005478997,-0.000210449,0.001164008,-0.003600518,-0.001902698,-0.001633831,-0.002919869,0.004268329,0.000264187,0.005911347,0.006132301,0.001155039,-0.003629014,0.19,0.39,0.21,0.15,0.12,0.02,-0.04,0.04,0.03,0.35,-0.07,0.29,1.04,2.13,2.38,3.14,4.41,0.002334941,-0.006817704,0.00062488,-0.024581993,-0.006756091,-2.74111E-06,0.001665279,0.003270144,0.02955189,0,-0.00972574,-2.82937E-05,-1.61722E-05,0.003625787,-6.05629E-05,-0.001679095,-0.00168995,0.003872189,0.001783913,0.001684744,-0.001783922,-0.000390507,-0.003198819,-0.000415104,0.000324627,-0.005574285,-0.016885717,-0.006041456,1.932661809,-0.005478038,0.006207361,0.006312296,0.006342915,16.6744
0.006156828,0.003417716,0.002879191,0.000696698,0.007416507,0.005931501,0.008964478,0.005920532,0.006680014,0.0051545,0.007327811,0.008648522,0.002669187,0.010260201,0.002466766,0.00771924,0.004823297,-0.011308686,0.4158,-28,-0.012943709,0.007253186,0.005966605,0.2,-1.2,0.061911284,-0.044830456,-0.006884709,0.085136962,-0.079180798,-0.00752027,0.002151986,0.000272913,0.010095729,-0.0013776,0.000171208,-9.38835E-05,0.000582157,0.00287074,0.002789056,0.001478913,0.003011547,0.002168414,0.002002938,39.9,0.1,40.3,7.244941546,4.96284463,5.886104031,6.311734809,5.84932478,7.126890809,5.017279837,5.703782475,5.96100534,6.00635316,-0.001697439,0.03089422,0.154020113,0.009305172,0.008777157,0.010331126,0.002357069,0.002924076,0.002784858,-0.005310926,0.018796588,0.019081211,-0.003519551,0.002149965,-0.00013818,-0.000465503,0.023302025,0.021599112,-0.056280615,0.010010126,-0.17,-0.29,-0.18,-0.24,-0.32,-0.12,-0.03,-0.06,-0.07,0.23,-0.08,0.22,0.89,2.18,2.52,3.25,4.51,-0.004836762,0.005892579,-0.015324165,0.011834458,-0.001438997,0.001646073,0.001656983,-0.003335608,-0.030999864,0,0.019532604,-2.79951E-05,0.001312861,-0.003706445,0.001854245,0.00163784,0.001613575,0.001887558,-2.90094E-05,-2.5855E-05,0.001737427,0.000680549,0.003691778,-0.00034958,0.000579111,0.005456009,0.01821438,0.001923851,-0.050585456,0.003456816,-0.001819745,-0.002365915,-0.009121193,14.0582
0.002806586,0.003859343,0.001752245,0.00344916,-0.00540167,0.007055066,0.003762471,0.005686512,0.001465301,0.014995296,-0.004354162,0.01709068,0.010587721,0.01233344,0.010555722,0.006677095,0.002159799,0.001462254,0.3344,5,-0.000815239,0.001634562,0.001458086,0,-0.1,-0.024583006,0.063075967,0.026418239,0.029577017,0.023716527,-0.00590275,0.001971731,0.002271386,-0.038396311,0.0013776,0.004100234,0.007948796,-0.00189325,0.001857236,0.002163901,0.000458529,0.003757272,0.001202646,0.000933333,39.7,-0.1,40.2,7.34601021,5.049856007,6.018593214,6.352629396,6.013715156,7.177018766,5.093750201,5.752572639,5.978885765,6.077642243,-0.006835018,-0.007337239,-0.093556782,-0.003014998,0.005722476,0,0.00266785,0.003309156,0.006120386,0.007277538,-0.020720101,-0.019683373,0.003411309,0.001220713,-0.003100031,-0.000492275,-0.008674753,-0.012037979,0.060731002,-0.023956647,-0.02,-0.18,-0.09,-0.13,-0.2,-0.18,-0.06,-0.11,-0.18,0.07,-0.15,0.11,0.71,2.02,2.48,3.16,4.35,-0.001487747,-0.001490043,-0.013720793,-0.001233253,0.013486105,-1.08564E-05,-0.001665261,-0.0016541,-0.012538267,0,-0.02511074,-2.77012E-05,0.001291914,-2.96446E-05,-0.003886473,-2.4427E-05,-4.28595E-05,-0.001965525,-2.86994E-05,-2.5594E-05,-2.75078E-05,0.000471549,-0.003630724,0.00052777,0.001514406,-8.2648E-05,-0.007048523,0.001878589,-1.487837937,0.003393969,-0.005272239,-0.002215383,0.015091597,15.9058
0.00085216,0.001607444,0.003752672,0.002890189,9.14872E-05,0.002875245,0.003771671,-0.000719569,0.000649334,-0.006554705,0.003749599,-0.00280922,0.001913262,-0.00281642,0.002836814,0.002314572,0.000664301,-0.007079963,-0.0103,-22,0.004435966,-0.001945224,-0.000560551,-0.2,-0.4,0.005859055,0.002579537,-0.03509132,-0.005479466,-0.061210731,0.047747763,0.00235595,0.004708021,0.042485217,0.000550509,0.003913677,0.001582205,0.00755159,0.001455604,0.002898463,0.003229213,0.002382655,0.005752652,-0.002401762,39.9,0,40.2,7.45007957,5.087596335,6.152732695,6.448889394,6.12249281,7.300472814,5.068904202,5.96870756,6.150602768,6.135564891,-0.004520524,0.006041852,0.046887526,0.004537277,0.012308839,0,-0.004033582,-0.000397423,0.005720244,-0.004243522,0.002955704,0.003107194,0.004000428,-0.000996908,0.004062201,0.000287338,0.021073577,0.022242149,-0.048677986,0.006353343,-0.04,-0.03,-0.06,-0.1,-0.16,-0.18,-0.18,-0.07,-0.24,0.08,-0.17,0.05,0.59,1.88,2.34,3.13,4.15,-0.006147222,-0.003229325,-0.011297608,-0.031683562,-0.01050762,-1.07852E-05,-2.74111E-06,0.00647236,0.015542524,0.132914933,0.001256235,-2.74119E-05,-0.002668186,0.005342219,0.001856045,-2.41873E-05,-0.001659119,0.001862957,0.001736831,-2.5337E-05,-2.72215E-05,0.000101506,0.006244053,-4.85119E-05,-0.001546349,-0.001868476,-0.001407072,-0.002015129,0.847325745,-0.001855315,-0.009230632,-0.005938565,-0.002943536,16.5108
-0.000320195,0.000836659,0.001542813,-0.011869457,0.014909793,0.000359369,0.005383411,0.00602174,0.007653238,0.012818937,0.005439303,0.002438083,-0.005044234,-0.009335547,0.00191984,-0.000289318,0.030349512,0.001450856,-0.217,37,0.002280727,0.001562686,0.001131989,0.1,0,0.011955736,-0.019072967,-0.00174368,-0.028799018,0.0221775,0.003674223,0.000162706,-0.004753399,0.000394815,0.003022395,-0.006645298,-0.010470321,-0.000723641,0.002041205,6.15783E-05,0.001445948,0.001216841,0.003578675,0.003800131,39.7,0.1,40,7.395721609,5.087596335,6.033086222,6.352629396,6.165417854,7.261927093,5.093750201,5.897153868,6.042632834,6.167516491,-0.022553504,0.0019805,0.046199074,0.011005216,0.006479953,0.030993378,0.005974087,0.001749745,0.007490672,0.000504177,0.017607636,0.015653568,-0.000678169,0.001801579,1.07451E-05,0.000502076,-0.034719013,-0.036179657,0.194351724,-0.052743227,-0.23,-0.23,-0.16,-0.24,-0.34,-0.38,-0.18,-0.06,-0.11,0.08,-0.1,0.04,0.48,1.73,2.39,3.3,4.27,0.004361635,-0.01089486,0.013233276,-0.053208782,-0.00246432,0.001619278,0.00493555,-0.008126131,-0.003179526,-0.132914933,-4.10922E-05,-2.71271E-05,-0.002636774,-0.000114803,-0.003809311,-2.39512E-05,-2.35652E-05,-0.001938862,-0.001802618,0.001634668,-2.69397E-05,-0.000391596,0.000571932,0.00042954,-0.001094931,-0.005394049,0.005454894,-0.009646975,-1.313159714,0.004116274,0.073644739,0.025845307,0.00178856,19.007
0.00872489,0.008216233,0.005750251,0.016489649,0.004155317,0.01469057,0.015847848,0.019769215,0.016967187,0.031830379,0.010526784,0.030993008,0.01343753,0.014360453,0.003148023,0.012518883,0.07185619,0.017939633,0.7905,68,-0.001133767,0.005671346,0.00402442,0.1,0.1,-0.041246533,0.069313754,0.02669121,0.014038602,0.037469509,-0.048851291,0.004146326,0.007684696,0.002365621,0.009012761,0.00760719,0.012514172,0,0.002795563,0.001415254,0.001418548,0.001138065,0.003328581,0.002989936,39.8,-0.1,40.1,7.403061091,5.293304825,5.908082938,6.381816017,6.180016654,7.333676396,5.111987788,5.902633333,6.107022888,6.309918278,0.006456957,0.030317275,-0.105552135,0.006398961,0.006912324,-0.020662252,-0.002694738,-0.001037528,0.008200969,0.003892199,-0.00267052,-0.00110887,0.001024263,-0.000645155,0.000971472,-0.000477469,-0.006893183,-0.00881063,0.092456014,-0.021698048,-0.07,-0.12,-0.17,-0.18,-0.21,-0.23,-0.12,-0.07,-0.06,0.03,-0.2,-0.07,0.34,1.57,2.34,3.3,4.28,0.006789472,-0.002045827,0.013562998,0.000244215,0.01347922,0.003212376,0.001586851,0.004816685,0.01265827,0,-0.00894082,-0.001746538,0.00261608,-0.003615012,0.009305599,-0.003259967,-0.003233614,-3.19198E-05,-2.77012E-05,-0.001692809,-0.001740459,-0.000679081,-0.006788314,-0.00067552,0.000951272,0.007101637,-0.00687089,0.013419308,-2.367544448,0.000128929,-0.073315646,-0.020817334,0.009219462,18.4481
0.00305064,0.00335706,0.013196672,0.025575854,0.028090094,0.01033447,0.009922362,0.010452571,0.010467913,0.024177658,0.004424473,0.01504905,0.010780966,0.011881547,0.006582436,0.010338889,0.008397075,0.015198401,0.6226,137,0.02215604,0.000966074,0.00188367,0,-0.2,0.033063739,-0.061033035,0.008881429,-0.033068672,0.042885592,-0.041276741,0.002626258,0.002428714,0.005628655,0.00271518,0.002090337,0.0026878,0.001157575,0.002701844,0.003253633,0.002124056,0.002250216,0.003790575,0.000132679,39.6,0.1,39.9,7.497761701,5.170483995,6.107022888,6.475432717,6.272877007,7.320526962,5.135798437,5.860786223,6.135564891,6.269096284,0.000201217,0.055131293,0.098630603,0.011546652,0.005671629,-0.041324503,0.00324341,0.000386464,0.006918331,-0.005824347,0.005358987,0.005339683,-0.000683279,9.01198E-05,0.005436487,0.000857159,0.034000361,0.028785241,-0.067901996,0.016805008,-0.3,-0.32,-0.4,-0.37,-0.4,-0.42,-0.42,-0.27,-0.11,0.01,-0.3,-0.14,0.24,1.45,2.22,3.33,4.47,0.00779564,0.003312141,-0.00157188,0.024303925,0.03233492,-6.52489E-05,-6.63159E-05,-4.10922E-05,0.010872227,0,-0.012893301,0.001701947,-1.53788E-05,-0.001792927,-0.007521651,0.003228394,0.004801268,-3.15622E-05,-2.74119E-05,-0.001667893,0.001696174,0.001050102,0.001405447,-0.000312129,0.001816827,-0.001834244,-0.001365178,-0.00390421,0.438175878,-0.000270913,-0.072210995,-0.020353958,0.006050893,14.0253
-0.004825641,-0.003783093,-0.002889486,-0.006543193,-0.007111484,-0.005528606,-0.002644313,-0.000820567,-0.002876825,-0.003978341,-0.002388381,0.005425688,-0.008647166,-0.007867055,0.003334488,-0.002480584,-0.013791573,0.017117285,-0.3983,96,0.028634967,-0.001439175,0.001390968,-0.3,0.1,-0.009286395,-0.043465822,-0.076540077,-0.051242737,-0.096735483,0.072367328,0.003028425,0.002646869,0.00741274,-0.007621158,0.004729472,0.005169879,0.004040993,0.003174361,0.005074136,0.003479755,0.005866408,0.004247293,-0.00126116,38.9,0.1,39.4,7.331060305,4.912654886,5.517452896,6.34738921,6.34738921,7.290292882,4.912654886,5.786897381,6.124683391,6.304448802,0.00023795,-0.024792612,-0.01350835,0.004751523,0.009412938,0.010331126,-0.001692586,-0.000658311,0.006266445,0.005837063,0.007553265,0.006728796,-0.004390917,-0.000785062,0.000169056,0.000638809,-0.008633147,-0.009503311,0.078500726,-0.027751969,-0.04,0.06,0.27,0.32,0.4,0.48,0.34,-0.02,-0.04,0.11,0.01,0.22,0.68,1.97,2.6,3.35,4.47,-0.005953041,0.017321356,-0.012460339,0.020054937,-0.007887254,-0.006443814,-0.004884535,-0.003210145,-0.020306955,0,0.020618978,-2.6389E-05,0.001280918,0.003438796,0.001802544,-2.34134E-05,-4.08301E-05,0.001818929,0.001698499,0.003262505,-2.62092E-05,0.000162354,0.004001034,0.001018219,-0.001430028,0.001694259,0.01079448,0.003688146,0.395685166,-0.001301865,0.062459947,0.016769707,-0.02414947,14.675
0.00322676,0.003604334,0.005547165,0.013505049,0.022766567,0.015103376,0.015883595,0.01611228,0.012968923,0.012778612,0.013054307,0.023389782,0.014254566,0.013589335,0.023762661,0.017668658,-0.021348648,0.034197169,1.2062,2,-0.009652369,0.005918178,0.004593118,0.1,-0.5,0.040960202,0.015294945,-0.011888572,-0.02042972,-0.004966898,0.11495841,0.003661558,0.007053916,0.004266604,0.030937235,0.002244292,0.001196338,0.003881267,0.002361357,0.002922732,0.002438688,0.003291617,0.003056309,0,40,0,40.2,7.571988449,4.983606622,6.115892125,6.625392368,6.380122537,7.3524411,4.941642423,5.860786223,6.230481448,6.329720906,0.008893755,0.00909,-0.01507303,0.000884378,0.0089859,-0.010331126,0.003491152,-0.000807461,0.000402941,-0.004455181,-0.069507244,-0.068500386,0.005794037,0.005947284,0.002060486,0.000494546,-0.027345454,-0.027278418,0.155611363,-0.049373042,0.07,0.04,0.05,0.07,0.18,0.25,0.18,0.08,0.04,0.08,-0.01,0.22,0.79,2.15,2.71,3.36,4.44,0.001615551,0.011369879,-0.020936599,-0.001227102,0.01727057,0.009536463,0.007983275,0.00157095,0.024644887,0,0.021561501,0.005045742,-2.68467E-05,-0.001791573,-0.001873509,0.00634626,-4.03132E-05,-0.001891216,-0.00176136,0.003198774,0.005028828,0.002048565,-0.007570482,0.007982019,0.001124709,-0.003536092,-0.0121541,-0.009410901,-1.869954738,-0.00049115,0.013299906,-0.003467758,0.005132037,13.1127
0.004417855,0.004681865,0.000670297,0.012024608,0.008230922,0.012365723,0.006075214,0.004179526,0.000998528,0.026139441,-0.010285879,0.015575049,0.019145352,0.025799924,0.01299732,0.014304212,-0.075305896,-0.025886002,0.9457,96,0.02139021,0.003369069,0.005144919,-0.2,-0.2,-0.007323601,-0.012126805,-0.055320178,-0.080558837,-0.035476693,-0.224114627,0.004963706,0.00859363,0.015871317,0.0220077,0.005477322,0.007604599,0.002149768,0.003565674,0.00467078,0.004134671,0.006344805,0.005851392,-0.000398592,39.9,0,40.3,7.631916513,5.398162702,6.192362489,6.687108608,6.311734809,7.414572881,5.356586275,5.973809612,6.242223265,6.293419279,0.001919603,0.054198882,0.017150869,0.004316936,0.008844723,-0.020662252,-0.002650878,-0.001372184,0.004170965,0.004559421,0.036179814,0.034391767,0.000556874,-0.000361984,0.001823065,0.000919302,-0.003968259,-0.001785715,0.062703009,-0.02016217,0.01,-0.01,-0.07,-0.02,0.03,0.1,0.07,0.06,0,0.06,-0.09,0.19,0.81,2.24,2.77,3.41,4.43,0.001936711,0.011673438,-0.016968516,0.004142726,0.022509608,-0.003257483,-0.001700297,0.004683429,-0.007933642,0,-0.008067288,-0.005123311,-0.006457461,0.001657793,0.005390206,-0.008003726,-3.98061E-05,0.001796072,-2.64796E-05,-0.00491355,-0.005105873,-0.002794061,0.001906308,-0.009396611,-9.12792E-05,-2.70332E-05,0.001341382,0.005567564,0.013388293,-0.003029815,0.00490333,0.007012909,0.008495559,15.3015
0.004282631,0.004992079,0.001395012,-0.001210946,0.015389082,0.009260915,0.01039761,0.008707886,0.006456548,0.008125378,0.00569456,0.013638279,0.008049242,0.012237323,0.003981635,0.010367747,-0.011344585,-0.00191663,0.6306,92,0.029361161,0.002188909,0.005085716,-0.2,-0.1,0.007323601,-0.10420639,-0.060624622,-0.09129142,-0.037674188,0.019652938,0.004144194,0.005936823,0.006581469,0.011593586,0.004615607,0.004916699,0.004143159,0.003451181,0.00404651,0.003569605,0.003908687,0.004424271,0.001659751,40,0,40.4,7.54538975,5.236441963,6.150602768,6.610696045,6.198478716,7.414572881,5.176149733,6.035481433,6.304448802,6.249975242,-0.000414864,-0.007845824,0.035526182,0.0093929,0.010795793,0.010331126,-0.001007376,8.26212E-05,0.002604299,-0.001318649,0.030716513,0.032747327,-0.003250282,0.002464205,-0.004830798,0.000242704,-0.015527485,-0.018034754,0.122390363,-0.031202706,0.04,0,-0.06,-0.08,-0.06,-0.14,-0.09,-0.06,-0.05,0.02,-0.19,0.07,0.71,2.06,2.64,3.31,4.34,-0.005262066,-0.009494054,-0.0180743,0.000931207,0.000190223,-0.003181741,-0.004788087,-0.001639761,0.011599537,0,-0.012522567,0.00164272,0.002578982,-0.003456655,-0.001901002,0.004710687,-0.001598155,-5.32808E-05,-2.62092E-05,0.001577943,0.001637343,0.00079815,-0.000486767,0.002990602,-0.000171406,0.003397907,0.001335996,0.001781677,-2.006243035,0.000461632,0.001639024,0.00158244,-0.004942073,18.0098
0.002498654,0.005231511,0.002756395,0.000631371,-0.004389623,0.008406658,0.008276134,0.007141018,0.000854057,0.005046146,-0.001067349,0.020471088,0.008551814,0.008777946,0.012875246,0.008734455,0.009263266,-0.012144692,0.4959,97,0.024617263,0.003401105,0.00527798,-0.2,0.5,-0.09054543,0.084584496,-0.004140793,0.051354567,-0.046605053,0.034377758,0.004395128,0.004898754,0.004405571,0.006637757,0.004594401,0.006247474,0.001994019,0.004200121,0.004330313,0.003507248,0.004872537,0.003247509,0.003773964,40.1,0.2,40.5,7.586296307,5.365976015,6.188264123,6.64509097,6.216606101,7.419380583,5.198497031,6.008813185,6.320768294,6.261491684,0.007533139,0.006651834,0.01210001,0.007713784,0.007503312,0.010331126,-0.002877474,-0.001490756,0.004491474,-0.002896784,-0.024186596,-0.029148255,0.001763619,0.000267422,0.000489948,0.000618459,-0.002932109,-0.007305969,0.069960977,-0.013937581,0.62,0.51,0.42,0.4,0.4,0.15,0.09,0.01,-0.06,-0.09,-0.39,-0.15,0.49,1.59,2.11,2.7,3.66,7.48091E-06,-0.002814279,0.008031047,-0.000290909,-0.002761775,0.001532029,0.003097947,-6.02811E-05,-0.035506973,0,0.008452499,-0.003361198,0.005133139,-0.003404237,-7.97226E-05,-0.004745463,-0.001575906,-0.003656119,-0.00171656,-0.001632051,-0.003349939,-0.000757457,0.002251134,-0.000784325,-0.0015893,-0.003468643,-0.002677378,-0.001904008,0.645713315,-0.002447785,0.008146458,0.005577214,-0.012177872,15.1482
0.001569634,0.003165325,-0.000361518,0.008980631,0.005295421,0.007214447,0.010486024,0.011025773,0.006858113,0.018361932,0.001550616,0.02153698,0.003703517,0.008076983,-0.000644115,0.008368196,0.035204308,-0.017148634,0.4634,33,-0.011589378,0.004328529,0.002231743,0.2,-0.5,0.130531254,-0.043321275,-0.00520022,0.037697211,-0.041055885,-0.051258692,0.004848804,0.005525958,0.013721058,0.008109522,0.004683333,0.005131679,0.003976148,0.004586391,0.004192125,0.004162853,0.004773996,0.003467811,0.004944141,40,0,40.5,7.545918151,5.293304825,6.169610732,6.595780514,6.182084907,7.468513271,5.476463552,6.025865974,6.34738921,6.269096284,0.002601681,0.034677527,0.094430943,0.01522875,0.006433777,0,0.001241181,-0.000553023,0.002287875,0.001468074,-0.002999159,-0.000810085,0.00144049,-0.002936978,0.00027437,0.000709869,0.005352197,0.003659656,0.033816079,-0.006582113,0.04,0.16,0.06,0.01,-0.04,-0.18,-0.18,-0.1,-0.1,0.03,-0.37,-0.18,0.41,1.37,1.89,2.56,3.52,-0.001624671,-0.011899198,-0.01659281,0.000349081,0.008640798,-0.003129772,-0.007818648,-0.007733991,-0.021256057,0,-0.030423841,0.001643223,-0.001314062,-0.001693481,-7.83177E-05,0.001549051,-0.001561265,0.003577635,0.001673468,-2.28207E-05,0.00163784,0.00050706,-0.000562802,-0.000258322,0.001345822,0.00335235,0.00666225,0.001753598,-0.998479607,-0.000525648,-0.005852046,0.000299341,0.006993959,14.0565
0.005521706,0.003789584,0.008088911,0.002718509,0.011402974,0.001423713,0.002647342,0.002893627,0.001567234,0.000173994,0.002205066,0.006407368,0.000111624,-0.004650404,0.004466813,9.40362E-05,0.033970376,-0.001836661,-0.2268,95,0.036561781,-0.001818127,0.001358378,-0.3,-0.1,-0.093113741,-0.00869991,-0.00575165,0.046010306,-0.053038944,0.000415139,0.004209921,0.002600105,-0.029800407,0.004784096,0.003676172,0.006177004,-0.000283487,0.00483336,0.003936543,0.004514903,0.003120261,0.003685791,0.006031619,39.9,-0.1,40.4,7.629489916,5.379897354,6.144185634,6.698268054,6.335054251,7.430707083,5.105945474,6.021023349,6.34738921,6.289715571,-0.002753387,-0.007783029,-0.069621371,0.010012129,0.005087707,0,-0.000649604,2.93043E-05,0.002332218,0.005460999,0.03171492,0.032115968,-0.000833894,0.00153576,-0.000681174,0.000172548,0.009123328,0.005464494,0.006696892,-0.000174074,0.03,-0.03,0.17,0.19,0.14,0.08,0.05,-0.01,-0.04,-0.03,-0.23,-0.02,0.52,1.42,1.91,2.52,3.45,-0.011186708,-0.032247692,-0.029748675,0.002033879,0.003303604,-9.58511E-06,0.004662013,0.003076926,0.019268899,0,0.015825041,-2.45888E-05,0.002505682,-0.001693481,-0.003561274,-0.001573427,-2.41118E-06,0.00172639,0.001648133,-0.001601136,-2.4427E-05,-0.000373304,0.001981954,-0.002554743,0.000197281,-0.003421183,-0.00533511,-0.00187197,0.771577123,0.001232519,0.013870429,0.002593548,-0.011034695,15.3617
0.003898373,0.00279464,-0.000579558,0.001650632,-0.000862341,0.000289355,0.002724027,0.001341137,0.001573632,0.00102421,0.001820021,0.001541352,-0.002329506,0.001688503,0.001932353,0.004554427,-0.011015065,-0.007403971,0.1408,86,0.004881412,0.004569327,0.003869399,0.1,-0.4,0.012858561,0.068928144,-0.037942034,0.004273511,-0.080214014,0.016057437,0.002869027,0.000778715,-0.019200384,0.003510535,0.000930615,0.001337793,0.000283487,0.003676475,0.003505961,0.004126959,0.00423734,0.004359305,0.001893754,39.9,0.1,40.4,7.61085279,5.38907173,6.079933195,6.7310181,6.265301213,7.484368643,5.170483995,6.100318952,6.418364936,6.300785795,0.001747838,0.012388343,0.020214588,0.011919052,0.008481264,0,0.002155135,0.001079771,0.00341407,-0.004540606,-0.028804457,-0.048650683,0.003358722,0.001578713,-0.000990142,0.000319202,-0.02475499,-0.023898196,0.157962066,-0.032300385,0.48,0.37,0.3,0.43,0.43,0.19,0.07,0.04,-0.05,-0.14,-0.41,-0.07,0.47,1.13,1.5,2.08,2.92,0.007841091,-0.000871568,0.006826222,0.009877907,0.012920318,0.003062673,-2.16335E-05,0.001520784,-0.000152899,0.066111025,-0.001227747,-2.43467E-05,-0.006350826,-2.87274E-06,0.001707194,-9.64474E-06,-2.4037E-06,-0.003606216,-0.003372533,-9.98285E-06,-0.001656841,-0.000522693,-0.001442818,7.77662E-05,-0.000643383,-2.5337E-05,0.001321868,-0.001832332,-0.431615816,0.002328973,-0.015253306,-0.0027875,0.007540408,14.4929
0.006242963,0.007991356,0.003114623,0.003665494,0.004370361,0.004825735,0.002794248,0.003502844,0.002327854,0.004709318,0.00121197,0.005525905,0.007021439,0.002118653,-0.005991591,0.001543282,-0.006526121,0.003348659,-0.113,-14,0.012065622,0.000875168,0.002819444,-0.2,0.1,-0.004499056,-0.037862325,0.009216655,-0.025919378,0.044645411,0.004076093,0.005498015,0.005175995,0.043036559,0.006984314,0.003168536,0.004002674,0.001840708,0.005622197,0.005206496,0.004036752,0.0048223,0.005934736,0.004881074,39.8,-0.1,40.4,7.5750717,5.153291594,6.073044534,6.687108608,6.29156914,7.422971251,5.141663557,5.942799375,6.342121419,6.317164687,0.004552535,0.0249254,0.078687155,0.015226649,0.010275717,0.010331126,0.000265759,-0.000951629,0.004189778,-0.002226774,0.003289785,0.037111949,-0.004116215,-0.004510987,-0.00167266,-7.2823E-05,-0.015672039,-0.014995595,0.120460056,-0.023251677,0.24,0.34,0.32,0.21,0.16,0.01,-0.06,-0.06,-0.02,-0.04,-0.33,-0.1,0.39,0.9,1.2,1.78,2.66,0.002875318,-0.014175738,0.000347176,0.001952453,-0.001582647,-0.001563192,-0.001558713,-2.10422E-05,0.009307041,-0.066111025,-0.01987794,-0.0016541,-0.002526848,0.005086187,0.001671631,-9.58511E-06,0.001542006,-2.80941E-05,0.00164864,-9.92007E-06,0.00161666,-0.000917009,-0.001777712,-0.001450743,-0.000275284,0.001634668,0.005256171,0.001742882,-0.737142459,-0.001292428,-0.003101749,-0.006897741,0.004006137,14.0867
0.008619094,0.011355449,0.008304034,0.00746203,0.019692823,0.001858681,-7.17987E-05,-0.000194281,0.008167845,-1.03791E-05,0.011954981,-0.003118848,0.003929731,0.011675431,0.001967401,0.002365564,0.031953656,0.004150983,-0.0482,186,0.026507779,0.003633302,0.003768429,0,-0.3,0,0.000940734,-0.035149143,-0.042464481,-0.028079599,-0.026796519,0.003131614,0.001504632,0.003855966,0.002730547,0.001199237,0.000975999,0.001554881,0.003758189,0.002239907,0.00333939,0.004357121,0.004994335,0.003887778,40.1,0.1,40.6,7.621684999,5.393627546,6.165417854,6.735780014,6.222576268,7.471932078,5.318119994,5.942799375,6.413458957,6.333279628,0.009586733,0.020755182,0.003156377,0.016395401,0.004272331,-0.010331126,-0.00096466,-0.001170307,0.001327205,0.004010013,0.016165856,-0.015867592,0.003648001,0.004388619,0.004649164,0.000100905,-0.026216167,-0.0258264,0.18467013,-0.033691241,0.33,0.41,0.35,0.39,0.44,0.28,0.18,0.12,0.09,0.04,-0.31,-0.04,0.5,0.85,1.05,1.57,2.42,-0.011604299,-0.041489024,-0.046125782,0.015935685,0.023571665,0.001497625,0.0015231,-0.003055754,0.00783332,0,0.005934726,0.001614051,0.003788678,-1.14522E-05,-0.005197646,-9.52603E-06,-0.001549172,-2.77987E-05,-2.47522E-05,-9.85787E-06,-0.001643229,0.000878077,0.004217701,0.002596367,-0.001177022,0.001602087,-0.002669565,-5.01226E-05,-0.608606892,-0.001144979,0.099349861,0.040634458,-0.008252925,15.4536
0.007821813,0.006224971,0.006094925,0.004558731,0.007888728,0.001124794,0.000432655,-0.000305664,0.000611403,-0.000451595,0.001095254,-0.001410476,0.001870944,-0.00076096,0.004633438,0.001685363,-0.045198589,-0.015554157,-0.108,134,0.015182303,0.007595188,0.007590515,0,-0.1,0.014121123,-0.022344643,0.008349617,0.035878288,-0.018795468,-0.015438903,0.004512799,0.003944271,0.006804851,0.005931802,0.003426244,0.00504225,0.000847099,0.004731415,0.005109393,0.004515996,0.005835939,0.005645267,0.003357224,40,0,40.5,7.621684999,5.288267031,6.194405391,6.687108608,6.313548046,7.479299638,5.111987788,6.025865974,6.391917113,6.386879319,0.006410159,-0.007711383,-0.040014913,0.013970491,0.008749063,-0.010331126,0.000879496,0.000436708,0.000196473,-0.003149265,-0.011160822,0.021250484,-0.00293136,-0.000922336,-0.00110537,-8.3921E-05,0.005744086,0.004833262,0.032255814,-0.002927665,0.04,0.03,-0.06,-0.02,-0.02,0.02,0.06,0.04,0.06,0.03,-0.41,-0.1,0.44,0.83,1.07,1.57,2.44,-0.013489742,-0.035886506,-0.040217486,0.026026156,0.009419506,0.001470316,0.003023036,0.006049146,0.016940654,0,0.018985333,0.001590487,0.003760122,-1.1375E-05,-1.17283E-05,0.004581206,0.003069825,0.001710112,-2.45077E-05,0.004659473,0.004824313,0.001141058,-0.001529071,0.002902129,0.000840904,-0.003335608,-0.002628051,-0.001796146,-0.627399862,0.001675954,-0.088934288,-0.031104373,0.012569625,19.6377
0.004441943,0.005362398,0.001978294,0.013165179,0.004569183,0.001578602,0.011732263,0.01277211,0.008879253,0.006271171,0.010076318,0.014028569,-0.009250562,0.017256508,0.000453925,0.010756412,0.026843282,-0.018794019,0.6459,117,0.058785968,-0.000845489,0.003662189,-0.4,0,-0.0690173,-0.06916459,-0.04942784,-0.055475457,-0.043336313,0.017108817,0.002787979,0,0.003333153,0.007120963,0.006062265,0.007997582,0.002959207,0.003857555,0.00525825,0.00464038,0.005510691,0.00449338,0.001481339,39.8,-0.1,40.4,7.669495251,5.198497031,6.11146734,6.787844982,6.434546519,7.469654173,5.204006687,5.996452089,6.429719478,6.309918278,0.011063775,0.039219515,0.065436645,0.019593466,0.007960412,-0.010331126,0.000257427,-0.000437807,0.001423278,0.004299493,0.011667818,0.007426399,0.000187576,-0.002072442,-0.006854163,-0.000404905,-0.004891025,-0.005802724,0.084394396,-0.011111595,0.05,0.07,-0.03,-0.01,0.01,0.14,0.11,0.11,0.04,0.05,-0.49,-0.16,0.4,0.92,1.13,1.63,2.43,-0.018679043,-0.056390526,-0.015151646,0.020042061,-0.010876569,-0.003050719,-0.003078894,-0.003055379,-0.006464377,0,-0.002546141,-0.001645474,-0.002533026,0.001662342,0.003383941,-0.00461409,-2.11715E-05,-0.001773852,-2.42668E-05,-0.003146703,-0.004860793,-0.0009453,0.003829859,-0.002860374,-0.00108387,-0.0016541,0.002587253,-2.75078E-05,-1.091963088,-0.002227144,-0.002569816,-0.048034562,0.003847668,15.413
-0.00352406,-0.00383341,-0.010751475,-0.031093725,-0.01993604,-0.013903591,-0.018257441,-0.021546531,-0.02578975,-0.054553953,-0.01280782,-0.019626514,-0.009233071,-0.014686936,0.005581533,-0.014371995,-0.009109072,-0.014077427,-1.4403,34,-0.00525455,0.003794129,0.002960387,0,-0.7,0.034219078,0.024428696,-0.044054743,-0.034343221,-0.05387299,-0.024206079,0.002212979,0.000128356,-0.003137375,-0.014292998,0.00334016,0.00497709,0.000703284,0.00301003,0.003548269,0.003322022,0.003491058,0.003356834,0.004687157,38.7,0,39.5,7.448916103,4.820281566,5.97126184,6.556778356,6.210600077,7.461640392,5.262690189,5.860786223,6.475432717,6.304448802,-0.009108535,-0.063099788,-0.027838489,0.008914078,0.012414774,0.051655629,0.003546657,0.00113416,0.000980392,-0.002269686,0.028164947,0.023382987,0.004172462,0.002077594,0.005907993,0.001233897,-0.038794456,-0.037151081,0.244909603,-0.047678984,0.14,0.14,0.37,0.3,0.32,0.29,0.27,0.22,0.18,0.05,-0.26,0,0.58,1.07,1.26,1.71,2.47,-0.009923281,-0.044747221,0.000241027,0.042593314,0.003547877,-2.023E-05,-2.05989E-05,-2.02908E-05,-0.001711618,0,0.00378867,0.001572981,-0.00375235,-2.51678E-05,-0.001730885,0.003021039,-2.0978E-05,0.001689892,0.001600666,-0.001561146,0.003179522,0.001066285,-0.00397167,0.00040108,0.002851647,0.00647236,0.001260983,0.008586096,-1.575181536,0.002744455,0.138104573,0.033388654,-0.018726536,15.9983
0.004462563,0.005248689,0.014480604,0.022674531,0.023337322,0.005011333,0.011478615,0.015153709,0.015986682,0.024695049,0.012104463,0.023772436,-0.001895041,0.000536474,0.007938855,0.003530959,0.049535057,-0.021552733,0.0402,33,0.022974888,-0.000356948,0.001429305,-0.1,-0.4,-0.021475414,-0.02391363,-0.036570546,0.099681771,-0.197941064,0.087901294,0.004164141,0.003374125,0.005818741,0.007172035,0.002470994,0.003217534,0.001264667,0.004465603,0.003824983,0.005344979,0.002961983,0.006680052,0.003836077,39.3,0.2,39.9,7.460490306,4.49980967,6.079933195,6.533788838,6.259581464,7.459338895,5.117993812,6.00635316,6.429719478,6.29710932,0.007060597,0.038998584,0.075077294,0.013357942,0.006877703,-0.030993377,-0.007833894,-0.00285051,-0.000245008,0.002772537,-0.078979836,-0.080844006,0.001507718,-0.000450888,0.001214688,0.000527693,-0.014171972,-0.014091165,0.123248015,-0.022498904,0.08,0.01,0.01,0.04,0.06,0.06,0.07,0.06,0.03,-0.02,-0.33,-0.04,0.56,1.05,1.25,1.69,2.42,-0.001660525,-0.039432184,-0.002944421,0.002219413,0.010658578,0.002947312,0.002973601,0.002951661,0.002749408,0,-0.001280937,-0.001626743,-0.007518832,-0.00334167,0.004995337,-0.001541512,0.003000363,-4.70753E-05,-0.003273187,0.00305799,-0.001624102,-0.001237869,-0.00151386,-0.002345055,-0.000553268,-0.003299091,-4.14102E-05,-0.008684542,0.6,-0.004120914,-0.006902182,-0.000589435,0.012094861,15.6033
0.005675826,0.006207736,0.009930302,0.00999119,0.024362067,0.018831952,0.022910861,0.025351252,0.019721431,0.030022274,0.01506011,0.028545877,0.014443396,0.017135308,0.001185956,0.017387001,0.038427307,0.032032461,1.1864,133,0.018952465,0.002525642,0.002493741,0,-0.1,0.037981495,0.012282652,-0.034032177,-0.115468377,0.068092916,-0.093615596,0.006020827,0.008322412,0.020758935,0.029142422,0.003213887,0.003293754,0.003084691,0.00514165,0.005134874,0.004888469,0.004550129,0.004649626,0.003821417,40,0,40.5,7.616775809,5.123963979,6.054439346,6.775366091,6.33150185,7.494986234,5.159055299,6.011267174,6.472346295,6.345636361,0.015534381,0.049257625,-0.015584078,0.024618949,0.013035385,0,0.002369505,0.000676372,-0.00112781,-0.00632831,0.014752017,0.014644022,0.001585786,0.000203268,0.003859801,0.000636295,-0.001799776,-0.003067487,0.058413915,-0.011574934,0.01,-0.01,-0.16,-0.11,-0.03,0.03,0.01,0,0.02,-0.04,-0.5,-0.16,0.52,1.07,1.25,1.68,2.43,-0.009047576,-0.005777327,-0.036066028,-0.017737325,0.011434822,-0.003000381,-0.001540641,-0.001528874,0.004048597,0,-0.01387706,0.001555856,0.012537664,-2.75936E-06,-0.005071352,0.001477714,0.002932663,-4.64359E-05,0.003210141,-3.75234E-05,0.003127005,0.001804718,0.002730436,0.005734168,-0.000733726,-4.12243E-05,0.003763815,-0.001725445,-5.5,0.000465208,0.007010379,0.006644347,0.004901433,14.9447
0.005720527,0.007981655,0.006017378,0.029846578,0.024663394,0.020657517,0.011611234,0.011941633,0.007290187,0.019858224,0.001503441,0.023530874,0.030344416,0.01898147,0.01404278,0.016173727,-0.07128989,0.001021538,1.1012,266,0.060769519,0.004756604,0.00672107,-0.2,-0.1,-0.043059489,-0.040482954,-0.019123563,0.0061013,-0.048790164,-0.068174541,0.00818072,0.015066277,0.0038819,0.030641096,0.003896351,0.005867144,0.000699741,0.005533745,0.005795454,0.005834793,0.005287568,0.004408206,0.004186761,40,-0.1,40.4,7.694848072,5.521460918,6.167516491,6.805722553,6.340359304,7.574558484,5.318119994,6.02827852,6.647688374,6.324358962,0.024517252,0.034676762,0.058364497,0.019211713,0.013630653,-0.051655629,0.003511249,0.001127273,-0.001522108,0.003320489,0.042854238,0.034822749,-3.67404E-05,0.000546021,-0.00422074,-5.33E-05,0.042864492,0.044563068,-0.187199787,0.033647136,0.1,0.07,0,0.1,0.14,0.12,0.11,0.09,0.1,-0.07,-0.6,-0.16,0.56,1.09,1.26,1.67,2.43,-0.00408693,0.003522889,-0.044089497,-0.029720978,0.014024486,0.007295743,0.007323059,-0.001502159,0.012158849,0,0.017686467,0.001526365,0.004943891,-2.75021E-06,0.003275499,0.002935913,-0.004550324,0.001633452,-4.13569E-05,0.001474648,-6.18072E-05,0.001087346,-0.00030849,0.001467755,0.001256014,0.006278436,-0.005127689,0.005060293,2.8,0.001290684,0.009025284,0.007900729,0.001308431,20.2351
0.001139229,0.000395335,0.003973936,-0.00095168,0.006400046,0.003494794,-0.001593685,-0.00311349,-0.007098373,-0.015955616,-0.002993158,0.002947126,0.008851232,0.007712166,-0.00163971,0.003190538,0.01099862,0.043093555,0.01,-38,0.000359806,0.003165088,0.003923358,-0.1,-0.2,0.042711118,-0.03284279,-0.056140682,-0.121439347,0.017493157,0.00306279,0.004007604,0.003077565,0.00675398,-0.001393728,0.00404041,0.005747389,0.001258301,0.004366609,0.005079195,0.005612825,0.006176104,0.004169873,0.002339478,39.9,0,40.4,7.637716433,5.278114659,6.137727054,6.775366091,6.29156914,7.476472381,5.214935758,5.958424693,6.467698726,6.311734809,0.007572634,0.010901469,0.033543043,0.023783591,0.00938083,0.010331125,0.006034537,0.001411117,-0.001622858,0.002682864,-0.020014394,-0.032036111,-0.000196746,0.001489543,0.004437709,0.001174321,0.049452533,0.053396859,-0.214083213,0.038846494,0.47,0.24,0.12,0.29,0.37,0.2,0.2,0.13,0.17,-0.3,-0.95,-0.34,0.46,0.82,0.99,1.33,2.13,0.00930321,0.031007031,0.019291922,-0.017231464,-0.020440476,-0.004468144,-0.007436358,0.004356968,-0.022758124,0,-0.005069647,0.001490362,-0.002555281,0.003297592,-0.001703178,-7.92501E-05,0.002910289,-0.001735662,-4.08301E-05,-5.70475E-05,-6.08467E-05,-0.000410048,0.000813899,-0.000165401,-0.000882463,-0.006399003,0.006220737,-0.003421183,1.3,0.002448716,0.006484611,0.006019475,-0.019733916,17.5887
0.003626897,0.00580794,0.003246885,0.005527941,0.017150925,0.0068916,0.009324424,0.009662023,0.006104471,0.005627948,0.006333569,0.016708758,0.004354474,0.006328474,0.002831625,0.007725701,-0.009336459,-0.032853754,0.3928,4,0.013127845,0.004650784,0.005975699,-0.1,0,-0.028987537,0.063100706,-0.049071894,-0.022223137,-0.078117779,-0.008445348,0.005096287,0.006456976,0.009519964,0.017740357,0.003759901,0.004097317,0.003208484,0.004570889,0.00612907,0.005277428,0.00610785,0.005678111,0.001136149,40.2,0.1,40.6,7.635303886,5.323009979,6.163314804,6.739336627,6.300785795,7.592366129,5.257495372,5.950642553,6.473890696,6.632001777,0.018076316,0.014737925,-0.012030482,0.020784369,0.010362509,0,-0.008821029,-0.001650851,-0.001625496,-0.001159899,0.002863238,0.024307447,-0.001701437,-0.000339352,0.001904086,0.001181803,0.002563184,0.002781643,0.024741692,-0.008991736,0.24,0.53,0.32,0.21,0.27,0.18,0.11,0.07,0.11,-0.01,-0.87,-0.37,0.49,0.76,0.86,1.16,2,-0.01854185,-0.041454021,-0.054851865,0.010450674,0.002856635,0.001383391,0.004304402,-0.001520323,0.014762641,0,0.01738543,-0.001623816,-0.003724196,0.001613575,-4.28595E-05,-7.78577E-05,-0.001536647,0.001609815,0.001535731,0.001430794,0.001475011,-0.000606691,0.000144622,-0.001286709,-0.000528248,0.003066407,-0.005063908,0.003307999,-2.9,-0.00627161,0.003706028,0.002243232,0.012804176,17.4095
0.005472352,0.002210585,-0.004755121,-0.008272897,-0.006469915,-0.000456041,-0.001066339,-0.000943896,-0.005446285,0.000818918,-0.008323317,0.008172067,0.000186139,0.006271435,-0.008480524,-0.000617403,-0.002154877,0.003778445,-0.3127,1,-0.034228864,0.000273478,-0.002629488,0.3,-0.1,0.096027283,-0.041443119,0.015413149,0.004204631,0.027736755,0.076989597,0.002916927,0.002554701,0.007690553,0.005465739,0.001689992,0.004250261,-0.002510111,0.003056889,0.001300427,0.003456252,0.00408821,0.004996209,0.003086325,40.2,-0.1,40.6,7.645875825,5.370638028,6.169610732,6.727431725,6.335054251,7.487733761,5.384495063,5.988961417,6.486160789,6.240275845,0.006714449,-0.017714555,0.010064368,0.0181217,0.009436415,0.020662252,-0.003766195,-0.001847726,-0.003456794,-0.001485474,0.019050118,0.010461906,-0.001627195,-0.001434355,-0.008143093,1.5151E-05,-0.004824233,-0.005571045,0.062043359,-0.012739969,0.21,0.26,0.28,0.21,0.3,0.18,0.18,0.12,0,0.04,-0.8,-0.37,0.58,0.73,0.83,1.07,1.79,-0.026189054,-0.044133578,-0.069679381,0.030923393,0.002492879,-7.41059E-05,-0.001531628,-0.004365659,-0.029800909,0,-0.026077826,-5.91733E-05,-0.004909487,0.001581836,-4.23038E-05,-0.001522634,-0.00295604,-6.83037E-05,-6.2002E-05,-0.004507537,-0.001605602,-0.001061082,-0.001261232,-0.003309864,0.00041321,-0.001623816,-0.001269063,-6.92159E-05,2.4,-0.004946086,-0.003707769,-0.006148356,-0.011400947,16.2257
0.004539897,0.004550376,0.008989239,0.012957424,0.013119171,0.003763321,0.004699265,0.005910651,-0.001302482,-0.004819278,0.000339017,0.018276754,0.002789972,0.009017961,-0.005866231,0.004680717,-0.010532629,0.033231104,0.1374,76,0.040290161,0.001093163,0.003542474,-0.3,-0.6,-0.071229696,0.052176675,-0.100275143,-0.126562723,-0.072472649,-0.004149087,0.003159958,0.00304064,0.002666205,0.003853569,0.002898018,0.004232273,0.000697885,0.003206047,0.003609705,0.005672191,0.002434878,0.003892738,-0.000629089,40.1,0,40.5,7.598900457,5.288267031,6.040254711,6.701960366,6.335054251,7.433075349,5.308267697,5.96100534,6.453624999,6.144185634,0.009549021,0.034147378,0.060474794,0.021509108,0.010762554,-0.010331126,0.003721411,0.002835825,0.000988875,-0.004154616,-0.042771731,-0.033342817,-0.00283025,0.001818862,0.001254808,0.00036349,0.066761073,0.068371946,-0.293415032,0.062086166,0.23,-0.02,0.07,-0.07,-0.08,-0.21,-0.23,-0.19,-0.12,-0.21,-0.96,-0.67,0.27,0.29,0.37,0.65,1.44,-0.022554877,-0.078860849,-0.056584381,0.023831137,0.013951661,-0.007150017,-0.008620743,0.004292777,-0.001384994,0,0.052189631,-0.001574574,0.003677223,-0.00167749,0.001562091,-0.002930059,0.001427118,-6.71885E-05,-0.001612628,0.001451976,-0.001569635,-0.00043527,0.001133268,-0.001242511,-0.000372714,-0.001587058,0.002423715,-0.00334677,-4,0.006832767,-0.00329492,0.00449187,0.007563788,17.2668
0.001286657,0.002646563,-0.001602122,-0.002285603,0.00464297,0.00254885,0.003654676,0.004009531,0.001252418,-0.006099525,0.004619979,0.010464383,0.001398183,0.00767662,0.006522064,0.00453252,0.030161722,0.006917728,0.1257,66,0.005058674,0.002766604,0.00247539,0.1,0,0.02862758,-0.043112363,0.05177627,0.082238098,0.019418086,-0.077942167,0.001564829,0.002867797,0.005080842,0.000904568,0.003256819,0.005223264,0,0.001061126,0.003147838,0.003309384,0.002719643,0.003662613,-0.004541162,40,0.2,40.5,7.585788822,5.468060141,5.993961427,6.70930434,6.238324625,7.467942332,5.313205979,5.96870756,6.483107351,6.22059017,0.028412176,0.024265965,0.048029652,0.025721528,0.010337153,0,0.001672302,0.001512867,-0.000444873,0.004992177,0.024041847,0.022077054,-7.75555E-05,-0.002950617,-0.003006874,0.000304123,0,0.000869187,0.035293551,-0.007627101,0.41,0.56,0.77,0.62,0.33,0.1,0.01,0,-0.06,-0.06,-0.6,-0.46,0.19,-0.02,-0.03,0.24,0.97,0.002202018,-0.060261054,0.006390973,0.009692135,0.022543004,0.008472609,0.009964495,0.001368279,0.025579111,0,-0.044830227,0.002975207,-5.99263E-06,0.003158379,-0.001655298,0.004276238,0.001402337,0.001545503,0.003043087,-3.46027E-05,0.001466009,0.00066663,-0.000711128,0.001314288,0.000628236,0.001481194,-5.38031E-05,0.004865718,2,0.001512027,-0.007375061,-0.008160728,0.00994392,17.7761
0.003690736,0.004354633,0.001680849,0.008882535,0.017639397,0.007941803,0.005961179,0.005621007,-0.000973172,0.003448848,-0.002943935,0.020587588,0.009993081,0.011534628,0.00328232,0.007342222,-0.000870894,0.014873439,0.3658,155,0.049505077,0.002768672,0.004778057,-0.2,0.3,-0.054142784,-0.027443207,0.008374621,0.055451305,-0.045909701,0.017362347,0.003827494,0.004245597,0.007916063,0.005185447,0.003873336,0.005446865,0.001254968,0.00366567,0.00565242,0.006126934,0.004180424,0.003220615,0.002462356,40.1,0,40.5,7.591357047,5.288267031,6.049733455,6.741700695,6.238324625,7.484930283,5.209486153,5.948034989,6.52649486,6.276643489,0.030931398,0.036246466,0.095706671,0.032473392,0.012766569,0,-0.004291194,-0.003174115,-0.003566126,0.000631649,0.0087291,0.000987691,0.001138218,0.002955271,-0.002596536,-0.000643795,-0.03227664,-0.030880266,0.175061403,-0.041045095,0.51,0.59,0.14,0.56,0.5,0.18,0.22,0.2,0.17,0.02,-0.97,-0.41,0.18,-0.35,-0.32,-0.07,0.63,-0.023840858,-0.021377416,-0.033671989,0.024200828,0.013962427,-0.005683541,-0.004314763,0.002736557,0.006167104,0,0.037082806,-8.14098E-05,0.003641457,0.001489158,0.001540458,-7.34721E-05,-5.14619E-05,-0.001689525,-8.52107E-05,0.001418234,0.001432839,0.002200051,0.001485715,0.002743063,0.002149951,0.001447323,-0.00488395,-0.00170679,-1.1,-0.004810804,-0.005502974,-0.00040535,-0.012071171,21.0197
0.00171867,0.001284365,0.003614746,0.004323532,0.015193929,0.007504534,0.006709694,0.007120603,0.003270677,0.003050751,0.003398123,0.016527203,0.008323617,0.011495893,0.006102372,0.009115935,-0.022207364,0.02202189,0.5217,-30,-0.022749636,0.004665081,0.003617347,0.1,-0.6,0.04113781,0.025849581,-0.06015089,-0.019553696,-0.111719243,0.006831146,0.004956204,0.005281774,0.009553126,0.001348315,0.005989757,0.007078349,0.004171888,0.004830129,0.0051766,0.004764968,0.004600227,0.006836173,0.002267575,40.2,0,40.6,7.646831391,5.225746674,6.28785856,6.7310181,6.276643489,7.492760301,5.303304908,5.894402834,6.586171655,6.226536669,0.013404773,0.000814488,-0.081475226,0.027243705,0.012075139,0,0.002808003,-0.000396964,-0.000943186,-0.003456406,0.017568129,0.040071401,0.001833748,-0.001942996,0.006276742,0.000739257,-0.060332666,-0.05905775,0.328952085,-0.065449541,0.8,1.16,0.65,0.69,0.87,0.23,0.17,0.14,0.24,0.38,-1.12,-0.52,0.25,-0.92,-0.95,-0.73,0.07,0.024591812,0.086306063,0.045308975,-0.023537614,-0.008234691,0.004157717,0.00136784,-0.00290368,-0.019803504,0,-0.039403842,-0.003038542,-0.003662202,-0.001686019,-6.23945E-05,-0.00147771,-0.00146616,-6.37977E-05,-0.001595375,-5.26639E-05,-0.001555738,-0.002219792,-0.000777059,-0.001462694,-0.003155497,-0.001572834,0.003610778,0.001533683,-4.3,-0.00222652,0.014194346,0.008840673,0.004313681,26.5217
0.005651159,0.006417438,0.006021681,0.005338565,0.013162164,0.005424048,0.006511819,0.005252088,0.002013117,0.002842063,0.001668894,0.01166755,0.004296276,0.011732147,0.006181436,0.007689026,0.011257534,0.014801682,0.4046,30,-0.014820297,0.002382205,0.000984282,0.1,-0.5,0.025507249,0.063341633,0.021506205,0.068146251,-0.044110698,0.073199844,0.003185292,0.003236511,0.004742556,-0.00067393,0.003990573,0.004883914,0.002494804,0.003165452,0.003491566,0.004810606,0.002490414,0.004248997,0.001069014,40.1,-0.1,40.5,7.622663951,5.433722004,6.013715156,6.634633358,6.469250317,7.505492275,5.356586275,5.918893854,6.549650742,6.282266747,0.012907922,-0.010396181,-0.107627173,0.014458728,0.01262995,0,-0.000594512,4.81757E-05,-0.000844658,-0.001323499,0.017476002,-0.001709115,-0.006234721,-0.00113968,-0.002476057,2.1516E-05,0.014673778,0.016030518,-0.06037681,0.008209845,0.27,0.23,0.44,0.12,0.29,0.24,0.2,0.13,0.11,0.34,-0.95,-0.67,0.27,-0.95,-1.02,-0.87,-0.09,0.00255517,0.000417823,0.019647757,0.012820364,0.005695115,0.002681587,0.00687154,-0.001449903,0.002540687,0,0.001138304,-3.51172E-05,-0.002424244,-8.81698E-05,-0.003176688,-4.94552E-05,0.00278084,-0.004790932,-0.003064741,-0.001483547,-0.001521899,-0.000993482,-0.00093586,-0.00076136,-0.001114023,-5.56932E-05,-0.001233091,-0.001675402,-8.9,-0.002359296,-0.007820033,0.001955178,0.003020897,21.5146
0.003418542,0.002486834,-0.003593005,-0.010998982,-0.006179014,-0.006490528,-0.000558764,0.002042638,-0.002724094,0.007153794,-0.007130136,0.008723878,-0.012640058,-0.02053304,-0.013507564,-0.008283249,0.023940693,-0.027267558,-0.9613,-42,0.00861338,0.002386154,0.003753923,-0.1,0.5,-0.06485198,-0.000499127,-0.015085637,-0.056925937,0.044110698,0.005328858,0.00154381,-0.000727302,0.003822807,-0.017454824,0.002789114,0.004284779,0.000276817,0.00242216,0.003148565,0.004719666,0.002889432,0.004442101,0.001632756,39.8,0,40.4,7.396335294,5.424950017,5.468060141,6.598509029,6.068425588,7.286876412,5.247024072,5.361292166,6.381816017,6.146329258,0.017000725,0.005205207,0.112835785,0.018132425,0.009387408,0.010331126,-0.001700053,-0.000972865,-0.004733324,0.002239081,-0.016946347,-0.016922462,0.004496676,-0.006737288,0.004387308,0.000531438,0.036772604,0.039436564,-0.147003709,0.024714936,0.04,-0.12,0.27,0.11,0.11,0.12,0.09,0.09,0.19,0.18,-0.72,-0.6,0.34,-0.87,-0.97,-0.82,0.06,-0.001032718,-0.00256939,0.00914385,0.009620759,0.008524337,0.001237008,-0.002915065,0.002692033,0.018844981,0,0.016939987,0.002889274,0.004830927,-0.007796675,0.006170066,0.001337235,0.001320772,0.004703302,0.001477714,0.002812111,0.001424288,0.002818439,-0.001468697,0.007397083,0.001275013,-0.003000381,0.001168237,-6.27906E-05,6,-0.003104255,0.00581753,-0.011683682,0.00260164,17.1215
0.003945064,0.005698365,0.004839726,-0.004737311,0.008402527,0.00544482,0.002247576,0.000259945,-0.006950732,-0.011502949,-0.004879305,0.011760925,0.008747655,0.008731296,0.007973029,0.003813861,0.033197689,-0.012185244,0.0784,-105,-0.025342436,0.004267384,0.003882273,0,0.1,0.037965895,-0.019662847,0.036910354,0.038308378,0.035026622,0.002793298,0.002743671,0.001776917,0.007936106,0.003652138,0.001082558,0.002791692,-0.001800679,0.003116724,0.002753761,0.003073935,0.002230624,0.004002112,0.000627274,40,0,40.5,7.326465614,5.351858133,5.384495063,6.481577129,6.08221891,7.307872781,5.099866428,5.560681631,6.385194399,6.163314804,0.012170526,0.032372289,0.114506705,0.026560094,0.010230268,0.010331126,-1.31422E-05,0.000418902,-0.005659495,-0.004035244,-0.089796067,-0.086825004,0.006480297,0.000885768,-0.002099564,0.000461891,-0.014954305,-0.015405833,0.121385917,-0.031769747,-0.01,-0.3,-0.03,-0.06,-0.17,-0.07,0,0.01,-0.05,-0.11,-0.74,-0.65,0.18,-0.93,-0.96,-0.8,0.02,0.006192996,0.002270963,0.013821266,-0.000548697,0.004778881,-0.002833701,0.001229494,-0.001447635,-0.001904865,0.065169635,0.075005074,0.001369407,-0.001222986,0.007695871,-0.004707374,0.001303621,0.002656244,0.001492582,0.002935913,0.00133482,0.004279011,-0.00214846,0.005185751,-0.003481316,-0.003432442,0.004376033,0.00704007,-0.001623088,1.8,0.004120763,-0.002968306,-0.000885778,-0.00466017,16.5369
0.003067493,0.00300722,0.000959954,0.028527815,0.019956546,0.003072165,0.005190781,0.004486944,0.004131837,-0.001905503,0.006835839,0.007759859,0.000875165,0.003401263,0.003871456,0.004907988,0.001777383,0.009454871,0.175,40,0.014702397,0.000832174,0.001534483,-0.1,0.5,-0.019506017,-0.014875883,0.051100523,0.03689483,0.069958589,-0.001395674,0.004772209,0.008597538,0.007321164,0.036465286,0.002264424,0.003029189,0.000969999,0.003293156,0.003239714,0.00385166,0.002982829,0.003986159,0.00056421,40.2,-0.1,40.6,7.52131798,5.198497031,5.905361848,6.70073111,6.186208624,7.45007957,5.056245805,5.768320996,6.624065228,6.194405391,0.020890963,0.041907385,0.0826946,0.028122302,0.007847383,-0.041324503,0.003579605,0.002721653,-0.00281662,0.003248056,0.044721832,0.043093063,-0.000700397,0.001440653,-0.001221702,9.992E-05,0.018858019,0.019892157,-0.054782507,0.001989665,0.03,-0.05,0.16,0.06,0.01,0.07,0.02,0.11,0.18,-0.19,-0.61,-0.62,0.16,-0.89,-0.97,-0.72,0.17,0.000748831,0.003753691,0.028595654,0.016625816,-0.018316613,-0.001420971,-0.004149806,0.003963276,-0.004167171,-0.065169635,-0.064739354,-0.000102331,-1.29705E-05,0.008992529,0.001485591,0.002621499,-0.00151062,-0.001626452,0.001390258,-9.69344E-05,-0.001558406,0.002413474,-0.003015627,0.002313492,0.004028961,-0.001527276,-0.017721671,0.001512527,-5.5,0.00499856,0.009287109,0.009688145,0.006835413,15.6912
-0.00800853,-0.009796604,-0.005643194,-0.027349974,-0.002303043,-0.011326171,-0.01625213,-0.018663298,-0.018756206,-0.051669178,-0.00461271,-0.019996791,-0.00626891,-0.025582507,0.005592254,-0.016258178,-0.021571707,0.022303158,-1.6125,160,0.031590655,-0.003995004,-0.003835535,0,-0.7,0.032869245,-0.014051753,-0.070563964,-0.066869826,-0.075408193,0.148949628,-0.000693132,-0.00160141,-0.000110528,-0.007940051,-0.00015423,0.000653755,-0.001524707,-0.000341239,-0.003899925,0.001976374,0.000589605,0.004178861,0.001315254,38.9,-0.9,39.3,7.466227556,5.170483995,5.916202063,6.52649486,6.249975242,7.375882148,5.068904202,5.749392986,6.431331082,6.22059017,-0.01378469,-0.073001751,-0.174241883,0.018039971,0.013430788,0.030993377,0.007860205,0.003019618,0.00030216,0.000760404,0.024539815,0.027497233,0.007058021,0.002009563,-0.001558355,0.001025299,0.019783039,0.020381742,-0.056049074,-0.000209154,-0.08,-0.05,-0.02,0.02,-0.13,0.05,0.06,0.01,0.07,-0.16,-0.55,-0.52,0.11,-0.76,-0.83,-0.63,0.32,0.008063737,0.021299934,0.047152097,0.017367206,-0.023704941,0.002578007,0.002584663,0.002499945,-0.013360597,0,0.039132882,-0.000100291,0.001178308,0.002627551,-0.001569635,-0.000148732,-0.000118154,0.001468528,0.00134677,-9.50534E-05,-9.97199E-05,0.00260442,0.002246417,-0.000349922,0.004447131,-0.005833027,0.016448658,-0.010887733,-2.4,0.003083284,-0.002165589,0.003354646,0.000902736,15.6392
-0.003496169,-0.002935492,0.002838581,0.021896623,0.010295012,0.007963338,0.011136901,0.013443098,0.00671653,0.029469823,-0.002902176,0.027041463,0.004693861,0.017577105,0.000830195,0.012895242,-0.01648008,0.001513151,0.8546,-36,0.02617335,-9.59955E-06,0.002321391,-0.2,0.1,-0.057799311,-0.005781882,-0.026285862,-0.005547864,-0.05426963,-0.177280135,0.004162743,0.004517388,0.003640982,0.010791868,0.003028827,0.00391358,0.001524707,0.004025396,0.005214778,0.003739913,-0.000501142,0.005199138,0.000813339,39.9,0.8,40.2,7.53689713,5.105945474,6.056784013,6.65415252,6.230481448,7.428927195,5.176149733,5.831882477,6.492239835,6.226536669,0.034737011,0.02239055,0.021616342,0.008726228,0.011075893,-0.030993377,-0.010720062,-0.004490928,-0.005503536,-0.001798769,-0.024558436,-0.04834842,-0.003982573,-4.753E-06,0.001268816,0.000601438,-0.023486191,-0.024868067,0.168904563,-0.045039268,0.23,0.1,0.15,0.05,0,-0.01,0.07,0.12,0.14,-0.29,-0.63,-0.7,-0.12,-1,-0.99,-0.74,0.23,0.007811955,0.005573309,0.009794895,-0.007163285,0.007993092,-0.005347009,-0.006677997,-0.002818737,-0.003586194,0.132742438,-0.108130046,0.00130323,0.001161457,-0.001872603,0.001466009,-0.000145169,-0.005448973,0.001427801,0.001298867,0.001271961,0.00269554,-5.20767E-05,-0.004594864,0.001259516,0.000374061,0.011508818,-0.002445636,0.01700543,2.1,-0.003328403,0.005238551,-0.003092198,-0.011451301,16.708
-0.000521642,0.001580163,0.002545258,-0.010261831,0.004269774,-3.37605E-05,-0.000721573,-0.000336879,-0.004017516,-0.011869178,-0.000645924,0.00388515,0.000659904,0.007232201,-0.001858279,0.001044407,-0.032084879,-0.005386082,-0.1404,-68,-0.028402732,0.004472995,0.003532819,0.1,-0.7,0.060857937,-0.043637411,-0.056446518,-0.100888995,0.00192123,0.033901552,0.003535301,0.003583377,0.006257911,0.008506977,0.00225283,0.002519405,0.001798935,0.003516677,0.003061283,0.004215792,-0.000894819,0.003933345,0.003433748,39.9,0,40.2,7.556427969,5.176149733,5.966146739,6.720220155,6.248042875,7.402451521,5.198497031,5.799092654,6.459904454,6.194405391,-0.010610633,0.006423285,0.020729628,0.015997332,0.012546507,0.020662251,0.00589049,0.003275355,-0.002128739,0.003072486,0.008719739,0.039099302,-0.001232329,0.003843867,-0.003676509,-6.637E-06,0.019560769,0.016057437,-0.056923221,-0.000722116,0.05,-0.19,-0.55,-0.48,-0.55,-0.39,-0.34,-0.21,-0.09,-0.53,-1.23,-1.23,-0.72,-1.44,-1.38,-1,0.09,-0.002043702,-0.016519653,0.000835677,0.025513301,0.01443324,-2.7556E-05,0.002605611,-0.000138057,0.007021481,-0.078966041,0.057191183,-0.000125548,-0.003570668,0.001065443,-5.63643E-05,-0.001449778,0.001300307,-0.001607703,-0.001581697,-0.001469563,-0.002916195,-0.002122772,-0.000301873,-0.000900289,-0.003368191,-0.007252995,-0.008136187,-0.007783611,-2.3,0.006948389,0.001828332,0.003358862,0.00318265,14.4238
0.007486237,0.001092498,-0.000960204,-0.001266247,-0.004310527,-0.001362626,9.89997E-05,-0.0003501,-0.007630519,-0.012556116,-0.005533606,0.009867449,-0.002872757,-0.003529945,0.014517892,0.001307896,-0.030108405,0.009470928,-0.1109,-37,-0.01124596,0.003472623,0.003308297,0,-0.1,-0.019531202,0.087470156,-0.041854409,0.004604766,-0.103017347,0.052091587,0.001175662,7.94849E-05,0.00936826,0.003685641,-0.00112578,-0.000649562,-0.001937449,0.0016,-0.001584137,0.001867996,-0.003291162,0.003300333,0.006522775,39.8,-0.1,40.2,7.473069088,5.117993812,5.883322388,6.651571874,6.131226489,7.335633982,5.081404365,5.659482216,6.395261598,6.188264123,0.018964086,-0.020103699,-0.019512579,0.006280893,0.018058606,0.010331126,-0.000103572,-0.000777633,-0.002743625,0.000798065,0.023355995,0.021837606,-0.001686299,0.003043117,0.003430635,-0.000552725,0.009784814,0.005295688,0.004053189,-0.01087256,0.18,0.11,0.18,0.18,0.07,0.05,0.04,-0.09,-0.09,-0.6,-1.23,-1.23,-0.83,-1.57,-1.52,-1.27,-0.18,-0.021964459,-0.029931444,-0.009591744,0.067688298,-0.007276495,0.00515409,0.005145248,0.003684359,-0.000110551,0.076149026,-0.002116799,-0.000122781,-0.001184126,-0.003179941,0.00142267,-0.000109652,-0.002686101,0.002882285,0.00127117,-8.94854E-05,0.00127357,-0.000574161,0.001247718,0.000114222,-0.001536526,-0.001447804,0.006895246,-0.001553481,-5.4,0.000283659,-0.013740422,-0.001045698,0.00277996,15.9103
0.001543167,0.001676887,0.010743073,0.001735372,0.036335623,-0.006672828,-0.007635473,-0.009924771,-0.011082182,-0.043558196,0.002250542,-0.012250196,-0.005707885,-0.021374245,-0.007375055,-0.012701995,0.038635336,-0.012335998,-1.277,59,-0.032251776,0.000894821,-0.002325794,0.3,0.3,0.13145311,-0.085269935,0.068814761,0.024206931,0.127663144,0.037520572,0.000908527,-0.004141617,0.007883836,0.002809294,-0.00642065,-0.009138445,-0.001802427,0.002855171,0.000710441,0.001221205,0.000483514,0.005954232,0.004879716,39.8,-0.1,40.1,7.483244416,5.198497031,5.924255797,6.646390515,6.115892125,7.372118028,5.023880521,5.693732139,6.461468176,6.21860012,0.01601298,-0.024413492,0.009153271,0.003864774,0.007940273,-0.010331126,-0.005892509,-6.76388E-05,-0.001374641,-0.000669443,-0.024969714,-0.030318626,-0.006160163,-0.005818708,-0.001656168,3.2032E-05,0.044748065,0.045599297,-0.177202198,0.025461088,0.47,0.55,0.28,0.25,0.34,0.16,0.08,0.03,0.06,-0.52,-1.42,-1.45,-0.96,-1.88,-1.91,-1.71,-0.59,0.004723492,0.00490034,0.006517443,-0.010230041,0.005740003,-0.000106837,0.001142388,-0.00148487,-0.022087169,0.067605553,0.001684611,-0.001476037,0.001175773,-0.003027401,-0.001543751,-0.001390265,0.002615833,0.00132086,-0.000158456,-0.001414956,-0.000119449,-4.55583E-06,-0.000172123,-0.003652184,0.002350305,0.002798847,-0.003479211,0.00148871,4.1,-0.002034538,-0.005322446,-0.01147348,-0.003697116,13.4994
-0.000130218,0.000665933,0.002488489,-0.005661143,0.009828665,0.001090367,0.008240058,0.0136423,0.00602896,0.034706248,-0.005691452,0.027064684,-0.006219347,-0.003149865,-0.009663812,0.00245594,-0.007649831,-0.015774179,-0.0013,129,0.037199393,0.004121055,0.005693649,-0.1,-0.1,-0.112261294,0.12095261,-0.026106746,-0.044315884,-0.00375235,-0.02039709,0.00031004,0.0011566,0.004507896,-0.001944055,0.001853378,0.005313726,-0.004032544,-1.53286E-05,0.001964744,0.000421524,0.003220742,-0.000204729,-0.006242873,39.8,0.1,40.1,7.513163545,4.919980926,5.937536205,6.647688374,6.300785795,7.401231264,5.303304908,5.713732806,6.492239835,6.161207322,0.046343846,0.035780898,0.019667444,0.013115856,0.004298441,0,-0.002913723,-0.003019332,-0.004288784,5.2529E-05,0.013216308,0.005012906,0.003358346,0.000416248,0.000626205,0.000178315,0.011111225,0.018333847,-0.003923629,-0.009404023,0.49,1.21,0.74,0.71,0.86,0.35,0.3,0.21,0.19,0.2,-1.17,-1.23,-0.59,-2.02,-2.1,-1.99,-0.89,-0.000148756,-0.027967432,0.020384982,-0.018135563,-0.004537873,0.006204507,0.006122254,0.002279108,0.039311467,-0.124771621,-0.00756695,-9.02154E-05,0.004678313,-0.002906615,-5.37506E-05,-8.07493E-05,-0.00265755,-0.003058645,-0.002886782,-6.34931E-05,-0.00011688,0.001178745,0.000848452,0.003436796,-0.000140192,-4.94552E-05,0.005638522,-3.64E-05,2.2,-0.007538916,0.011823921,0.011007958,0.013055278,19.6579
-4.93052E-05,-0.000302642,-0.00343934,-0.002992472,-0.007199099,0.005488548,0.001344611,-0.001228302,0.002177619,-0.005678275,0.00546366,-0.012595843,0.009691387,0.005600432,0.005391301,0.003430976,0.005944628,-0.010333219,0.0847,81,-0.000875546,0.00160962,0.000644045,0.1,0,0.031080196,-0.021157001,0.039319159,0.073773095,-0.003766483,0.041754685,0.001736659,-0.001994973,0.005872634,-0.001081666,-0.002678205,-0.005969679,0.002921741,0.003168022,0.004189456,0.00343213,0.005491664,0.003882706,0.000495909,39.9,-0.1,40.2,7.427144133,5.192956851,5.686975356,6.634633358,6.098074282,7.300472814,4.955827058,5.572154032,6.466144724,6.070737728,0.058190604,-0.008144227,0.03566003,0.007042381,0.012225256,0,0.002627767,-0.000847959,-0.006364871,0.002508081,0.021134189,0.011629093,-0.007244479,-0.000270003,-0.000658724,0.00016885,-0.038484336,-0.034442716,0.243722735,-0.056316623,0.954932026,1.6,1.44,1.46,1.6,1.22,0.97,0.69,0.86,-0.54,-2.07,-2.11,-1.33,-3.14,-3.47,-3.64,-2.37,0.01482635,0.012090703,0.035644454,-0.024330755,0.008629951,-0.00523022,-0.009000756,-0.000256981,-0.017496583,-0.055367612,0.032351709,0.001242146,-0.001209898,-0.004164335,-5.2971E-05,-7.93174E-05,0.002588749,0.002754814,0.001262394,-0.001370538,-0.001438021,-0.000676174,0.001480159,-0.003207457,0.000231342,-0.002826546,-0.011339264,-3.59647E-05,-4.6,-0.005115252,-0.023352947,-0.011159577,-0.012540911,22.983
0.003119831,0.003022307,0.002542146,0.000378828,0.013251415,-0.000932096,0.000176032,-0.000680135,-0.002302914,-0.015459002,0.003106437,-0.000320993,-0.002061643,-0.00712802,0.000652162,-0.002311057,0.030223721,-0.017105198,-0.3884,-323,-0.044199068,0.001059042,0.001708732,-0.1,0.1,-0.002965894,-0.065765861,0.016273752,-0.001452433,0.038857803,0.026978951,0.001038341,-0.003641096,0.002976509,-0.000649562,-0.004704188,-0.006170574,-0.002225314,0.002822856,0.003577046,0.003420391,0.004040607,0.003461268,0.002290384,39.8,-0.1,40.1,7.329093736,5.407171771,5.493061443,6.539585956,5.902633333,7.151485464,5.017279837,5.313205979,6.317164687,5.908082938,0.017616454,-0.019934384,-0.043394901,0.006481408,0.007059273,0,-0.003946854,-0.000564201,-0.006820322,-0.007002519,-0.012609703,0.006992913,-0.002515881,-0.002570091,-0.001088778,-0.000237384,-0.007684956,-0.007722046,0.08601649,-0.025466713,-0.59,0.34,0.09,0.16,-0.05,0.3,0.35,0.63,0.59,0.39,-1.39,-1.36,-0.79,-2.25,-2.53,-2.42,-1.19,0.014523677,0.007330963,0.061010104,-0.004019636,0.003651654,0.001103942,0.004803449,-0.006240565,0.003236175,0.049299632,-0.036215601,-0.00011318,-3.37242E-05,0.002635312,0.001381484,-7.79232E-05,0.006396896,0.001242611,0.001220596,0.002554573,0.001225511,-0.001204087,0.000894342,0.00026163,-0.002635311,0.001366674,0.010128241,-0.001518117,1.2,-0.003445951,0.01867738,0.011409194,0.002777936,20.2129
0.002414829,0.002331003,-0.003005049,-0.002925197,0.002858212,0.001364023,0.004236953,0.004879609,0.001350881,-0.002254316,0.002830181,0.008543739,-0.001545497,0.001809715,0.007101451,0.003545382,-0.024623341,0.004686198,0.1013,-34,-0.015981661,0.004206165,0.003598875,0.1,0.2,-0.005626359,0.076646285,0.030208974,0.063356864,-0.012785562,0.035537639,0.001070351,0.00092153,0.00771878,0.002811725,0.000103627,0.000742482,-0.000975134,0.001126915,-0.00097429,-0.003022583,1.94803E-05,0.002638792,0.000432726,39.8,0,40.1,7.311886164,5.010635294,5.736572297,6.448889394,6.00635316,7.134093721,5.023880521,5.411646052,6.248042875,5.888877958,0.029077146,0.010934108,0.016910327,0.007500918,0.007297117,0.010331126,0.002622608,0.001547839,-0.006449622,0.004255479,0.006697545,0.014691973,0.00500172,8.16026E-06,0.000320669,-0.000297179,0.038775543,0.039684397,-0.162216666,0.021484536,0.6,-0.33,0.25,0.02,-0.41,-0.51,-0.26,-0.02,0.07,-0.54,-1.74,-1.94,-1.8,-3.36,-3.39,-3.04,-1.72,-0.017091554,-0.027084539,-0.018995595,0.030215172,-0.00825642,-0.002581068,-0.005046157,-9.24599E-05,-0.000177794,-0.01943849,0.02173698,0.001190427,0.002260243,0.005203202,0.002762988,0.001161825,-0.00397433,-0.001585761,-0.000144782,-8.24338E-05,0.001186237,0.001468775,-0.000585488,0.001358435,0.002080605,0.004087448,-0.003415448,0.004401713,-2.3,0.009600809,-0.003332089,-0.006737861,-0.002265869,14.5291
0.001309387,-0.001305496,0.008019002,0.008430879,0.020966089,0.004512794,0.001527991,0.004052245,-0.003842343,-0.02019695,0.002719295,0.015651811,0.007493576,0.00294568,0.004412933,0.004139425,-0.053186522,0.019301633,0.1532,-115,-0.057657545,0.002856876,-0.000540508,0.3,-0.4,0.064891098,0.014648699,0.057810772,0.093696576,0.00732604,-0.03312072,0.001421684,-0.000841363,0.003889624,-0.001080497,-0.00098489,-0.001898552,0.000557336,0.002280399,0.000811974,0.004673421,0.000194782,0.004651642,0.001297057,39.6,-0.1,40,7.201170883,5.081404365,5.293304825,6.440946541,5.869296913,7.154615357,4.836281907,5.446737372,6.333279628,5.883322388,0.040320936,0.053513489,0.100660965,0.013941855,0.009698459,-0.030993377,0.007799581,0.000781648,-0.008120968,-0.001528454,0.002474571,-0.002715095,-0.001366527,3.80647E-05,-0.002715262,-0.000784165,0.028351236,0.031774567,-0.101421829,0.009072123,0.04,-0.2,-0.04,0,0.08,0.32,0.41,0.35,0.36,-0.78,-1.82,-1.98,-1.76,-3.08,-3.02,-2.73,-1.4,-0.009178161,-0.002316628,-0.010395627,0.028401837,-0.0051414,0.004712978,0.005883496,0.013961046,-0.016540123,-0.047252885,-0.014999613,0.002430414,0.001071423,0.013992334,-0.00012841,0.004791951,0.002439576,0.002583466,0.003767441,0.005001646,0.003697952,0.002016436,0.003814048,0.006398142,-0.001114228,-0.011006114,-0.016781813,-0.005925828,6,0.00317254,0.000859459,0.009033005,-0.006040402,21.0903
-0.004676382,-0.003987278,-0.008379186,-0.009450816,-0.008343917,0.000108401,0.002274255,0.004777328,0.002193641,-0.00759273,0.006059631,0.004226499,-0.00206166,-0.001112094,-0.012077056,-0.001388386,0.054065943,-0.017662072,-0.3054,-104,-0.017494984,0.001266066,0.001160731,0,0.2,-0.025517214,0.064296126,0.00368868,0.054394072,-0.075793839,0.009011776,0.00088065,-0.00301066,0.006588259,-0.004333701,-0.003272645,-0.000743894,-0.007550371,0.002350962,0.001946052,0.004126161,0.002431577,0.002619649,0.001541925,39.7,0,40.1,7.207859871,4.49980967,5.476463552,6.535241271,5.805134969,7.089243155,4.875197323,5.252273428,6.270988432,5.85220248,0.064938563,0.005200758,-0.099584262,0.009463862,0.008933105,0,0.000661827,0.001905358,-0.004745843,0.001522978,-0.071312732,-0.087679829,0.005906892,0.001897225,0.001532707,0.000164988,0.038908533,0.04852282,-0.152775095,0.021591935,0.31,0.74,0.86,1.02,1.86,1.86,1.61,1.29,1.15,-0.35,-1.27,-1.27,-0.21,-1.53,-1.72,-1.75,-0.56,0.007923574,0.028000222,0.026799127,0.010981398,-0.007329199,-0.00020705,-0.000240113,-0.005096796,0.021824036,0.129677823,0.050851486,-0.001463924,-0.002334714,-0.005795856,0.001258535,-0.005033468,-0.00386649,-0.001575082,-0.001524766,-0.00269752,-0.004010269,0.000395952,0.0018057,-0.005699293,0.003723745,0.013640895,0.031265888,0.00582232,-0.1,0.001159603,0.00760829,-0.01486208,0.014000676,22.2919
-0.00532898,-0.003476647,-0.00819052,-0.023033384,-0.015158104,-0.003360284,-0.005853958,-0.005696599,-0.006865598,-0.017331383,-0.002788092,-0.007034274,-0.000894909,-0.004477825,-0.007896573,-0.007600474,0.048101252,-0.048666836,-0.8155,-66,-0.012536566,-0.002392806,-0.002824125,0,0.4,-0.011876243,0.03220314,0.070366498,-0.017804625,0.202458645,0.037102166,0.001231609,-0.002253885,0.006338013,-0.012455094,-0.000104069,-8.2689E-05,-0.000140361,0.002541913,0.000323974,0.000810062,0.000543864,0.003615914,0.004304785,39.6,0,39.9,6.953684211,4.744932128,5.164785974,6.206575927,5.564520407,6.895682698,4.812184355,4.875197323,6.135564891,5.605802066,0.053304143,-0.035679004,0.005412733,0.0091027,0.00913347,0.041324503,-0.015451396,-0.004520709,-0.010360585,0.000364186,0.04344667,0.024906133,-0.000565023,-0.004104311,-0.007471539,-0.00092302,-0.096438309,-0.097834371,0.552646598,-0.113333329,0.861213362,1.300021203,1.121873824,2.17,1.9,0.87,0.34,0.58,0.88,-0.38,-1.99,-2.16,-1.37,-3.72,-4.44,-4.23,-2.74,0.031968795,0.072691983,0.016755101,-0.037658001,0.015116667,-0.003703848,-0.004867843,-0.011607737,-0.038158997,-0.103009576,-0.112925044,0.001088976,0.004423523,0.001939061,-0.002890948,0.003488738,0.001182279,0.003804577,0.002326352,0.003583374,0.003604854,0.0014009,-0.001813852,0.006762448,-0.001077259,-0.004172882,-0.011276298,0.001363828,-10.4,-0.015847296,0.001506813,0.000185183,-0.004964292,29.2535
-0.001215258,-0.002006588,-0.012793908,-0.021640365,-0.01335161,-0.020668395,-0.016565206,-0.013222334,-0.016621014,-0.044442319,-0.006077941,-0.011544821,-0.024725434,-0.033658581,-0.017574589,-0.02128962,-0.004930607,-0.03773046,-1.913,-526,-0.128540461,0.001398845,-0.004825439,0.6,0.4,0.085665083,0.049795695,0.150713069,0.183319063,0.105199731,0.199821599,-0.001583775,-0.012610405,0.009483629,-0.016628251,-0.012778388,-0.018275637,-0.003515436,0.002520395,-0.005521885,-0.00352966,-0.006223511,0.001202405,0.017458395,39.5,-0.2,39.8,6.957497371,4.804021045,5.075173815,6.232448017,5.560681631,6.694562059,4.48863637,4.828313737,5.973809612,5.303304908,-0.044129776,-0.067215005,-0.001070888,0.000734079,0.014234584,0.041324503,-0.007546773,-0.001874219,-0.0083126,-0.00671091,0.042439837,0.083515743,-0.008709721,-0.001072501,-0.005205265,-0.001235247,-0.01637013,-0.026463345,0.136741583,-0.027690673,0.42,-1.03,-2,-2.15,-2.52,-1.63,-1.28,-0.92,-0.26,-1.83,-4.41,-4.73,-4.31,-5.77,-6.14,-5.57,-3.42,0.008824815,-0.001645064,0.007203588,0.00222026,0.011020797,-0.002428308,-0.003563505,-0.003430376,-0.008289322,0.012046265,0.020078019,-0.003890032,-0.006761484,-0.019875681,-0.001449727,-0.007255764,-0.004995116,-0.001601941,-0.006491577,-0.008771785,-0.005130224,-0.006967324,-0.003820246,-0.01267622,-0.004207726,-0.002735267,-0.001161801,-0.007249442,-3.8,-0.01083735,0.010455199,0.003613291,-7.31762E-05,24.9285
-0.003076747,-0.004188275,-0.004899646,-0.012885345,0.000600687,-0.024610491,-0.019713166,-0.017100588,-0.021378321,-0.065075227,-0.005605546,-0.015319058,-0.029469935,-0.050265286,-0.029639381,-0.029764212,-0.034557158,-0.019885404,-2.5322,-319,-0.082205931,0.003165982,-0.00290648,0.6,-0.5,0.106722954,0.088127449,0.026792517,0.01778703,0.039721534,0.150517038,-0.004755373,-0.011202185,0.013350517,-0.008757213,-0.013103983,-0.018615863,-0.003952016,-0.002384403,-0.002173796,-0.00191253,-0.001632893,0.002200661,-0.007809465,39.1,-0.3,39.3,6.831953566,4.736198448,4.875197323,6.152732695,5.356586275,6.758094504,4.65396035,4.905274778,5.998936562,5.384495063,-0.056461327,-0.085408342,-0.143523784,-0.011088317,0.006252661,0.020662252,0.014516288,0.005102036,-0.003182397,0.00231066,-0.061205966,-0.04117838,-0.013613814,-0.004207101,-0.003719407,-0.001786816,0.044620596,0.044000329,-0.20439164,0.03663326,-1.371439586,-2.097668598,-1.954282681,-2.21951555,-2.434352081,-1.89,-1.29,-1.05,-1.02,-1.49,-2.4,-2.33,-1.59,-1.03,-0.8,0.01,2.19,-0.045126354,-0.057425617,-0.09046146,0.041057325,-0.010168717,-0.003524164,-0.002341472,0.002238229,0.041417696,-0.038714512,0.013259414,-9.77922E-05,-0.0022321,0.002394701,-6.64601E-05,-3.50964E-05,0.004888287,-0.002819451,-9.97554E-05,0.001181131,-9.68322E-05,0.002525724,-0.001333634,0.000940177,0.004381339,0.002627447,-0.001135935,0.004274428,-1,0.025969419,-0.016349204,-0.009060511,0.007365528,20.0009
0.002478708,0.001689619,0.004689402,-0.002882802,0.01366563,-0.012519277,-0.007903218,-0.005711979,-0.004829635,-0.017103659,-0.000554061,-0.011658183,-0.017118476,-0.026957855,-0.012226332,-0.015292992,0.018300713,-0.002404239,-1.3637,50,-0.000254337,-0.00139442,-0.002661581,0.1,0.4,-0.096402945,0.098859368,0.011428696,-0.033867779,0.072417691,-0.014393444,-0.003545357,-0.011036998,0.009872146,-0.00883458,-0.012682887,-0.016436356,-0.006526697,-0.000816228,-0.002723907,-0.002158734,-0.001361151,0.002395211,-0.000790394,39.1,-0.1,39.2,7.086737935,4.890349128,5.225746674,6.442540166,5.517452896,7.019296654,4.787491743,5.081404365,6.300785795,5.676753802,-0.016570045,0.034799868,0.059447205,-0.002440468,0.00491546,0.010331126,0.008510526,0.004412082,0.001403661,0.004286658,0.009412572,-0.008810656,0.006491522,0.000309328,0.003052332,-0.001902321,0.06209822,0.064124528,-0.288740928,0.054736465,-1.51,-1.22,-1.51,-1.35,-1.23,-0.74,-0.4,-0.41,-0.46,-1.2,-2.4,-2.17,-1.31,-0.26,0.31,1.11,3.24,-0.023985312,-0.017713536,-0.047981843,0.014618946,-0.019349617,0.003421009,0.004539921,0.003314788,-0.006816978,0,0.010444203,-9.58863E-05,0.001099457,-0.008481219,-0.001403182,-0.001206331,-0.003716224,0.004910075,0.00112545,-0.002474719,-9.49542E-05,-0.001471655,0.00142836,-0.001047679,-0.002355196,0.003876273,0.001029343,0.004183573,7,0.021363745,-0.000314314,0.055298293,-0.000260154,19.5831
0.007551299,-0.003280061,0.008557909,0.012539242,0.02068446,-0.007814534,0.000146093,0.000345946,-0.000782914,-0.001521728,-0.000526035,-0.000295696,-0.015803383,-0.030652571,-0.020218747,-0.010802981,0.040533225,-0.014417484,-1.0083,13,-0.012907854,0.00354307,0.001154559,0.2,0.5,0.014271394,-0.021770523,0.125330241,0.11834575,0.134178014,-0.081932191,-0.002912149,-0.011328951,-0.014539836,-0.010061827,-0.011641322,-0.012992896,-0.009439429,0.000120965,-0.001200874,-0.000727971,-0.001068675,0.002190581,-0.001399921,39,0.2,39.1,7.145984468,4.787491743,5.257495372,6.50578406,5.66296048,7.138073034,4.770684624,5.379897354,6.369900983,5.828945618,0.029414181,0.079932858,0.100708211,0.0126784,0.007515379,-0.030993378,0.001401868,-0.000510292,0.009396799,0.000556946,-0.002970076,-0.018042607,0.00647323,0.003367428,0.006318195,-0.001891053,0.044375881,0.04849435,-0.188813686,0.049891989,-0.44,0.14,0.99,0.76,0.49,0.32,0.47,0.49,-0.06,-0.62,-0.97,-0.97,-0.38,0.5,1.22,2.04,3.62,-0.001847068,-0.01610301,0.014662696,0.015842,0.000607665,0.007858779,0.007777957,-0.00118373,0.042055772,0,0.031007379,-0.008532904,-1.09645E-05,0.006033559,-4.48031E-05,0.002309013,-0.002447924,0.000524706,-0.012286661,0.002386132,-0.0084915,0.001436563,-0.00417958,0.003540716,0.001410059,-0.005333961,-0.002183832,-0.002916369,3.6,0.000886514,-0.003731092,-0.053491332,0.005663402,18.4314
0.002161916,0.003625775,0.00119801,0.007181626,0.009890508,0.003615679,0.003981224,0.002895485,0.004408869,0.009443513,0.002666436,-0.000626064,0.003255818,0.009988072,0.017300046,0.007628241,0.021593257,-0.026333407,0.3784,17,0.006444523,-0.000504051,0.000283372,-0.1,0.6,-0.012512894,-0.058098529,0.080389669,0.103378354,0.050727524,-0.057121601,0.002889951,0.00681276,-0.002545956,0.005957854,0.007522521,0.007395051,0.007729784,0.001480631,0.001855288,0.003172717,0.001911044,0.002384265,-0.000487389,39.2,0.1,39.5,7.26961675,4.875197323,5.361292166,6.56667243,5.942799375,7.220373837,4.804021045,5.398162702,6.448889394,5.97126184,0.057379605,-0.01601139,-0.097116998,0.006099428,0.005392861,-0.020662251,0.000597106,-0.000303345,0.003041706,0.00179561,-0.045553019,-0.050140851,0.00815351,-0.00065914,1.72651E-05,-0.001270482,0.03041747,0.036314811,-0.11453765,0.029636168,0.58,1.16,1.07,1.35,1.59,1.31,0.85,0.57,0.5,-0.04,-0.48,-0.2,0.63,1.23,1.49,2.03,3.54,0.012669388,0.027240948,0.012481451,-0.001180538,0.005970167,-0.004698547,-0.004691709,0.003224246,-0.003274937,-0.038714512,-0.000516662,0.00602628,0.002179689,0.002369176,-0.001366087,0.004564829,0.012027948,0.006349228,0.006107256,0.001141897,0.004800478,0.000612409,0.006959719,0.001198975,-0.001251708,0.003831085,0.004199982,0.002696028,5,-0.004450414,-0.007423647,-0.00490249,0.000692316,21.257
0.004435371,0.003470851,0.00018218,0.020843937,0.003217121,0.016054746,0.012737585,0.011237401,0.008556253,0.044888174,-0.004373235,0.018461496,0.019375348,0.018488203,0.017343567,0.015813561,-0.012549482,0.017041418,0.9983,165,0.035155949,-6.53586E-05,0.002556835,-0.2,0.5,-0.08077504,-0.017074974,0.065780811,0.086267052,0.037979248,-0.089976079,0.001253418,0.002971273,0.016684749,0.00546823,0.001682086,0.003589725,-0.001426941,0.000633886,0.00136199,0.002855639,0.00122311,0.002378594,-0.004886998,39.4,0,39.6,7.293697721,5.068904202,5.690359454,6.507277712,5.846438775,7.302496424,4.912654886,5.476463552,6.582025139,5.958424693,0.067888814,0.086899742,0.065607701,0.012965821,0.006556589,-0.030993378,0.000818938,-0.002326163,-0.000426348,-0.00152476,0.079157257,0.068186767,-0.000296144,-0.000708849,0.001798443,-0.001422795,0.024001152,0.024657818,-0.081475765,0.023704759,1.26,1.4,1.14,1.16,1.28,0.78,0.41,0.38,0.55,0.1,-0.6,-0.3,0.65,0.75,0.64,1.15,2.83,-0.010716049,-0.007960422,-0.043339838,0.012909895,0.004733431,-0.006761484,-0.008919734,-0.006627064,-0.031420017,-0.015352709,-0.033646156,0.001140598,0.001057621,0.003501013,0.003911603,-0.001270735,-0.00020606,0.006349228,0.00360603,0.002294289,0.003529209,0.000858071,-0.000473123,-0.001583332,0.002700077,-0.002660567,-0.004278622,-0.002858084,6.4,-0.011039163,6.5637E-05,-0.000625023,-0.007041953,24.6892
0.008685466,0.011603442,0.012388143,0.020669509,0.0230379,0.012609189,0.011398117,0.012271664,0.008031192,0.016940266,0.004755304,0.018846448,0.013817197,0.037438008,0.009407979,0.017881007,-0.017750133,-0.016689093,1.1661,12,-0.002534842,0.002862433,0.002419429,0,0.2,0.026935546,-0.026761341,-0.001300109,-0.074967497,0.092860353,-0.097280011,0.003110113,0.003379016,0.010871298,0.002269633,0.003301673,0.004708353,0.000999072,0.003013003,0.001251394,0.001687579,0.000762463,0.003951793,0.003423405,39.6,0.1,39.8,7.328437353,4.727387819,5.598421959,6.673297968,5.855071922,7.21964204,4.905274778,5.480638923,6.447305863,5.886104031,0.064533463,0.029947506,0.044120723,0.011891687,0.006003317,-0.030993377,-0.003608535,-0.001135186,-0.002615357,-0.000283742,-0.006369884,0.010150743,0.00596207,0.003353969,0.002805386,-0.001436164,0.028829422,0.032183538,-0.113319126,0.029036843,1.94,1.55,1.35,1.06,0.97,0.24,0.24,0.29,0.53,-0.29,-1.19,-1.18,-0.32,-0.95,-1.06,-0.5,1.42,0.00307805,0.013814215,-0.024044238,0.0063516,0.003770679,0.003289725,0.002182067,0.005383553,0.003727113,0.054067221,0.034241389,0.001111723,0.001036797,-0.002455101,-0.001383717,-0.002362417,-0.00369474,0.006229555,0.002320871,-0.004796762,-9.00626E-05,-0.001190638,-0.006632253,-0.000917303,-0.000165634,0.002475985,0.003099104,0.002646149,1.3,-0.004838065,0.004799001,0.000532838,-0.003399231,22.4744
0.002533586,0.004855106,-0.002779781,0.000665233,0.00815431,0.017164718,0.011617102,0.010670402,0.004678804,0.024780934,-0.002848849,0.017762094,0.022587916,0.036030114,0.018215236,0.018459848,-0.015131475,0.018468725,1.224,172,0.025347979,0.00151647,0.002293048,0,0.5,-0.028206195,-0.018247234,0.009924569,-0.040955765,0.066600074,-0.05974031,0.002836036,0.004612037,0.017697837,-0.000453515,0.005120339,0.007884631,0.000570451,0.002193774,0.001521326,0.002384052,0.001864607,0.002756993,0.000305092,39.7,0.1,39.9,7.31986493,4.736198448,5.703782475,6.588926478,5.910796644,7.232010332,4.844187086,5.398162702,6.483107351,5.942799375,0.081230693,-0.033263939,-0.093849907,0.003017612,0.00554097,0,-0.006174173,7.88951E-05,-0.003640846,0.000809477,-0.024124359,-0.043530509,0.00705768,0.000267986,-0.003909138,-0.001163702,0.041374837,0.044158739,-0.167782234,0.043111392,0.997144951,1.221565785,1.178088441,1.87,1.66,0.97,0.93,0.66,0.41,-0.67,-2.12,-2.35,-1.7,-3.02,-3.17,-2.88,-1.21,0.023219101,0.037845067,0.017912145,-0.009312835,0.01468929,-0.001152928,0.002146287,-0.002230814,-0.005129536,0,-0.033254934,0.001079693,-0.003274184,0.001094769,-0.002644859,-6.25638E-05,-0.000110293,0.001077544,-0.001298359,0.002296563,0.00107509,0.000100197,0.004508538,0.000438447,-0.001031694,0.001149795,-6.93024E-05,0.00122207,1.7,-0.008627175,-0.016973119,-0.00663973,0.006990218,23.1573
0.00494663,0.004196714,0.007062992,0.002466082,0.001218034,0.005596709,0.001485604,-0.000227779,-0.000474761,-0.014075085,0.004630806,0.001331071,0.009564771,0.002920568,0.014126752,0.002702245,0.011099772,0.015866722,-0.0132,-156,-0.00014071,-0.002010051,0.000893669,-0.3,0.1,-0.015697904,-0.111696711,0.032526627,0.0513351,0.012280856,-0.006321441,0.002146502,0.002442813,0.014896774,0.001359928,0.002094467,0.002930026,0.000712606,0.002039195,0.00200678,0.002770599,0.001851401,0.00294551,-0.001098767,39.9,0.2,40.1,7.301147806,4.882801923,5.552959585,6.66057515,5.739792912,7.13009851,4.736198448,5.351858133,6.431331082,5.713732806,0.064063817,0.040644648,0.099264349,0.012421291,0.033304116,0.041324503,-0.009518972,-0.004413518,-0.006835517,-0.010919124,-0.00316944,0.024443394,-0.009366378,-0.002077601,0.003619464,-0.000806919,-0.016345089,-0.018874625,0.096914598,-0.015635785,0.813257232,0.838398949,1.76,1.14,0.73,0.42,0.16,0.24,0.5,-0.83,-3.41,-4.26,-4.02,-5.65,-6.06,-5.69,-3.76,0.01012374,0.033835887,-0.017119903,-0.020338254,0.008727816,-0.002219374,-0.003299388,0.00206484,-0.020399431,0.027398974,-0.014868461,-0.001267289,-0.002159788,-0.001237747,0.001259397,-0.002288758,-0.006988773,-0.000183986,0.00108201,-0.00122181,-0.001260935,-0.001619909,-0.004178311,-0.00017265,-0.001957744,-0.005089677,-0.002117344,-0.005450222,-12.2,-0.014666272,0.010676089,0.013680411,-0.009667068,24.7951
-0.003100263,-0.002603469,0.000281485,0.006069605,0.02328914,-0.005678659,0.000675525,0.000871947,0.000736236,-0.003695348,0.002375032,0.002653594,-0.011761841,-0.01009347,-0.008650712,-0.003244378,-0.00768446,0.071504561,-0.4831,-87,-0.032987763,0.006258784,0.003216613,0.3,0.6,0.068928291,0.043789833,-0.007090749,-0.111646225,0.096340005,0.007290433,0.001033081,-0.001241362,0.012973567,-0.009329912,-5.36495E-05,0.000688172,-0.001283057,0.001855649,0.00178644,0.001610832,0.001682773,0.003132344,-0.000794305,40,-0.1,40.1,7.344072851,5.030437921,5.690359454,6.683360946,5.700443573,7.107425474,4.709530201,5.293304825,6.410174882,5.713732806,0.029341838,-0.043257289,0.070614499,0.002639264,0.006131443,-0.020662252,0.012202068,0.001924792,-0.004763976,-0.002294024,0.037620879,0.037716714,-0.013734153,-0.000758274,-0.00271814,-0.000536136,-0.00375235,-0.007253576,0.047421925,-0.001765004,0.18,-1.49,-0.47,-0.56,-0.8,-0.48,-0.27,-0.4,-0.11,-2.5,-4.06,-5,-5,-6.31,-6.51,-6.27,-4.05,-0.006141912,0.020511834,-0.034587924,0.024007218,-0.004942004,0.006467523,0.005354728,0.00305211,0.014552341,-0.000730727,0.015384901,-8.57376E-05,-0.001074686,0.01129872,0.003782793,0.002183769,-1.19181E-05,-0.003787035,-0.00127049,0.003390284,-8.49491E-05,0.003068734,0.001958198,0.002630606,0.003670485,0.002430462,0.003015567,0.001275923,6.9,0.004026602,0.001905416,-0.007713643,0.001434556,20.3014
-0.002688489,-0.002809802,-0.002510569,-0.004130581,0.012927407,-0.00471676,-0.006645692,-0.005509165,-0.00201952,-0.003186829,-0.001593908,-0.013085867,-0.002855333,-0.0060996,-0.004847067,-0.00572136,-0.024398343,-0.029654686,-0.6739,64,0.00912877,0.001997522,0.00235828,-0.1,-0.2,-0.009386897,0.032872745,-0.019015997,-0.024270854,-0.014354313,0.037426406,0.00074667,-0.001408743,0.00905752,-0.003894175,-0.001395898,-0.002410677,0.000285266,0.001523844,0.002376966,0.002194389,0.002998619,0.002342836,-0.000856112,39.4,-0.1,39.8,7.127693699,4.574710979,5.288267031,6.52649486,5.590986981,7.089243155,4.787491743,5.187385806,6.401917197,5.693732139,0.010643734,0.003264737,-0.155815307,0.001182713,0.009311072,0.010331126,0.00164264,0.002888265,-0.001846723,0.014925389,-0.066290564,-0.073447044,0.000799864,-0.000427337,0.002700682,-0.000325914,-0.035198737,-0.036392156,0.198158949,-0.034670278,0.19528446,-1.09,-0.23,-0.03,0.49,0.64,0.62,0.54,0.34,-0.44,-1.14,-1.88,-1.36,-2.52,-2.74,-2.58,-0.56,0.031699036,0.063667037,0.016418581,-0.046335732,0.00627801,-0.002250598,-0.00115519,-0.007415251,0.000914322,-0.026668247,-0.009955559,-8.41715E-05,0.004267804,0.005158875,-0.002625669,0.003227713,-0.001155347,-0.001286936,0.001062629,0.003285706,0.001047178,0.000524814,0.000290343,0.005335909,-0.002334756,-0.004976473,-0.004119991,-0.002683892,-4.5,0.019087753,0.002485097,0.001824652,-0.00045702,20.9195
0.003272049,0.002988884,0.00291986,-0.010384456,0.0060608,0.005328365,0.004104715,0.004952021,-0.000698326,0.013169874,-0.005877407,0.009875978,0.006504818,0.002586934,0.005818227,0.003283171,-0.01829173,-0.0272442,0.0292,-8,0.003180924,0.002869072,0.003785581,0,-0.1,0.012396228,0.006611594,-0.029439355,-0.037075609,-0.022746716,-0.050833066,0.001151853,0.003518143,0.012507163,0.008911289,0.001825014,0.002410677,0.00085531,0.000298521,0.001132472,0.001388016,0.001026585,0.001753532,-0.003309029,39.8,0,40,7.17472431,4.875197323,5.442417711,6.517671273,5.587248658,7.075808864,4.836281907,5.278114659,6.336825731,5.690359454,-0.007791943,0.024728828,0.115078917,0.003007398,0.005460646,0.010331126,0.001600842,0.00368106,0.004231548,-0.004430234,0.038279879,0.044328511,0.001942402,0.001111605,0.001694183,-0.000455638,0.036701367,0.035730124,-0.145098369,0.041670498,-1.23,-1.55,-1.43,-1.24,-0.86,0,-0.07,-0.02,-0.03,-0.76,-1.34,-1.89,-0.99,-1.29,-1.58,-1.37,0.64,0.003484675,-0.010507071,0.014837604,-0.027487369,-0.005858248,0.003099873,0.004133825,0.005135563,-0.011553326,0,0.016015852,-0.00233744,-0.001088238,-0.012499865,0.001194955,-0.00554566,-0.002290952,-6.99456E-05,-0.002382089,-0.005766945,-0.003464772,-0.00312641,-0.00319677,-0.0057807,-0.001492618,0.004870432,-2.55595E-05,0.002580007,-0.4,0.009426863,0.024537136,0.010774674,-0.001521959,21.8588
-0.001740157,-0.000696608,-0.003612656,0.000558783,-0.006467713,-0.004474682,0.005589531,0.006231182,0.002253792,0.01239216,-0.001593705,0.011292791,-0.014084564,0.006877813,0.001144014,0.005129834,0.002197934,-0.015441897,0.175,-5,0.006359365,0.003421039,0.004810873,-0.2,-0.1,-0.043919234,0.003289477,-0.019969601,0.037075609,-0.072402834,0.006725797,0.000800031,-0.002150805,0.009002139,0.004086271,0.003426311,0.004632815,0.001423893,0.001863739,0.002852455,0.003418437,0.003526897,0.002721619,-0.001966086,39.8,-0.2,40.1,7.215239979,4.812184355,5.308267697,6.575075841,5.762051383,7.081708586,4.859812404,5.099866428,6.354370041,5.774551546,0.033717783,0.026130388,0.032949008,0.005712129,0.001980065,-0.010331126,0.009774979,0.002717078,0.008087605,0.003326922,0.02092092,0.004953128,0.008917433,0.000325706,-0.002516372,0.000149074,0.00896867,0.008572423,-0.014811441,0.014574871,1.02,0.62,0.33,0.64,0.61,0.58,0.56,0.55,0.22,-1.16,-2.03,-2.27,-1.4,-1.73,-2.04,-1.84,-0.16,0.020520919,0.026747661,0.029188346,-0.025686655,-0.000335796,-0.001179318,-0.001195373,0.001930593,0.007692317,0,0.013506729,-0.001167566,-1.79929E-05,-0.013144859,0.001163169,-0.004368003,0.001143511,0.002278629,-0.00232601,-0.003400349,-0.002277492,-0.002589193,0.006947265,-0.009577339,-0.000711726,-0.001281158,-2.5303E-05,0.00251961,5.9,0.010003849,-0.022148678,-0.006130615,0.001352877,16.5479
0.003051182,0.003279767,0.000461917,-0.007097472,-0.007376317,0.005947857,0.006613807,0.006183452,0.010074436,0.015401631,0.00803175,0.000257371,0.005317464,0.004608663,0.006778408,0.005127656,0.025685429,-0.013438868,0.1777,-46,-0.024040112,0.002722936,-7.91672E-05,0.3,-0.3,0.067966704,0.062843736,-0.004492371,-0.024874613,0.014906019,0.014879607,0.000109543,-0.000124226,0.0131935,-0.016215954,0.002935136,0.002991327,0.002841718,0.00019363,0.000698418,0.000906736,0.001339856,0.001745709,-0.003820326,39.8,0.3,40.2,7.038783541,4.787491743,5.170483995,6.366470448,5.568344504,7.067319849,4.709530201,4.976733742,6.359573869,5.826000107,0.070291064,-0.000665672,-0.086965278,0.003780676,0.007404819,0.020662252,-0.026186729,-0.01070567,-0.003712176,-0.005618251,-0.011719191,-0.026038875,0.004375128,0.003092136,0.000959406,-0.000327496,-0.020293819,-0.021235038,0.124189361,-0.017556495,0.921327419,1.178449802,1.113412215,1.84,1.88,0.64,0.42,0.44,0.39,-0.96,-2.22,-3.23,-2.32,-3.89,-4.42,-4.2,-2.57,0.031675501,0.04564923,0.025954363,-0.040768364,0.008361253,-0.007374405,-0.009403851,-0.008221733,-0.007692317,0,-0.004539461,0.001083958,-0.003177401,0.00652767,-0.001326025,0.003250854,0.010220248,0.002206168,0.00334062,-1.98856E-05,0.002202249,0.000138044,-0.000390038,-0.000422597,0.000562601,-0.00125384,0.001965,-0.003940157,3.9,-0.028286564,-0.005675936,-0.001102222,-0.001913161,17.2474
0.005543177,0.006349981,0.00675039,-0.002642739,0.009119065,0.004722722,-0.005196707,-0.006025225,-0.007542148,-0.00882936,-0.007046864,-0.005939599,0.014145734,-0.004270636,-0.003569211,-0.005234218,0.020650781,-0.024650295,-0.6252,27,0.007739634,-0.00759132,-0.007449897,0,0.1,-0.020448186,-0.076483129,0.012972671,0.050033172,-0.022888323,0.039091391,0.002155562,0.005863182,0.014928749,-0.007395458,0.00122487,0.001279263,0.00113443,0.000818787,0.001395374,0.001595584,0.001087914,0.000581226,-0.002410608,39.6,-0.1,40,6.951772164,4.615120517,5.062595033,6.29710932,5.493061443,6.883462586,4.691347882,4.919980926,6.144185634,5.575949103,0.012831381,0.001078625,0.016322974,0.001182238,0.007104353,0.010331126,0.007513915,0.000649755,-0.00524198,-0.002920997,-0.006403645,0.020846497,-0.004811098,-0.001874302,-0.003052032,-0.000913322,0.004545462,-0.002686368,0.005839338,0.004619939,0.58,-1.24,-1.57,-1.2,-1.34,-0.68,-0.63,-0.57,-0.15,-2.78,-4.37,-5.01,-4.24,-5.15,-5.63,-5.35,-3.3,0.02119101,0.003864366,0.015971239,-0.056437604,0.002577857,0.002064924,0.002059698,-0.001026016,0.014387703,-0.054067221,-0.011609967,0.002167647,0.001052073,-2.94093E-05,0.002359137,0.001058266,-0.002364823,-0.000162104,-0.001193586,0.001084653,0.002158297,-0.000511194,-0.003467106,0.001929684,-0.001242252,0.001157914,0.004875274,-0.001314062,-3.2,0.000537165,0.008996225,0.000619404,0.000404949,17.5724
0.014917662,0.010553049,-0.002066301,0.002297296,0.007758924,0.006509494,0.00662401,0.007278892,0.007097509,0.004849712,0.007967612,0.002143097,0.00641396,-0.00351394,0.001573311,0.002115034,0.020752064,0.006301468,-0.047,-32,0.010190944,0.001474981,0.003930529,-0.3,0.1,-0.009929373,0.002078571,-0.038048068,-0.042598194,-0.033502454,-0.005209853,0.001223429,0.000493908,0.025498395,-0.002787458,-0.000212913,-0.0011086,0.001274697,0.001486989,0.001125613,0.00109818,0.000759875,0.002128278,0.00098967,39.7,0.1,39.9,6.947937069,5.010635294,5.105945474,6.204557763,5.442417711,6.840546529,4.770684624,4.795790546,6.150602768,5.424950017,0.060644507,-0.000229397,0.018912987,0.004299155,0.008519191,0,0.002813538,0.003262132,-0.004071998,0.006861172,0.015578484,0.021028511,-0.001384526,-0.002927658,0.003588024,-0.00182298,-0.024484773,-0.022442288,0.153282589,-0.028166386,-0.06,0.68,0.22,0.65,0.86,0.84,0.81,0.63,0.37,-2.04,-4.09,-4.3,-3.32,-4.25,-4.76,-4.66,-2.87,0.024060092,0.011456636,0.035690457,-0.052045533,0.005466305,-0.003124423,-0.00310184,-0.00101674,-0.00958871,0.054067221,0.011614755,0.00211004,0.002094205,0.003184622,0.002281367,0.00211007,0.001029003,0.003222232,0.004349385,0.002162526,0.002101192,0.00202815,-0.000344346,0.002805639,0.002119544,-5.12655E-05,-0.001110308,-2.59649E-05,1,0.015214504,0.001953511,0.002918815,-0.007060841,17.6461
0.003860857,0.005021517,0.006338399,-0.00401283,0.015736478,-9.40385E-05,0.000339196,0.001855682,0.000806791,-0.005897107,0.003375517,0.000745612,-0.00049114,0.003225735,-0.006316552,0.000952613,-0.0444893,0.055926411,-0.1304,-31,-0.014349281,0.00155559,-3.97255E-05,0.2,0.6,0.003923349,0.032280637,0.034040046,-0.002781643,0.069361128,0.044164053,-0.000393082,-0.001812192,0.013899433,-0.004896827,-0.001971599,-0.002049881,-0.001841752,0.000118864,0.000482018,0.000580901,0.000768906,0.001352004,-0.004026643,39.7,-0.1,40,6.845879875,4.65396035,4.9698133,6.169610732,5.361292166,6.790097236,4.744932128,4.736198448,6.084499413,5.398162702,0.036562126,-0.024501922,-0.00920965,-0.001040429,0.005987706,0.010331125,-0.003990147,0.000424714,-0.000272057,-0.00388819,-0.013701536,-0.017263986,0.002797278,0.00336653,-0.004625322,-0.001078135,0.003865486,0.004118057,0.014215994,0.003430808,-1.22,0.23,0.56,0.78,1,0.77,0.66,0.51,0.17,-0.59,-2.31,-2.3,-1.1,-2.26,-2.88,-2.93,-1.48,0.015476236,0.033602824,0.004295486,-0.028913763,0.010271671,-0.001036802,-0.001030397,0.003009499,-0.010522286,0,0.02449102,-0.003367963,0.001025717,-0.004324014,-0.002543646,-0.003242339,-0.00119786,-0.00468755,-0.003412648,-0.001146333,-0.003352916,0.000206742,-0.000464176,6.22919E-06,0.000473739,0.002299638,-0.003967852,0.005005755,3.1,-0.008558054,0.023132395,-0.003039936,0.000790636,20.7847
-0.001387722,-0.000854601,-0.006593794,-0.006902701,-0.004147191,-0.005893134,-0.003046227,-0.003632479,-0.008882027,-0.023942463,-0.003200041,-0.000761757,-0.008575625,-0.010654079,-0.004528281,-0.004586883,-0.033660383,-0.00812555,-0.5499,-202,-0.035693964,-0.003972008,-0.006226577,0.2,-0.8,0.050796183,0.01476778,0.008884998,0.06297044,-0.043905208,0.049931862,-0.000950586,-0.001980689,0.008902008,-0.005625894,-0.001922051,-0.002396851,-0.001135074,-0.000579594,-0.000803493,-0.000688513,-0.000634304,0.000578871,-0.004915849,39.4,-0.3,39.6,6.814542897,4.727387819,4.820281566,6.165417854,5.288267031,6.741700695,4.553876892,4.700480366,6.059123196,5.365976015,-0.006672555,-0.011825361,-0.04863747,0.001099406,0.007545663,0.020662252,0.000234219,-0.000463797,-0.002833789,-0.001025201,-0.010220803,-0.018079523,-0.009240987,-0.002307769,0.010798977,0.000792884,-0.091229013,-0.09551568,0.513981109,-0.094783627,-1.95,-1.14,-0.81,-0.6,-0.2,0.37,0.38,0.6,0.58,0.22,-1.17,-0.95,0.65,0.06,-0.55,-0.38,1.05,-0.02712292,-0.07039952,-0.016617237,-0.003136265,-0.018482374,0.003090125,0.004111003,-0.005027663,-0.003009331,0,-0.030718389,0.002092895,-0.003144069,0.00315814,-0.001288385,0.002098295,-0.001167207,0.003171157,0.002083715,-4.26266E-05,0.002084182,-0.000169947,0.00048798,0.000443146,-0.00070643,-0.00241646,-0.001004887,-0.002588323,-4.1,0.004294792,0.011030321,0.037255049,0.003406679,24.4207
-0.003671202,-0.00334774,-0.005352742,-0.013682725,-0.013607056,-0.006828699,-5.87751E-05,0.004472516,0.006594676,-0.003663772,0.0104103,-0.001680499,-0.01329353,-0.022452747,-0.015897272,-0.008991475,0.053148071,-0.005663276,-0.875,-201,-0.044288441,0.006718291,0.003133078,0.3,-0.1,0.045608688,0.050222991,0.018405428,0.018998844,0.017794064,0.040479622,-0.001082802,-0.006589195,0.003521584,-0.003768257,-0.007833078,-0.009472214,-0.005123837,0.000891544,-0.001233277,0.000516429,-0.001289069,-0.00019292,0.002367602,39.5,0,39.6,6.771935556,4.718498871,5.010635294,5.963579344,5.402677382,6.59441346,4.65396035,4.605170186,5.837730447,5.209486153,-0.029028779,-0.044949337,0.004985665,-0.006189792,0.004157319,0.030993378,0.003039106,0.002337033,0.006039356,-0.002234542,0.013123812,0.021536128,0.004356983,-0.000922216,-0.010142403,6.0667E-05,0.012599915,0.009748859,-0.038398309,0.015643535,-0.79,-1.24,-1.16,-1.1,-1.14,-0.52,-0.17,-0.09,0.19,-0.23,-1.54,-1.26,0.3,0.33,0.07,0.32,2.03,-0.006093675,-0.070572944,0.008841706,0.014280876,0.001747307,-1.69352E-05,-0.001038804,0.001002506,-0.002134578,-0.028170877,-0.015721597,-0.006496893,0.001033552,0.002041682,-8.83772E-05,-0.00530617,-0.010939774,-0.008889473,-0.007615073,-0.001116767,-0.006468875,-0.001519317,0.000472519,-0.00292896,-0.001161147,-0.001206981,0.003776371,-0.003771007,-2.8,0.000577986,-0.035856465,-0.038317919,0.001926086,22.1293
0.001258547,0.000682135,-0.001902119,-0.007760254,-0.001594031,-0.011454993,-0.005139233,-0.004070084,-0.001506786,-0.017139673,0.00420762,-0.015975718,-0.017579969,-0.028702178,-0.013957737,-0.012241947,-0.000809475,0.007287753,-1.1022,-12,-0.018000267,0.001942638,-0.001705013,0.4,-0.4,0.041784332,0.057116547,0.018072781,0.027838154,0.00790518,0.037732812,-0.002289772,-0.007344689,0.008282505,-0.00686637,-0.008492276,-0.011573901,-0.003430535,-0.000490251,-0.002363559,-0.000387297,-0.003529381,0.00019292,0.000559928,39.5,-0.2,39.4,6.72982407,4.48863637,4.836281907,6.12905021,5.093750201,6.617402978,4.465908119,4.605170186,5.978885765,5.111987788,-0.050324827,-0.017003264,-0.019423606,-0.006923132,0.009779805,0.020662251,0.00347324,-0.000947843,0.004006069,0.00651609,0.002926232,0.009031449,0.003474483,0.000127267,0.002395796,-0.000324197,0.025547331,0.020680205,-0.108220842,0.027100881,-1.77,-1.965888099,-1.889778446,-2.122758844,-2.32436735,-2.03,-1.76,-1.18,-0.72,-1.15,-2.45,-2.01,-0.9,0.07,0.08,0.91,3.08,-0.020655126,-0.053740044,-0.036922172,0.033022877,-0.013137715,-0.001037726,-0.001029297,-1.00401E-06,-0.00021972,0.056341754,0.002402389,0.00105635,-0.003116886,-0.002165661,0.001065999,0.001053181,0.004370395,0.003218783,0.002130923,-2.89055E-05,0.001051906,0.000804852,-0.000962055,-2.13249E-05,0.001717427,-3.3568E-05,0.000850814,-0.001250713,-7.8,0.004357192,-0.011321368,0.003071977,-0.005148241,19.9716
-0.000596253,-0.000526177,0.006130346,-0.013030442,0.004268137,-0.011034271,-0.008747924,-0.009328544,-0.010435492,-0.043721524,0.001324358,-0.014639689,-0.013283367,-0.027478262,-0.032845025,-0.017044571,0.009001898,-0.003538398,-1.4319,-160,-0.02689687,-0.002970463,-0.005624177,0.2,0,0.035308397,0.0617544,0.012290894,0.000831601,0.0242017,0.073898585,-0.003053874,-0.009215104,0.001189768,-0.007631804,-0.010155143,-0.013216051,-0.00516797,-0.000877108,-0.002800519,-0.001615353,-0.00241796,0.000771307,-0.000311032,39.2,0,39.2,6.8134446,4.718498871,4.882801923,6.184148891,5.198497031,6.679599186,4.49980967,4.634728988,6.06610809,5.147494477,-0.011177792,-0.039220207,-0.121251299,-0.010321281,-0.003438629,0.020662252,0.005695992,0.002841535,0.00791071,0.00134223,0.01770129,0.005772271,0.001241276,0.001750311,-0.005804632,-0.000522933,0.007296344,0.011628038,-0.009380559,0.008624969,-0.94,-0.04,-0.01,0.22,0.44,0.22,0.33,0.01,0.16,-0.25,-1.52,-0.85,0.48,1.23,1.35,1.86,4.18,-0.000498629,0.016273165,-0.018875826,0.000420411,-0.001770434,0.001008421,0.002030424,-1.002E-06,0.005865008,-0.056341754,-0.008389687,-0.00108032,0.003107201,-0.005226266,-0.002390621,-4.44149E-06,0.003268563,-0.003295417,-0.002158523,-0.001092993,-0.002134434,-0.002233265,-0.001335032,0.000374453,-0.004045299,-0.003475527,-0.007583759,-0.001241457,1.8,0.008010565,-0.008580989,-0.008975152,0.000431768,16.2739
-0.002246875,-0.002009816,-0.001765994,-0.005275636,-0.01089087,-0.020072421,-0.023651035,-0.024404261,-0.018294898,-0.028613252,-0.014737551,-0.039471537,-0.016559636,-0.028891297,-0.000368519,-0.024289657,0.024747131,-0.020694438,-1.9169,-14,-0.006305758,0.001623846,0.000471563,0.1,0.3,-0.006350841,0.028040762,0.014635427,0.01648842,0.012728216,-0.0290943,-0.003593082,-0.012506012,-0.004938282,-0.026196016,-0.009705067,-0.010341538,-0.008673081,-0.000476042,-0.001241197,-0.002179473,-0.000203375,0.000385431,-0.001992901,37.2,-0.1,37.3,6.736966958,4.189654742,4.709530201,6.22059017,5.093750201,6.677083461,4.276666119,4.369447852,6.156978986,5.141663557,0.03480373,0.047513257,0.146055916,0.001936435,0.001848583,0.113642384,0.001203322,-0.002660705,0.005239253,-0.003111687,0.006449565,-0.015306054,-0.000923226,-0.00059433,0.013550675,0.000902911,-0.053932605,-0.054187652,0.322337406,-0.052927602,0.85,0.97,1.43,1.31,1.47,1.05,0.87,0.95,0.55,-0.13,-0.94,-0.39,1.1,1.43,1.37,1.96,3.88,0.015805159,0.015849925,0.026369414,-0.009131038,0.006308638,0.002007734,0.002005721,0.002991521,0.018136144,-0.005238185,0.005070421,-1.0164E-05,-0.003107201,0.001030357,-6.4002E-05,-0.001054292,-0.002188143,-2.89055E-05,-1.02291E-05,-1.81465E-05,0.001052035,0.00283421,0.001064299,0.000905582,0.004410135,0.019302527,0.030395159,0.019558998,6.7,-0.007516199,-0.008899266,0.015199,-0.003102972,24.5585
0.004224987,0.003665364,0.009027449,0.015836396,0.026084391,0.019524808,0.02856397,0.029550593,0.027771709,0.037515689,0.024421529,0.033675214,0.010572382,0.013995253,0.028341742,0.027235512,0.001059497,-0.017779158,1.8176,-121,-0.023315595,0.003459071,0.000701916,0.3,0.7,-0.030007425,0.015494177,0.135294056,0.190059327,0.075492222,-0.002712944,-5.52093E-05,-4.28055E-05,0.001279482,0.015122239,-0.003663821,-0.005301239,-0.001016777,-5.95212E-05,0.000215971,-0.001708053,0.002022226,0.000385282,-0.001871959,39.5,0.1,39.6,6.763884909,4.644390899,4.382026635,6.280395839,4.997212274,6.694562059,4.465908119,4.343805422,6.159095388,5.141663557,0.040784145,-0.000564968,-0.02427854,-0.004373412,-0.006422056,-0.041324503,-0.015454607,-0.00613861,-0.000853515,0.001512082,-0.075392035,-0.062103827,0.003531513,0.001172617,-0.008545587,-0.000487135,-0.024159933,-0.02706002,0.165045399,-0.023044859,1.56,1.44,1.2,0.78,0.41,-0.11,-0.16,0.09,0.08,-0.25,-1.3,-1.17,-0.05,-0.24,-0.35,0.49,2.4,0.030187562,0.025007327,0.045651735,-0.020895483,0.017784895,-0.007096845,-0.006079046,-0.004988534,-0.006063563,-0.036639441,0.009104412,-1.00995E-05,0.003097576,-0.008291246,-0.001188483,0.001047664,0.004319615,-0.001092993,-0.001070048,-0.001074517,-1.00356E-05,-0.002947833,-0.001906921,-0.00036054,-0.00467523,-0.029509203,-0.054305409,-0.026867521,-4.5,-0.019730516,0.007043602,-0.018930595,0.011577364,21.5562
-0.000715275,-0.000856648,-0.001117631,0.000798426,-0.009145589,-0.007613766,-0.008526081,-0.008089506,-0.00656107,-0.004991926,-0.007095731,-0.013671593,-0.006708603,-0.010361306,-0.010242858,-0.00842393,-0.027739573,0.004295361,-0.7607,-91,-0.015312195,0.0009131,-0.000902554,0.1,0,0.022846269,-0.004816192,0.072371253,0.083002903,0.059934507,0.041739606,-0.001436512,-0.00631242,0.00161833,-0.005583216,-0.006920057,-0.007777917,-0.005537758,0.00025294,-0.00037798,-0.000757666,0.000570128,0.00134732,0.000811612,39.2,-0.1,39.1,6.836259277,4.727387819,4.615120517,6.267200549,5.247024072,6.792344427,4.553876892,4.615120517,6.198478716,5.313205979,-0.016713704,0.03292026,0.015560824,0.003570723,0.001531987,0.010331125,0.003617455,0.004426522,0.006754806,-0.005601982,-0.0057464,0.006356322,-0.007402569,0.001607802,-0.001863061,-8.6131E-05,-0.032848049,-0.037529354,0.222187189,-0.027580212,-0.1,-0.73,-0.8,-0.84,-0.78,-0.56,-0.57,-0.69,-0.36,-0.88,-2,-1.91,-0.73,-0.7,-0.82,-0.1,2.14,0.017015123,-0.001217092,0.024858693,-0.022835918,0.005339918,0.001011634,-0.002022245,-0.002999497,-0.006009018,-0.032639906,-0.033711996,-0.003172927,-9.56536E-06,0.001017372,0.002188983,-0.003147404,-0.005415362,-0.003204554,-0.002123143,-0.002119762,-0.004216077,-0.000415293,-0.001131801,-0.004316783,0.001920517,0.013558106,0.026637325,0.009719085,-4.5,0.008061468,0.013454918,0.007701247,-0.004804515,20.2845
0.006873831,0.005690717,0.000584372,0.001127956,0.004611722,-0.008908064,-0.005334063,-0.005398565,-0.00037687,0.019493761,-0.00740205,-0.013871444,-0.012508676,-0.008282542,-0.010647106,-0.007248665,0.025807418,0.012129439,-0.6597,-125,-0.022531337,0.002306428,-0.000963623,0.3,0.4,0.014018326,0.037895283,0.039998721,-0.013784679,0.100118524,0.053357649,-0.003101052,-0.009435257,-0.016908097,-0.00610428,-0.009791862,-0.012240949,-0.005862541,-0.000922798,-0.001297017,-0.003014696,0.000685656,-0.000192363,-0.000874071,39,-0.1,39.1,6.821107472,4.605170186,5.087596335,6.202535517,5.081404365,6.788971743,4.584967479,4.682131227,6.21860012,5.192956851,0.017005119,-0.023806842,-0.020497686,-0.001457909,0.003262702,0.010331126,0.008081216,0.002952884,0.006498847,0.007279369,0.059511337,0.054544543,0.010270741,-0.003593027,0.002427269,-0.000441704,0.048446285,0.049990575,-0.261026661,0.048316136,0.26,0.26,0.02,0.03,0.03,0.02,0.01,-0.12,-0.04,-0.88,-2.24,-2.14,-0.96,-0.94,-1.07,-0.48,1.84,0.01170192,0.0383324,0.011862046,-0.018617931,0.003843485,0.002022245,0.003033879,0.001992001,0.008007021,0.263538109,0.030311938,0.003162891,-0.001034622,-0.009496178,0.001025861,-0.001052073,0.004295301,0.008464527,0.003176286,-0.001056524,0.004209422,-0.00205726,0.001811633,-0.004722723,-0.001420623,-0.003400673,-0.004624066,0.001195204,3.5,0.0065034,0.011717889,0.004105299,0.009514627,18.5347
-9.78414E-05,0.000232378,0.003018047,0.005133845,0.010930308,-0.006409845,-0.001292813,-0.000975888,0.001099943,-0.000207602,0.00157103,-0.005806119,-0.011614301,-0.009691562,-0.01294039,-0.001635192,-0.052356039,0.033825935,-0.2452,-22,-0.004599839,0.005729322,0.005408342,0.1,0.4,-0.016845728,0.020853255,0.059747412,0.045630604,0.074441028,-0.005466361,-0.000499282,-0.004882311,-0.022762079,0.002201836,-0.005386875,-0.007009805,-0.002796793,0.00099718,0.001621009,-0.000825746,0.002786068,0.000769231,-0.000437322,39.1,0.1,39.1,6.932447892,4.812184355,4.9698133,6.345636361,5.236441963,6.859614904,4.736198448,4.976733742,6.194405391,5.318119994,0.016468269,-0.035453164,-0.151735123,-0.013572082,-0.008003967,-0.030993377,-0.010784998,-0.003337748,-0.003059235,-0.001322418,-0.00855436,0.003299624,-0.006082531,0.001249069,0.000273428,-0.000225387,0.000859476,0.0038625,0.02078698,-0.002718911,-0.49,-0.64,-0.61,-0.64,-0.64,-0.25,-0.25,-0.2,-0.14,-1.03,-2.36,-2.29,-1.11,-0.7,-0.83,-0.19,2.19,-0.018777176,-0.006338841,-0.029699714,0.021438963,0.006832628,-0.002022245,-0.002023268,0.002004009,0.01182124,-0.089328885,0.005847148,0.006266199,-0.001028273,0.019991986,-0.001193594,0.011520063,0.009520424,-0.001134331,0.006292485,0.00631581,0.006253138,0.005392309,0.002341162,0.012478667,0.002055974,0.005590924,0.010978219,0.001177863,2,-0.001675209,0.007390618,0.011148412,-0.013085672,16.9138
-0.003437471,-0.004268867,-0.005433968,-0.014279431,-0.01611427,-0.003348467,-0.003344625,-0.003445563,0.005941724,0.006457807,0.005746869,-0.01981428,-0.003360875,-0.006648579,0.002664361,-0.001759064,-0.012101143,0.015501723,-0.246,-161,-0.020595807,-0.003355525,-0.005739802,0.2,0.8,-0.074523859,0.035185502,0.052040878,0.004810593,0.098285454,0.026537516,-0.002700437,-0.010587223,-0.019944318,-0.015267472,-0.009023992,-0.011356354,-0.005320734,-2.97522E-05,-0.00108038,-0.003331631,0.000548586,0.001344732,0.000812018,39.1,0,39.2,6.80461452,4.532599493,5.023880521,6.133398043,5.278114659,6.816735881,4.615120517,4.753590191,6.198478716,5.318119994,0.022571137,-0.002801828,0.005854654,-0.011373738,0.004466025,0.020662251,0.002684364,-0.000532888,-0.005562192,-0.001358313,0.000581445,-0.013534965,-0.001074905,-0.000613484,-0.000954421,-0.000108784,-0.059283168,-0.056297068,0.383097294,-0.063775311,-0.3,0.54,0.38,0.54,0.73,0.68,0.68,0.55,0.28,-0.19,-1.68,-1.45,-0.08,0.28,0.15,0.66,2.77,0.04778211,0.064009535,0.058334158,-0.030338492,0.033479932,0.008048333,0.011082212,0.001002506,-0.017805588,-0.095747352,-0.039857138,0.001975906,-1.04979E-06,0.015512607,0.001008406,0.005058797,-0.002301911,-6.9883E-05,0.003018384,0.004122698,0.001972021,0.001316908,-0.002265244,0.006003316,-0.000435282,-0.004500556,-0.01098995,-0.001230059,-1.8,0.00045851,-0.008880539,-0.008922001,0.005620586,19.7058
-1.4634E-05,-0.003779544,0.005813748,-0.003862407,0.017566409,-0.003132842,0.000828974,0.001081983,0.002763567,0.005395194,0.001802434,-0.002138962,-0.007217606,-0.008795175,-0.002847748,-0.000912617,0.014763258,0.000870257,-0.1757,-127,-0.019029122,0.002368175,-0.000502422,0.2,-0.3,0.085785816,-0.033669201,0.029691019,0.042284632,0.017778246,-0.039988314,-0.003813011,-0.009273088,-0.025897041,-0.007222046,-0.008758844,-0.009689178,-0.007287903,-0.001980508,-0.001081549,-0.002664572,0.000663675,0.000383877,-0.007898242,39.1,0.1,39.2,7.061334367,4.672828834,5.023880521,6.563855527,5.288267031,6.950814768,4.574710979,5.023880521,6.29156914,5.541263545,-0.020085476,0.014109785,0.051521211,-0.008049149,0.003812211,0.010331126,-0.000672615,-0.002814432,-0.002127095,-0.001308749,0.009629438,0.025594829,-0.003011361,-0.005144081,-0.004100305,-0.000810235,-0.002738477,-0.000815994,0.02920797,0.002324002,-1.56,-1.02,-1.12,-0.82,-0.83,-0.36,-0.35,-0.2,-0.12,0.35,-1.24,-0.71,0.65,1.48,1.36,2.02,4.21,0.01135354,0.008191859,0.015144828,-0.011971389,-0.004399756,-0.004048328,-0.007069076,0.000999496,-0.009882468,-0.002064158,0.058232056,-0.006263597,0.003061742,-0.012625087,-0.00116998,-0.00935768,-0.008429645,-0.00315674,-0.007329846,-0.005259833,-0.006250548,-0.001309785,-0.000727415,-0.00708888,0.001723255,0.002203704,0.006336904,-0.001212607,-0.3,-0.007722686,-0.027417203,-0.012553994,-0.002066455,17.062
0.001847464,0.001969483,0.000733834,-0.009210778,-0.004905204,-0.008764991,-0.007563031,-0.009916059,-0.002303694,-0.013612994,0.001704854,-0.024216882,-0.010017723,-0.017183433,0.008666291,-0.008558168,-0.003868699,-0.046568664,-0.7064,-72,-0.00731235,0.001557576,0.001406145,0,0.8,-0.008691261,0.016231195,0.038896091,0.051005731,0.027160822,0.088818193,-0.001766489,-0.007426995,-0.022595064,-0.006016564,-0.006852922,-0.012364624,0.00178971,0.000119239,-0.001461949,-0.002408584,8.65339E-05,0,0.002514143,38.9,-0.1,39,6.952728645,4.770684624,5.081404365,6.349138991,5.272999559,6.830874235,4.691347882,4.736198448,6.232448017,5.267858159,-0.064173926,-0.047262138,-0.094286309,-0.013860671,-0.002076024,0.020662252,0.006443937,0.004444848,0.005362228,0.003121274,-0.004693507,-0.013816972,-0.004385013,0.002755411,0.001085966,-0.000577851,0.002738477,-0.001633987,-0.00489621,0.012042046,-1.100329684,-1.428175047,-1.349178498,-2,-1.81,-1.07,-0.89,-0.9,-0.48,0.03,-1.44,-0.24,1.31,2.88,2.94,3.59,6.2,0.002636727,0.00755725,0.015618616,-0.006010884,-0.019720741,-1.59363E-05,0.000986538,-0.003002503,0.001886688,0.02012418,-0.011394242,-0.003092218,-0.004085808,-0.008197806,0.00099153,-0.005120339,-0.004162337,0.000998545,-0.002075642,-0.004146151,-0.003085857,-0.002812564,-0.004751729,-0.006136586,-0.00057728,-0.002233236,-0.004542486,-1.27552E-05,0,0.017765694,0.002996968,0.001968523,0.00186807,32.4415
-0.000560831,-0.002164693,0.008964831,0.001929167,0.013540575,-0.003050539,-0.000743043,-0.001810611,-0.000611708,-0.014860131,0.004342094,-0.005141605,-0.005451682,-0.013263864,0.003421861,-0.00231454,-0.000516639,0.022931955,-0.2523,-129,-0.018363433,0.001871314,-0.001295591,0.3,0.4,0.018064351,0.040893548,0.050900901,0.02215708,0.07830982,0.0484497,-0.002027478,-0.005493777,-0.020210448,-0.003778818,-0.005024255,-0.007010833,-0.001938997,-0.000879724,-0.0022784,-0.00388785,-0.001385442,0.000959049,-0.000439519,39,-0.1,39,7.042286172,5.003946306,4.941642423,6.440946541,5.429345629,6.948897222,4.727387819,4.94875989,6.324358962,5.438079309,-0.01139518,0.029162038,0.054647301,-0.005039258,-0.000670051,-0.010331126,0.004550052,-0.00032414,0.007122725,0.001124082,-0.010805917,-0.025965582,0.008616778,-0.000902119,0.003778557,0.000157368,0.109545003,0.114233544,-0.635746093,0.120088941,0.19,0.21,-0.76,-0.51,-0.58,-0.75,-0.72,-0.77,-0.69,0.05,-2.39,-0.94,0.54,1.94,2.03,2.63,5.32,0.007611943,0.014058581,0.016236032,-0.007564773,-0.008387146,-0.002990527,-0.001999969,0.002001001,0.002947447,0.054465641,0.010213537,-0.002049181,0,-0.003057585,-0.001147279,-0.001021972,-0.001038961,-0.006166515,-0.003081667,0.002058668,-0.003066963,-0.000322385,0.003576001,0.001361995,-0.002118176,-0.002211161,-0.006310779,-0.001195397,3.9,-0.003675003,-0.001327297,0.00085518,0.004027453,22.7534
-0.000772359,-0.002071568,0.004377579,-0.01034529,0.011553388,-0.009031553,-0.006816339,-0.006679781,0.000413357,-0.013949956,0.005294505,-0.021080984,-0.011349689,-0.032694829,0.003771294,-0.011740818,0.017538759,0.010436777,-0.8984,1,-0.005616661,0.000207708,-0.002908632,0.3,0.6,-0.02372863,-0.006604475,0.073354649,0.035699329,0.107043934,-0.012717683,-0.003110807,-0.012129621,-0.022406886,-0.005568225,-0.013028156,-0.019856599,-0.002541297,-0.000149182,-0.001957054,-0.003041727,-0.001088532,0.000191699,0.002070329,38.7,0,38.9,7.067319849,4.682131227,5.099866428,6.464588304,5.556828062,7.046647278,4.844187086,4.94875989,6.421622268,5.583496309,-0.024414522,-0.012974384,0.073538799,0.000906869,-0.001857873,0.020662252,0.004386325,-0.001066142,0.001995799,0.001336795,0.021034382,0.043785115,-0.00987867,-0.000507851,-0.002666063,-0.0004345,0.080796571,0.077177135,-0.429359261,0.091413342,-0.6,-1.16,-0.21,-1.08,-1.53,-1.45,-1.43,-0.82,-0.9,-0.51,-2,-1.42,-0.39,1.09,1.2,2.41,5.02,0.016635575,0.014784188,0.031145868,-0.009271823,-0.003813547,0.001981175,0.000986645,-0.002001001,0.000977101,-0.046896798,-0.017358042,0.004085808,0.002036661,0.004077473,-7.13667E-05,0.005103611,0.005188345,0.003069056,0.004094172,0.002039655,0.005103611,0.00281699,0.003499939,0.002141368,0.003063991,0.001098292,0.016174347,-0.003553802,4.1,0.004986238,-0.003437797,-0.006461823,0.00173015,32.8212
0.003714365,0.00060628,0.008029776,0.002719348,0.015391567,-0.00389607,-0.003471328,-0.00371466,-0.002458604,-0.000723289,-0.003085596,-0.005990998,-0.004344187,-0.013629133,-0.003291611,-0.006287193,0.013049378,-0.018306272,-0.5029,6,-0.006525395,0.002759319,-0.001038689,0.4,-0.1,0.025743744,0.013449909,0.069231792,0.101899143,0.040145007,-0.093357765,-0.001384442,-0.006557401,-0.019383163,0.001775073,-0.007803465,-0.0103761,-0.003899225,0.000298343,-0.002124473,-0.002563991,-0.001726741,0.001340868,0.001315254,38.8,0.1,39,7.224024808,5.023880521,5.220355825,6.673297968,5.497168225,7.11395611,4.890349128,4.9698133,6.49375384,5.673323267,-0.011382175,-0.032261293,-0.097277301,-0.00585052,-0.007466204,-0.020662252,-0.001539466,0.00139785,0.008464,-0.002067679,-0.000578426,-0.016032243,-0.004516813,-0.000477488,0.004049917,-0.000191856,0.039887119,0.03841532,-0.197219755,0.057732145,-0.51,-0.51,0.36,0.05,-0.16,-0.42,-0.36,-0.44,-0.43,-0.51,-1.13,-0.86,-0.04,1.18,1.35,2.48,5.1,0.00010777,0.008885283,-0.02810362,-0.038522926,-0.003175511,0.000977857,0.000977857,0.003000501,0.010106136,-0.04523005,0.011215677,-0.005105695,-0.002036661,-0.002038737,0.002004514,-0.003063827,-0.00208113,-0.005114047,-0.004094172,-0.003085857,-0.005100487,-0.002612627,-0.005902648,-0.001440865,-0.002538148,-0.001101923,-0.01703777,0.003550998,-1.3,-0.001452175,0.023392327,0.018454871,-0.005495082,32.3959
0.004987719,0.0056928,0.004225097,-0.002751766,0.000173673,-0.007336193,-0.005683134,-0.005812116,-0.012967345,-0.001518205,-0.01691005,0.010061701,-0.009069044,0.007793123,-0.01297735,-0.003295843,-0.029257892,-0.003733547,-0.2859,97,0.006186801,0.000297119,-0.000807494,0,1,-0.00884626,-0.026791175,0.038706045,-0.023087009,0.092272676,-0.126285635,-0.0001577,-0.00221076,-0.017299709,0.000253325,-0.00191548,-0.002088202,-0.00165426,0.000506978,-0.000327243,-0.002304353,0.001032545,0.000956663,0.000250329,38.9,0,39,7.172424577,4.852030264,5.043425117,6.576469569,5.710427017,7.208600338,4.736198448,5.093750201,6.613384218,5.796057751,0.002067753,0.073836292,0.019388874,0.011959609,-0.004416016,-0.010331126,-0.007982983,0.004256473,0.014821207,-0.000606137,0.00078257,0.004078182,0.001232663,-0.000550167,0.002354655,9.7913E-05,0.009369438,0.013552966,-0.041562224,0.031007164,-0.25,-0.18,-0.13,-0.18,-0.25,-0.16,-0.01,0.15,-0.16,-0.44,-1.01,-0.79,-0.04,1.27,1.59,2.88,5.19,-0.034532793,-0.067427496,-0.087586868,-0.009913569,0.009981014,-1.55614E-05,-0.000998362,-0.002000001,-0.009093477,-0.029987468,-0.019443958,-0.002046032,-0.001017812,-0.005104656,-0.003189058,-0.001017812,0.003083742,-0.00617705,-0.004094172,-0.001024061,-0.004091024,-0.001473766,0.00262332,-0.002860619,-0.001631532,0.005466277,0.018705396,0.001172962,-0.2,0.017176931,-0.004658615,-0.000533086,0.014024904,23.5713
-0.001317656,0.000932709,0.001035018,0.018903002,-0.006686439,0.019190672,0.015782648,0.014381302,0.022182231,0.042499499,0.01508463,0.002533022,0.022751839,0.034050225,0.032131089,0.02397535,-0.014704988,-0.029443375,1.6107,29,0.011694093,-0.003498998,0.001301762,-0.4,1.3,-0.075104426,-0.033549235,0.001286174,-0.047337454,0.039385706,-0.04440837,0.002520225,0.003176433,-0.019800574,0.018321506,0.000898338,0.001094364,0.000601866,0.002307974,0.002070733,-0.001220798,0.005607267,0.00248305,0.002624673,39.3,0,39.3,7.368970402,4.941642423,5.313205979,6.854354502,5.686975356,7.262628601,4.997212274,5.198497031,6.639875834,5.805134969,0.024145475,0.045487885,0.055590729,0.012445586,-0.00797723,-0.041324503,-0.001932533,0.015967556,0.025607391,-0.00388168,-0.015558003,-0.013054637,0.002744673,0.006730312,-0.002428756,0.000180413,0.034546967,0.037740328,-0.158111529,0.051734006,-0.27,-0.34,-0.08,-0.23,-0.29,-0.19,-0.08,-0.04,-0.2,-0.51,-0.82,-0.75,-0.06,1.35,1.78,3.11,5.26,-0.01500361,-0.040921588,-0.038811855,-0.025317808,-0.00794427,-0.0118266,-0.011843159,-0.003001503,0.00404041,0.056965323,0.037803004,0.00511091,0.005082858,0.004080591,-5.18651E-05,0,-0.001049425,0.014394899,0.008188343,0.001017808,0.008178929,0.003167629,0.003648954,0.002822496,0.003201446,-0.003298377,-0.016003463,-1.24862E-05,-1.5,0.00145716,-0.006988038,-0.007728708,-0.002382727,26.1745
0.000598306,-0.000116541,-0.000270973,-0.004221617,0.002760579,-0.006276929,-0.008901976,-0.010924431,-0.01308202,-0.002931256,-0.016707788,-0.004093856,-0.003548713,0.010807011,0.009768201,-0.000910256,-0.014195615,-0.012833578,-0.1098,-1,-0.000292888,-0.000551216,-0.000726356,0,-0.2,0.017094433,-0.041614881,-0.005800854,-0.038721088,0.018205964,-0.02475499,-0.000843118,-0.003729887,-0.027061661,-0.014277011,5.98605E-05,0.000497043,-0.000601866,8.92339E-05,-0.000163323,-0.00028877,0.000824489,0.002667176,-0.001186499,39,0,39.3,7.437795122,5.493061443,5.533389489,6.761572769,5.826000107,7.293697721,5.214935758,5.099866428,6.674561392,5.802118375,0.002323424,-0.064759544,-0.170047899,-0.004168708,-0.001370923,0.010331126,0.009726832,-0.008776371,0.017925709,0.010519704,-0.050799488,-0.053958237,-0.00248484,-0.004559839,-0.003390156,-8.3479E-05,0.01717665,0.019560526,-0.072148373,0.03491957,-0.17,0.17,0.25,0.3,0.3,0.23,0.26,0.22,0.01,-0.17,-0.4,-0.28,0.41,1.75,2.21,3.5,5.44,0.012584887,0.025139938,0.014461529,-0.027474786,-0.0008142,0.008879196,0.008888947,0.005003506,0.012072581,-0.05767746,0.001430793,-0.001024061,0.000993133,-0.006173909,0.001975217,-0.002036661,-0.002057579,-0.002078688,-0.004094172,-0.002038737,-0.003069056,-0.002992255,-0.001823021,-0.003452687,-0.003040273,0.00215387,0.009701399,0.004655055,4.2,-0.032160872,-0.001188447,-0.004657596,-2.4613E-05,22.4658
0.004709289,0.003858052,0.010465141,0.016632466,0.026292827,0.008119671,0.007234723,0.004981143,0.003830977,0.013753656,0.000250602,0.00969338,0.009038704,0.017189855,0.005357073,0.008937776,0.029810927,-0.003735702,0.5881,75,0.009170675,-0.000424914,0.000907862,-0.1,0.2,-0.059582657,-0.008534902,-0.006268258,-0.031128865,0.010985098,-0.01754431,0.001932498,-0.001246394,-0.009946028,-0.005565408,0.000299249,-0.000298196,0.00120337,0.002955089,0.002392736,-0.000711174,0.00371136,0.002090659,6.24824E-05,39.3,0.3,39.6,7.381501895,5.332718793,5.313205979,6.745236349,5.846438775,7.296413269,4.96284463,5.176149733,6.736966958,5.743003188,0.014518832,0.037770336,0.094280363,0.002265827,-0.006475712,-0.041324503,-0.001844277,-0.009735048,0.008113833,-0.00267998,0.005249485,0.000856103,0.00071108,0.000296754,0.005908814,0.000163615,0.034151293,0.030404727,-0.148958662,0.052342386,0.26,0.18,0.24,0.14,0.12,-0.18,-0.21,-0.28,-0.34,-0.25,-0.42,-0.4,0.27,1.31,1.74,2.96,4.84,0.009869067,0.023652646,0.008993782,-0.028385246,-0.001140994,-0.001979218,-0.000992556,-0.005006512,-0.00708504,0.070026713,-0.024889289,-1.04123E-06,-0.00505818,0.003061464,-0.00712881,0.003055509,0.003049264,-0.002053354,0,0.002034589,0.001020929,-0.000392067,-0.000822466,0.004273717,-0.00270276,-0.006501733,-0.008811401,-0.008182395,6.2,-0.034490907,0.026514202,0.020802994,0.007414365,19.5048
0.000731913,0.00156611,0.006125147,-9.20164E-05,0.002755728,0.012157481,0.012147854,0.012203341,0.019292512,0.021598278,0.0184349,0.002045818,0.012170729,0.017536434,0.01362657,0.011726089,0.067153587,0.0401324,0.7964,63,0.008391155,0.002176908,0.003834179,-0.1,0.1,0.010509967,-0.012136847,-0.053898593,-0.1169795,-0.013196672,0.032269125,0.003093202,0.00368851,-0.015217328,0.001520913,0.004954495,0.006539857,0.002552362,0.002902029,0.003091193,0.003107661,0.002888756,0.004168252,-0.000937647,39.3,0.1,39.7,7.294377299,5.056245805,5.293304825,6.682108597,5.762051383,7.356279877,5.056245805,5.170483995,6.756932389,5.92157842,0.023364126,0.031967333,0.072473847,0.006956333,0.000920093,0,-0.007638943,-0.002545093,-0.000486926,-0.001262869,0.061374984,0.061074523,-0.004648943,0.002478496,-0.001432312,8.338E-05,0.037472084,0.037457563,-0.160966795,0.048256013,0.03,0.01,-0.14,-0.07,-0.06,-0.06,-0.11,-0.22,-0.32,-0.27,-0.59,-0.5,0.18,1.22,1.6,2.71,4.49,0.004239884,-0.003684853,-0.002132769,0.030470617,0.005043121,0.001979218,0.000992556,0.000996476,0.001953488,0.064757776,0.003925422,0.00609035,0.00201613,0.017518079,0.002010018,0.006084174,-0.006111031,0.004056763,0.008138397,0.004044457,0.006096539,0.003267178,-0.000783794,0.006604397,0.002356796,0.002163332,-7.72175E-07,0.002325582,8.3,-0.014634147,-0.014370539,-0.013188601,-3.52858E-05,18.6576
0.005077727,0.004587518,0.00591925,0.015420794,0.016616229,0.006772939,0.006361937,0.006288415,0.004372025,0.019292375,-0.001058724,0.012594404,0.007200654,0.02315958,0.013754016,0.012321944,-0.037503426,0.027454356,0.8504,228,0.022830246,-0.000288777,0.000823285,-0.1,1,-0.002263084,-0.043677933,0.037723377,0.074280074,0.014652277,-0.058107631,0.003094819,0.004591587,-0.005087381,0.003034904,0.005403974,0.00718401,0.002695419,0.002613493,0.00291971,0.002877063,0.003098744,0.002454916,0.000937647,39.7,0.1,40,7.482118924,5.123963979,5.407171771,6.893656355,5.988961417,7.419979924,5.043425117,5.267858159,6.818924065,6.003887067,0.010908874,-0.002317637,-0.017005955,0.00192883,0.003160788,-0.020662252,0.008407688,0.000494908,0.003112237,-0.001371647,-0.02560695,-0.018975978,0.001121401,0.000377866,-0.002862601,-0.000535136,0.039781504,0.040459938,-0.165043895,0.05035936,-0.17,-0.2,-0.02,-0.08,-0.08,0.01,-0.02,-0.05,-0.2,-0.3,-0.44,-0.41,0.27,1.4,1.75,2.83,4.46,-0.003582524,-0.000728881,-0.012660422,0.023229176,-0.002681076,0.001973356,0.002974717,0.005018572,-0.009909859,-0.080386534,0.007759229,-0.003069829,0.004007985,-0.005234884,0.000985308,-0.001054618,0.003049298,-0.004073288,-0.004093902,-0.002046783,-0.003072973,-0.001727729,-0.001561506,-0.0014063,-0.001887303,-1.16874E-06,-0.004411897,0.001152682,4.2,0.002132326,-0.002659518,0.001928743,-0.001984496,18.0774
0.001371292,0.002784634,0.00958941,0.025367534,0.022806381,0.00597728,0.005028441,0.00383089,0.003599733,0.017236595,-0.001439474,0.007622418,0.006960407,0.01203028,0.00210594,0.00775448,-0.045395199,0.008638956,0.5275,9,-0.001298794,0.009727258,0.009896473,0,0.3,0.042960742,-0.017951371,-0.015097978,-0.120513269,0.047923988,-0.052080829,0.004218969,0.005482219,-0.003220615,0.011549212,0.004431977,0.004890942,0.003731626,0.003811995,0.004148601,0.004124081,0.004639633,0.00207254,0.000936768,39.8,0.1,40.1,7.45760929,5.087596335,5.33753808,6.844815479,6.049733455,7.478169694,5.209486153,5.303304908,6.851184927,6.086774727,0.027986889,0.067810771,0.073853028,0.011666315,0.00251794,-0.051655629,-0.005725157,-0.00204497,0.003054178,-0.001951053,0.01303516,-0.006497979,0.008368186,0.001416531,0.007306494,0.000607213,0.01391853,0.017766282,-0.052361658,0.025650841,0.35,0.67,0.6,0.67,0.76,0.6,0.47,0.28,0.28,0.02,-0.19,-0.09,0.68,1.65,1.87,2.76,4.39,0.018620866,0.026431566,0.022224349,-0.015512137,0.002518791,-0.000992521,-8.8227E-06,0.000989466,-0.00100337,0.052919194,-0.020435314,-0.00202631,-0.002028105,-0.004098096,-2.50504E-05,-0.003037866,0.003030781,0.001004483,-0.001021823,-0.0010187,-0.001021823,0.000884014,0.00234018,-0.004543825,0.003387785,0.001077001,0.0061748,-0.001166125,-1.1,-0.006824053,0.012432655,0.010403567,0.000450601,18.9343
0.002862486,0.005889344,0.006753087,-0.000532354,0.005843817,0.015052062,0.013684552,0.013373652,0.012960466,0.022966596,0.009221503,0.020126914,0.016465801,0.01974335,0.008789006,0.014373949,0.039565321,0.013306736,1.0168,170,0.03301033,-0.001100007,0.005697569,-0.7,0.4,-0.063562329,-0.036544871,-0.03205184,0.090423006,-0.106323814,-0.085120293,0.004632563,0.006991766,0.006320363,0.01215745,0.005820293,0.008260093,0.002083644,0.003870689,0.004773791,0.002461918,0.006525232,0.005069006,-0.000561956,39.9,0.1,40.3,7.487173694,5.153291594,5.451038454,6.860663671,6.052089169,7.492760301,5.231108617,5.236441963,6.907755279,6.040254711,0.028673353,-0.00917536,-0.075879155,0.007944562,0.003721261,0,-0.000456768,0.000410323,0.001451098,0.00139738,0.010311218,0.034227877,0.004010113,0.002665131,-0.000405781,0.000179128,0.003599284,0.004791066,-0.003008406,0.011872287,0.39,0.25,0.29,0.37,0.54,0.58,0.53,0.41,0.02,-0.12,-0.29,-0.11,0.83,1.84,2.01,2.78,4.02,0.007263609,0.002883686,0.002016867,-0.013462305,0,-0.001970444,-0.002965894,-0.001010466,-0.006027883,-0.011722973,0.017501327,0.00200197,0.001968223,0.001993726,-0.001016373,0.000989466,0.001982525,0.000995375,0.0019949,-9.05428E-06,0.000993397,0.001902364,0.000739924,0.001567362,0.002348695,0.002143584,-0.000883783,0.003444929,0.6,-0.00572251,-0.011079943,-0.009032718,-0.020722878,23.1521
-0.001394174,-0.001087299,0.002650701,-0.001635476,-0.015002625,0.011090127,0.008410607,0.008388663,0.008080054,0.018336576,0.004216079,0.008871326,0.013848897,0.011831912,0.007792457,0.007775018,0.048463811,-0.010063291,0.534,51,0.002765454,0.004241324,0.003944467,0.1,-1.2,0.048803931,0.073119992,-0.061693569,-0.119224997,-0.024981783,0.06580151,-0.003411385,0.004694209,-0.002213125,0.011036286,0.003452618,0.004345524,0.002079312,-0.006047192,0.001710864,0.002609164,0.003213976,0.004111387,0.000312237,39.9,0.1,40.3,7.554858521,5.267858159,5.468060141,6.949856455,6.077642243,7.446001498,5.231108617,5.332718793,6.821107472,5.996452089,0.011140127,0.004513557,0.051186542,0.006551946,0.007505577,0.010331126,-0.002208433,-0.001041975,0.001448996,-3.49012E-05,-0.021175498,-0.029602316,-0.000504413,-0.001186762,0.000220829,0.00083768,-0.027931385,-0.027457983,0.130364886,-0.021494484,0.19,0.29,0.26,0.25,0.33,0.42,0.47,0.36,0.25,-0.02,-0.22,-0.05,0.97,2.07,2.29,2.95,4.08,0.016177652,0.02092752,0.016270399,-0.01630453,0.001216496,0.002948405,0.002957124,0.000982661,0.036774117,-0.013201464,-0.003922069,-0.001014567,-0.004973643,0.001957728,0.001958587,-0.001010466,-0.002043315,-0.002018132,-0.001021563,0.000987512,-0.001014567,-0.001334704,-0.001457174,-0.002054783,-0.00093815,-0.003228696,0.001765226,-0.005757068,-1.9,-0.001968295,-0.005969309,0.000334652,0.000363817,18.4316
0.006888024,0.008760068,0.00271441,0.015187637,0.018909847,0.015044671,0.016764717,0.016950829,0.013145793,0.018356997,0.011182627,0.027660343,0.013283444,0.026976123,0.011639406,0.018943615,0.014058861,0.013192504,1.3718,60,0.015488591,0.000596805,0.004007392,-0.3,0.2,0.036760896,-0.089921103,-0.054531429,-0.086067313,-0.035811511,-0.063964962,0.012294853,0.00780483,-0.000886623,0.009225606,0.007971415,0.010257483,0.004441162,0.013758432,0.007768889,0.005960131,0.006229794,0.004651604,0.00162206,40.1,0.2,40.6,7.444248649,4.96284463,5.416100402,6.860663671,5.96100534,7.368339686,5.159055299,5.241747015,6.710523109,5.993961427,0.004511465,0.044653921,0.088046169,0.011457824,0.008053595,-0.020662252,-0.0008077,-1.96772E-05,0.001446899,-0.001921044,-0.01206207,-0.007109017,-0.007143718,0.001295313,-0.002029266,-0.00024094,0.029128273,0.029049918,-0.111426686,0.030875552,-0.11,-0.3,-0.34,-0.36,-0.37,-0.2,-0.2,-0.14,-0.09,-0.21,-0.45,-0.3,0.71,1.98,2.2,2.92,4.1,-0.002161437,-0.000416137,-0.008689732,-0.002665602,-0.000973078,-8.66754E-06,-0.000990555,0.002941408,-0.016068335,-0.033255515,-0.003865667,-8.98207E-06,-0.002972751,-0.00501645,-0.001997723,-0.001001467,0.003939426,0.001993987,-0.001009447,-0.002001971,-8.98207E-06,-0.000797742,0.001312251,-0.001816915,-0.000749452,0.003205695,0.002634254,0.005724114,-1,0.000728168,-0.013574282,-0.007136268,0.009100256,17.7212
0.009630637,0.01162432,0.007959003,0.01089786,0.015388688,0.008193324,0.002971271,0.001434126,-0.005431024,0.013391114,-0.012662938,0.013392295,0.013543615,0.020256903,0.011040759,0.010988419,-0.064646396,-0.026002592,0.7768,298,0.042387912,-0.003318114,0.000225429,-0.4,0,-0.076356129,-0.013793322,-0.054932498,-0.030174703,-0.069549004,-0.016154245,0.002965559,0.007345282,0.012670252,0.009620084,0.006469897,0.008547061,0.003244362,0.001538038,0.003280947,0.003932095,0.003915679,0.0018546,-0.003496944,40.1,0,40.6,7.44716836,5.056245805,5.313205979,6.877296071,5.953243334,7.44775128,5.141663557,5.308267697,6.830874235,6.033086222,0.00707641,0.048817919,0.060889545,0.023198244,0.003581579,-0.010331126,0.004048473,0.00327272,0.003704153,0.004815694,0.025296127,0.039697437,0.005622669,-0.00045228,0.004428975,0.000156478,0.002985968,0.002118645,0.00540667,0.004153631,0.03,-0.25,-0.36,-0.32,-0.35,-0.15,-0.11,-0.12,-0.09,-0.49,-0.84,-0.65,0.33,1.8,2.06,2.77,3.98,-0.017382487,-0.023442412,-0.039820366,-0.001135036,-0.000486894,-0.002939738,-0.000984733,-0.00592984,-0.011674221,0.00263232,-0.008692434,0.000983627,-3.93677E-06,0.000980734,0.000962556,0.000986645,-0.00302476,0.000977606,-8.893E-06,0.001978209,-8.92847E-06,-0.00178701,-0.001047797,0.000592711,-0.003167955,-1.8224E-05,-0.002645093,-0.001168298,-0.6,0.001816498,0.003776825,0.004893,0.001548772,18.0928
0.008055948,0.006468171,0.002242415,0.010209959,0.012934445,0.003606061,0.002194176,0.00220179,0.000437221,4.733E-05,0.000622539,0.008780756,0.005050981,0.007454271,-0.002871377,0.003959836,-0.014104548,0.017631846,0.2325,9,0.015200537,0.002694578,0.00673936,-0.3,-0.5,-0.042123806,-0.034204078,-0.031465773,-0.002190581,-0.049515065,-0.02441294,0.003849745,0.006719148,0.000766074,0.009291312,0.006428307,0.008568387,0.003087103,0.002909988,0.003375531,0.005017529,0.004601235,0.003514292,0.000687865,40.1,0,40.6,7.487173694,5.062595033,5.393627546,6.886531643,6.059123196,7.419380583,5.062595033,5.257495372,6.8134446,6.011267174,0.003256213,-0.00037013,-0.109607736,0.015378291,0.007619704,0,-0.005069505,-0.001525337,0.003211969,-0.004392144,-0.005680663,-0.023928503,0.001523185,-0.000236003,0.000254354,0.000392373,-0.015019808,-0.01653812,0.081598207,-0.016436374,-0.14,0.11,0.12,0.1,0.13,0.13,0.15,0.16,0.15,-0.24,-0.58,-0.41,0.6,2.07,2.35,3.07,4.27,0.013831854,0.027043191,0.009166249,-0.013654155,0.003807677,-0.001958864,-0.004914978,-9.66848E-07,-0.007790657,0.003836083,0.009667492,-0.001004378,0.004963768,-1.56538E-05,-2.38888E-05,-0.001985108,0.001918318,0.000963,0.000978814,-0.001002365,-8.87535E-06,-0.000281891,0.002168736,-0.001377481,-0.000346612,-0.001076831,-0.002631195,-2.06614E-05,1.8,-0.002399221,-0.000119895,0.00036734,-0.005088755,16.5206
0.008937398,0.009320801,0.010929578,0.018351561,0.006268756,0.005148544,0.005975369,0.007127837,0.001609091,0.023337184,-0.006914743,0.009618087,0.004317214,0.01059897,-0.010680735,0.002706393,0.027139079,-0.064558786,0.1252,139,0.021452805,0.000881744,0.0025957,-0.2,-0.5,0.031758035,-0.047637274,-0.045133492,-0.037234383,-0.050152421,-0.062282046,0.00386751,0.004615291,0.003276543,0.007324309,0.004110768,0.005702815,0.001613258,0.003622016,0.004360739,0.004971013,0.004699443,0.003685961,0.000687393,40,0.1,40.5,7.431299675,5.017279837,5.308267697,6.862757913,5.937536205,7.394493107,5.187385806,5.192956851,6.712956201,6.098074282,0.005791523,0.005701235,-4.87558E-05,0.00642078,0.00688468,-0.020662252,0.001139382,-0.000885176,0.002342537,-0.003409391,0.019314215,0.025132761,0.001008652,-0.001146416,0.000705452,0.000477602,-0.004854378,-0.003772573,0.03904432,-0.008500339,0.13,0.43,0.24,0.24,0.17,0.13,0.14,0.16,0.14,0.06,-0.47,-0.3,0.64,2.07,2.36,3.1,4.28,0.012657603,0.012911085,-0.002417932,-0.029413885,0.008213929,0.004895724,0.007866283,-9.6495E-07,0.02042112,-0.001390414,-0.001937985,-8.80526E-06,-0.000997471,-0.003948672,0.000943929,-9.78358E-07,-0.002969306,-0.002983488,-0.001984097,-0.000993507,-0.000996477,-0.000858244,-0.002979165,0.001492476,-0.001581343,0.00104531,0.004379439,-0.001147235,3.1,0.002103197,-0.010882636,-0.003926161,-0.002845434,14.2712
0.003574531,0.004133186,0.006326587,0.006442016,0.022436083,0.019721565,0.019132351,0.020665299,0.020222126,0.022977029,0.019165178,0.02152213,0.020329838,0.025167003,0.014614688,0.018068538,0.060677043,0.020583943,1.3047,93,0.024150493,-0.001051056,0.00198839,-0.3,1.2,-0.043176428,0.004353856,-0.037694799,-0.082194743,-0.010241494,-0.049468268,0.004824239,0.006077186,0.003048451,0.013328854,0.004491068,0.005763169,0.00248811,0.004412353,0.008040979,0.006056539,0.00703079,0.002939018,0.00012493,40.2,0,40.6,7.54802897,5.187385806,5.620400866,6.805722553,6.289715571,7.504391559,5.164785974,5.505331536,6.791221463,6.224558429,0.016339622,0.021665221,0.137108605,0.01371461,0.004445541,-0.010331125,0.002457601,0.001610413,0,0.007768207,0.01156344,0.010051346,-0.006484199,0.001053997,-0.000226588,0.000632486,0.012092046,0.012342523,-0.033805914,0.0004138,0.09,-0.33,-0.1,-0.16,-0.21,-0.17,-0.16,-0.37,-0.1,-0.36,-0.66,-0.55,0.34,1.81,2.11,2.64,4.09,0.008147657,0.017898276,-0.002829185,-0.018442136,0.00120226,0.003882456,0.003887035,0.000978949,-0.001090001,0.035584794,-0.006799443,0.003916669,0.001968474,0.004914015,-3.3672E-05,0.005904553,-0.00486619,0.001952066,0.002941628,0.004900492,0.003933107,0.003775453,-0.002051153,0.007795725,0.00314773,0.001032065,0.003466039,0.001111525,5.9,0.002305913,0.003458782,-0.007228399,-0.004557498,16.2294
0.005771569,0.007415153,-0.013297516,-0.00053847,-0.001180919,0.004389819,0.003577863,0.001868214,-0.002365515,0.003301871,-0.004593926,0.00802249,0.005223651,0.020746436,0.006061722,0.010570833,-0.045441553,0.085102139,0.7188,168,0.029224784,0.003611718,0.006018615,-0.2,-1.4,0.005424968,-0.018736845,-0.084277229,-0.048090244,-0.106450434,-0.034048925,0.00517687,0.008852688,0.000434735,0.024097552,0.005543314,0.007203578,0.002919284,0.003964539,0.004514212,0.00591403,0.003791965,0.003661666,0.000936476,40.7,0,41.1,7.723120092,5.572154032,5.726847748,7.079184395,6.22059017,7.594381243,5.433722004,5.676753802,6.858565035,6.242223265,-0.000415183,0.01290379,-0.005456109,0.015434849,0.013152683,0.020662251,-0.002511074,0.002411505,0.004431005,-0.006849748,-0.130266083,-0.126159536,0.014993784,0.001505347,0.009267947,0.00118661,-0.056239718,-0.057064301,0.266608391,-0.069558096,0.03,0.12,0.19,0.17,0.14,0.17,0.17,-0.12,-0.06,-0.27,-0.5,-0.41,0.45,1.95,2.25,2.49,4,-0.013957591,-0.014855101,-0.000871637,0.023936846,-0.000320461,-0.002943341,-0.003932903,0.001949288,-0.01824952,-6.38707E-05,0.01649884,-0.001994426,-0.006908714,-0.00295515,0.003783514,-0.001998411,-0.000971345,-2.39825E-05,-2.40295E-05,-0.001019204,-0.001011778,0.00236815,0.000962511,-0.002704664,0.005270761,-0.005260401,-0.013063595,-0.00337774,-2.7,0.004850725,0.000218931,0.001606967,6.74641E-05,22.0363
0.006080465,0.006529333,0.008308598,0.000855322,-0.007057367,0.004857098,0.005157589,0.00553209,0.003909285,0.002893822,0.004358428,0.009868711,0.004559509,0.004935605,0.005285679,0.004577254,0.019265608,-0.028810017,0.2351,4,0.002715953,0.000869843,0.001376383,0,0.1,0.002401682,0.006417992,-0.037470324,-0.04961159,-0.02988601,0.019123275,0.002947752,0.002718155,0.002712822,-0.003862324,0.004390169,0.005689133,0.002329307,0.00302365,0.00366897,0.003493657,0.003515388,0.003648308,0.000311964,40.2,0.1,40.7,7.416378479,5.081404365,5.411646052,6.732210706,6.084499413,7.452982329,5.236441963,5.272999559,6.722629795,6.23636959,0.019195891,0.044396362,0.012867786,0.027870188,0.011288147,0,0.002806023,-0.001464114,0.004931959,0.005050573,0.09664037,0.079112016,-0.001768833,0.001374258,-0.016531456,-0.000376389,0.000635526,0.00450705,0.016171884,-0.012305068,0.32,0.51,0.43,0.48,0.55,0.48,0.48,0.49,0.4,-0.08,-0.39,-0.25,0.68,2.11,2.41,2.66,4.08,-0.018107832,-0.025724891,-0.03631071,0.009663912,0.017238382,-1.49652E-05,0.000950665,0.000956116,0.025816503,0.005019799,0.012258526,-0.001965497,0.003947696,0.004867101,-0.007666501,-0.002943552,0.006785315,-0.000994152,-0.001967431,-0.00391004,-0.001971309,-0.003416635,0.001365806,-0.00467914,-0.003911972,0.004188488,0.010452231,0.003352575,3.6,-0.000369516,0.008825642,0.006171988,0.007934897,18.9248
0.006454754,0.007007712,0.006821889,0.005524663,0.018389793,0.006414406,0.005856781,0.007067034,0.003224613,-0.001659508,0.005208709,0.009335852,0.006986761,0.006003642,0.003637793,0.005473422,0.013935554,-0.021440287,0.2924,169,0.018481282,0.003409935,0.00354292,-0.1,-0.2,0.008063356,-0.016935889,-0.008015377,-0.006378154,-0.009029407,0.065613348,0.003877775,0.004127795,-0.000541976,0.006805834,0.003699763,0.004655629,0.002178808,0.003795125,0.003963867,0.004007937,0.004025676,0.00200091,0.002803304,40.4,0,40.8,7.523481313,5.247024072,5.455321115,6.859614904,6.161207322,7.482118924,5.267858159,5.442417711,6.770789424,6.171700597,0.006874973,-0.077933196,-0.034689033,0.005237776,0.01295088,0.010331126,-0.000614454,-0.000289189,0.003683071,-0.002374632,0.027151424,0.030852705,-0.001375081,-0.0008866,0.005351215,0.000149136,0.001269841,0.003927074,0.021704789,-0.017229078,0.38,0.35,0.17,0.18,0.31,0.35,0.31,0.24,0.32,-0.11,-0.6,-0.45,0.61,2.08,2.34,2.52,4.02,0.010541512,0.019492357,-0.000294806,-0.024126035,0.007766877,-0.002898081,-0.005803656,-0.002926325,-0.022880515,-0.024888164,-0.015369664,0.000960023,-0.001975309,-0.002946232,0.003784269,0.00096849,0.002844093,0.000951569,0.001929469,0.000964753,0.000962796,0.000498031,0.004273737,-0.000736265,0.000258026,-0.002100804,-0.001752006,-0.002244625,-4.9,-0.001133029,5.5394E-05,0.001702332,-0.007199191,18.1372
0.002257458,0.002868156,0.005615427,0.007869574,0.006508073,0.00455153,0.002349371,-0.000335477,-0.00421547,-0.009072091,-0.002264524,0.003536098,0.006789131,0.006585808,-0.001704383,0.002102237,0.010874,0.007340843,0.0099,58,0.023511316,0.004860052,0.008180298,-0.3,-0.1,-0.059751267,-0.029717416,0.00905614,0.086630439,-0.042263888,-0.024675687,0.003278482,0.003597897,0.006592124,0.007433304,0.002458926,0.003817839,0.000290149,0.003172852,0.002668036,0.002691056,0.002033746,0.003446715,0.00174032,40.3,-0.1,40.7,7.480992163,5.204006687,5.493061443,6.794586581,6.12249281,7.46221494,5.351858133,5.351858133,6.744059186,6.152732695,0.008536698,0.02634994,0.10365096,0.010625638,0.011388817,0.010331126,-0.003579181,-0.00191512,0.003716515,-0.001095617,-0.041807401,-0.084054925,0.003320646,-0.001836664,0.008257361,0.001904164,-0.006365394,-0.005614838,0.056943367,-0.024338824,0.03,0.47,0.14,0.47,0.76,0.8,0.78,0.47,0.43,0.33,-0.49,-0.01,1.34,2.85,3.09,2.96,4.42,0.0234876,0.034403411,0.023165215,-0.02248885,0.011499738,-0.001925855,0.000965717,-3.75579E-06,-0.001934636,0.001453718,-0.026484699,-0.001945497,0.002961989,-1.49942E-05,-0.00191363,-0.001948365,-0.001024438,-0.000985339,-0.001952069,-0.000974151,-0.001951191,-0.002512111,-0.004920586,-0.002267666,-0.002082826,-4.34934E-06,-6.76995E-06,-0.001116689,2,-0.004813094,0.009624054,0.007425908,-0.004982365,16.0238
0.007490503,0.008342443,0.006737851,0.008855344,0.014201774,0.003504746,0.004716861,0.004137659,-0.000784196,0.002906115,-0.002195876,0.010967302,0.00228062,0.005962133,-0.004229288,0.004544387,-0.02909524,-0.00195885,0.1877,85,0.023856851,0.001477144,0.003776382,-0.2,-0.7,0.029249129,-0.048936802,-0.099062008,-0.141103999,-0.070430078,0.003187143,0.004019541,0.004606927,0.005585407,0.011380241,0.002842574,0.004706743,-0.000145064,0.003825176,0.004906982,0.00329089,0.00517367,0.003254387,0.001489296,40.3,0,40.6,7.519149958,5.393627546,5.634789603,6.825460036,6.045005314,7.503289631,5.267858159,5.398162702,6.795705775,6.224558429,0.00434542,-0.031121167,-0.060725549,-0.00101084,0.004071628,-0.010331126,0.00332763,-0.000663477,0.003047568,-0.000215342,0.044273935,0.087039297,-0.008811222,0.001081263,-0.003744682,0.000801969,-0.022603481,-0.019329766,0.134382502,-0.042019026,0.74,0.33,0.04,0.2,0.42,0.31,0.15,0.27,0.31,-0.08,-1.19,-0.55,1.02,2.42,2.5,2.49,3.99,0.007075942,0.006679582,0.013309296,-0.00896478,0.007389196,0.000962927,-0.000966651,-3.74128E-06,-0.004873466,-0.015079565,0.015100268,-3.73405E-06,-0.002961014,-0.001937956,0.00092346,-9.42596E-07,-0.004785972,-0.000974054,-0.000971313,-3.73405E-06,-3.75579E-06,0.000505625,0.000607542,0.002475582,-0.00048222,0.002070358,-0.001733851,0.003326553,-2.6,-0.001616735,0.003075364,0.002973386,0.002124882,20.6305
0.002256284,0.00294243,-0.004010019,-0.005354905,-0.015841233,0.003166269,0.002990395,0.003653598,0.000483405,0.010908994,-0.003602873,0.013648984,0.00334199,0.010207728,-0.002287462,0.004546027,-0.025146363,-0.027075124,0.174,64,-0.010992624,0.001360909,-0.001478491,0.3,-0.1,0.039385821,0.083926995,0.009904843,0.011516442,0.008844025,-0.002493421,0.00330743,0.003144389,0.001819252,0.005972808,0.002556977,0.004055338,0.000145064,0.003361395,0.004223173,0.005051465,0.00492458,0.002883924,0.002786466,40.2,0,40.6,7.457032089,5.272999559,5.459585514,6.784457063,6.035481433,7.380879036,5.231108617,5.370638028,6.65544035,6.054439346,-0.000613868,0.039975953,0.029361723,0.008061026,0.008204929,0.020662252,-0.005205185,-0.001193305,-9.3633E-05,-0.000550169,-0.028121084,-0.098391355,0.000276629,-0.001718218,-0.002854912,0.000877216,-0.013149433,-0.014455297,0.078638744,-0.034658126,0.17,0.21,0.25,0.01,-0.05,-0.21,-0.2,-0.11,0.1,-0.04,-1.11,-0.71,0.8,2.04,2.13,2.21,3.92,0.033088583,0.054670993,0.039876186,-0.042275483,0.015069925,0.001924928,0.002899018,-0.003864736,0.018303218,-0.023104016,-0.008756794,0.001919358,0.006892209,-0.003853566,-2.19592E-05,-9.40769E-07,-0.000953713,0.003812155,0.001917518,0.000958281,0.000961044,0.00180589,-0.001281931,0.00092632,0.002924391,-0.002083298,-7.47022E-07,-0.002227129,1.1,-0.003150465,-0.002186867,-0.002450535,-0.001901464,16.8056
0.006512277,0.006773588,0.003964798,-0.000251624,-0.005556641,0.000892885,0.002763543,0.002895345,-0.005149742,0.006229341,-0.009665592,0.009913329,-0.001013105,-0.001888237,-0.002695558,0.001674516,-0.012230284,0.001535015,-0.0675,-148,-0.016323771,-0.002547727,-0.002583122,0,-0.7,0.050305188,-0.023328252,-0.01297233,0.038376258,-0.048318577,0.077371909,0.002549705,0.001568495,0.003308964,0.002863123,0.001165146,0.002784141,-0.00145159,0.00287423,0.002889956,0.00305604,0.002719518,0.003234504,0.003210276,40.2,0,40.5,7.368970402,5.225746674,5.398162702,6.65415252,5.998936562,7.333023014,5.225746674,5.247024072,6.608000625,6.023447593,-0.001894008,-0.008874684,-0.054062706,0.001830191,0.011767069,0.020662251,-0.001110118,-0.000686571,0.000234066,-0.003545962,-0.00415197,0.005311047,-0.004108226,0.000165042,-0.000829465,0.000327921,0.084360613,0.084824947,-0.378435734,0.063932657,0.41,-0.01,0.35,0.09,-0.21,-0.59,-0.64,-0.57,-0.52,-0.46,-1.17,-1.03,0.18,1.04,1.08,1.23,2.99,-0.001438906,0.001450327,-0.003324349,-0.00516483,-0.015453434,-0.003849857,-0.004832321,-3.74128E-06,-0.013507046,0.05856169,0.000801445,-0.000972161,-3.46706E-05,0.002890638,-2.17548E-05,0.000966647,0.000940261,-0.001940265,-0.000971217,-8.32104E-06,0.000952707,-0.00051641,0.001821916,0.001357038,-0.002014955,0.002057579,-0.000863931,0.00219776,2.5,-0.003448802,-0.001355612,-0.001978201,0.002418071,23.754
0.007605107,0.00916972,0.007187063,-0.001233067,0.014089817,-0.001806199,0.00106956,0.00138111,-0.002744871,-0.013628109,0.001592121,0.004313706,-0.00476266,-0.010029841,0.001704145,-0.002144476,0.003698432,0.012213613,-0.3822,105,0.021273281,0.001538198,0.003104634,-0.2,-0.3,-0.070255232,0.057526416,-0.025672355,-0.001838236,-0.043162465,0.015034045,0.003256682,0.000381154,-0.004057667,0.006357579,-0.000832108,0.000896459,-0.00363822,0.004205297,0.003890761,0.003543274,0.00464868,0.003760413,0.001908926,40.2,-0.1,40.5,7.437206367,5.313205979,5.493061443,6.701960366,6.08221891,7.328437353,5.327876169,5.198497031,6.598509029,5.996452089,-0.01805545,-0.034741039,-0.015606741,-9.40582E-05,0.006393094,0.010331126,0.003689326,0.003158873,0.003364489,0.004288431,0.025487729,0.125132014,0.000240474,0.00140185,-0.006526481,-0.00037756,0.010287534,0.006400022,-0.031753535,-0.009992386,-0.34,-0.14,-0.1,-0.14,-0.24,-0.15,-0.2,-0.21,-0.28,-0.26,-0.93,-0.83,0.28,1.23,1.22,1.36,3.05,0.025409562,0.036549526,0.01310572,-0.044296014,0.008403411,0.001924928,0.001931431,0.000966647,0.0019015,-0.015088945,-0.001165204,-8.2574E-06,-0.00392154,0.001922149,-0.000946195,-3.74128E-06,0.000932282,-2.25042E-05,0.000945502,-8.27324E-06,-0.000972161,-0.001710611,0.000686629,-0.001567866,-0.002341866,-0.001043137,0,-0.001115255,1.8,0.007099335,-0.011644245,-0.00823085,0.003528591,17.6627
-0.002952331,-0.004241917,-0.003305491,0.004186637,0.004831712,-0.001630697,0.005780028,0.006897242,0.007650849,-0.00838411,0.013873489,0.005436452,-0.009336878,0.006086462,-0.007202329,0.003856751,0.008053114,0.010644919,0.0853,25,0.00214522,0.001421826,0.001401993,0.1,-0.3,0.029047685,-0.067095867,-0.004739345,0.010979067,-0.016678635,0.05856949,0.002995174,0.000381009,-0.01021679,0.00305477,0.000277446,0.000447928,0,0.003854427,0.00457874,0.002726598,0.005927731,0.004458322,0.001168189,40.1,-0.1,40.5,7.371489295,5.351858133,5.420534999,6.618738984,6.001414878,7.306531399,5.257495372,5.236441963,6.56526497,5.991464547,-0.030149695,0.006325106,0.031227071,-0.005704266,0.005221619,0.010331126,-0.002770027,0.000182461,0.002655549,-0.005673863,-0.008555631,0.001761563,0.002783196,-0.003271501,0.005029173,0.001378764,-0.007857399,-0.014458083,0.065388584,-0.025243675,-1.31,-0.92,-0.63,-0.6,-0.68,-0.47,-0.36,-0.03,-0.41,0.13,-0.25,-0.12,0.91,2.07,2.17,2.64,3.95,0.009010898,0.00779421,0.005272951,-0.029647957,0.003417509,-0.001928641,-9.38946E-07,0.001938924,-0.007874531,-0.0208868,-0.009375467,0.000943718,0.000967553,0.003815791,0.001827929,0.000959201,-0.004706774,-0.000962584,-1.45403E-05,0.000944609,-8.2574E-06,0.001002434,-0.003088347,0.001898153,0.001509484,-0.002058668,-0.000863931,-1.08207E-05,-4.6,0.008590936,0.007722625,0.002837957,-0.005293406,18.4005
0.00521963,0.005512732,0.014312154,0.008838334,0.018906094,0.003932005,0.004135325,0.00464377,0.003594698,0.0157846,-0.001087168,0.009587813,0.003709613,0.005540841,-0.000861325,0.003320238,0.016871475,0.016160989,0.0344,-53,0.004777503,0.001323465,0.003156753,-0.2,0.3,-0.009097642,-0.01516457,-0.035458993,-0.078527326,-0.003510007,-0.029654215,0.003642839,0.00055009,-0.00552817,0.005865119,-0.000443951,0,-0.001167031,0.004655553,0.006055923,0.002184172,0.009709366,0.003729691,0.002270985,40.1,0.1,40.4,7.431891917,5.541263545,5.501258211,6.6147256,6.09356977,7.404279118,5.424950017,5.393627546,6.621405652,6.098074282,-0.027529751,0.046439058,-0.007928642,0.00467181,0.004608374,-0.010331126,0.005860678,0.003471576,0.008016911,0.007352681,0.006803701,0.010912594,0.000265296,0.004960084,-0.002076003,0.00026174,0.009060769,0.006451635,-0.010599776,-0.004036197,-0.56,-1.09,-1.13,-1.06,-1.08,-0.73,-0.59,-0.34,-0.46,-0.4,-0.82,-0.62,0.39,1.9,2.14,2.86,4.05,-0.013075275,-0.021824873,-0.012741182,0.015943074,-0.001669323,0.00578221,0.003875033,-9.38946E-07,0.016659696,-0.004657469,0.042572343,-0.001912019,-0.002916871,-0.005748053,-3.04684E-05,-0.002891568,-8.8498E-07,-1.41598E-05,-0.00190837,-0.002864871,-0.000961045,-0.0009689,0.002878731,-0.003760856,-0.000448871,0.003068004,0.000863931,0.001077982,-0.6,0.004151083,-0.008600347,-0.000579373,0.002406241,17.5582
0.006703539,0.004738235,0.001530867,0.001195435,-0.004230336,0.001188686,0.004687955,0.006815046,0.005299588,0.011308958,0.002971669,0.007674054,-0.00251767,-0.002110648,-0.00452375,0.00340814,-0.015458938,-0.034006341,0.0369,173,0.01096594,0.003593431,0.00236575,0.1,-0.2,-0.006210282,0.090048639,-0.015292714,-0.00790518,-0.020604637,-0.054012623,0.001332737,0.001437268,-0.010160135,0.007552091,0.000388468,0.00107421,-0.000730087,0.001298576,0.000847901,0.002569559,-0.000278343,0.0035392,-0.001779524,40.2,0,40.5,7.385230923,5.451038454,5.438079309,6.697034248,5.826000107,7.39387829,5.468060141,5.365976015,6.6147256,6.061456919,-0.02334276,-0.030255142,-0.046216007,-0.003987579,0.002527122,0,0.000495847,0.000987257,0.009005758,-0.004111295,0.019093487,0.019607774,-0.004767756,-0.002603092,0.00300503,0.000273438,-0.010882816,-0.01620781,0.079612229,-0.022775023,-1.05,-0.59,-0.55,-0.53,-0.49,-0.26,-0.07,-0.16,-0.08,0.06,-0.32,-0.1,0.95,2.69,3.12,3.75,5.02,0.020606801,0.03586723,0.017630841,-0.043795396,0.00250294,-0.003853569,-0.00193892,-0.001937046,-0.008851991,-0.076347174,-0.033450428,-3.60748E-06,0.000970403,-0.002862141,-0.000940467,0,-8.86648E-07,-1.40538E-05,-0.000950115,-9.05305E-07,-3.63505E-06,0.001421534,-0.003043722,0.001559897,0.002395587,-1.66939E-05,0.006031901,-0.001102956,-2.8,0.002488301,-0.007064628,0.001414755,0.000274233,18.4975
-0.001136547,-0.00105678,0.00891661,-0.002500997,0.007520334,-0.001662419,-0.005450063,-0.005667068,-0.006548271,-0.012487431,-0.004259764,-0.004807858,0.002331615,-0.00022191,-0.000758268,-0.003323621,-0.012508963,-0.027151449,-0.5003,-113,-0.017423705,0.001255964,0.000743442,0,-0.9,0.084164453,-0.016425868,-0.049957025,-0.039458837,-0.057623029,-0.039272582,0.002763925,-4.22431E-05,-0.002308581,0.00343348,-0.000777087,-0.000536961,-0.001169249,0.003679337,0.002240981,0.002419621,0.002016235,0.004054655,0.003311058,39.9,0,40.3,7.444833274,5.384495063,5.463831805,6.633318433,6.208590026,7.414572881,5.65248918,5.241747015,6.583409222,6.137727054,-0.014992511,0.044314258,0.035904211,0.011588339,0.001691449,0.010331126,0.00228141,0.000311335,0.009287992,0.002049193,-0.028483353,-0.027163298,-0.005902207,-0.002949476,-0.0016342,0.000767456,0.042255617,0.042650387,-0.164145128,0.029698573,-0.03,-0.41,-0.3,-0.28,-0.31,-0.14,-0.12,-0.05,-0.14,-0.32,-0.59,-0.35,0.67,2.58,3.03,3.73,4.91,0.020444051,0.037864732,0.024770512,-0.051022652,0.002949966,0,-0.001933301,-9.38946E-07,-0.009984556,0.108110522,-0.000203687,-3.59382E-06,-9.40769E-07,0.005721558,-0.000927766,0.001923078,0.000942063,-0.000944615,0.001889463,0.00189663,0.001893913,0.002174945,0.002064663,0.0021385,0.002200396,0.0009961,-0.000890502,0.002149241,3.1,0.002226708,0.011135033,-0.006606815,-0.000198102,19.2737
0.000674871,0.000710418,0.003728402,0.003399589,0.010665352,0.003540437,0.003845147,0.002796747,0.006187826,-0.008528342,0.011747363,-0.006350433,0.003208089,-0.008549449,-0.001274723,-0.003343922,0.090021424,0.017183318,-0.5001,25,0.00915753,0.001315325,0.002377184,-0.1,0,-0.054931152,-0.033684019,0.044946577,0.075507553,0.021813576,0.0550959,0.00128584,-0.002156768,-0.002534576,-0.001286174,-0.00239055,-0.002599383,-0.002049481,0.002404227,0.001491202,0.00016383,0.001804209,0.003687773,0.000795472,39.9,0,40.1,7.397561536,5.416100402,5.056245805,6.658011046,6.154858094,7.415776975,5.605802066,5.252273428,6.533788838,6.23636959,0.006783281,-0.034163718,0.12234589,0.002429414,0.004216149,0,0.002037446,-0.001949205,0.003618931,0.000498377,-0.030190286,-0.076600417,0.006226501,0.003445775,0.003948695,0.001075776,0.052778205,0.053352759,-0.202931294,0.039814706,0.15,0.51,0.51,0.39,0.27,0.2,0.13,0.05,-0.03,0.04,-0.23,-0.11,0.79,2.63,3.01,3.63,4.73,0.032305533,0.053275158,0.02446355,-0.030630266,0.02292257,0.000961076,0.000966651,-0.001944576,0.009885834,0.053328856,0.020559551,0.003766453,0.007713661,0.000932933,0.00179351,0.003824065,0.006575881,0.001847486,0.002812851,0.000936647,0.001872418,-0.000329289,0.004699727,0.001617635,-0.002531803,-0.001033168,-0.000877001,-0.003253169,-2.3,-0.003811282,-0.001369633,0.00346282,0.012457353,16.7049
0.00412061,0.004545109,-0.000985578,0.008715318,0.005072118,0.001553759,0.005003218,0.004312346,-0.000556804,0.010632768,-0.004764777,0.011611337,-0.002120261,0.008648818,0.002925968,0.008049131,-0.063899353,-0.002879839,0.3987,116,0.01280728,0.003926957,0.004064742,0,0.2,0.013734121,-0.003677226,0.002090739,0,0.003713335,-0.028349578,0.003579191,0.001691976,-0.000441452,0.014480662,-0.001503969,-0.001526924,-0.001466491,0.004190122,0.004756959,0.003168927,0.00770918,0.004372547,0.002809677,40.1,0,40.4,7.495541944,5.480638923,5.613128106,6.722629795,6.120297419,7.454141078,5.583496309,5.459585514,6.635946556,6.139884552,0.005400385,-0.010472874,-0.053786069,-0.004038545,0.000122386,-0.010331126,-0.006470733,-0.004133904,0.000406311,0.001110822,0.025754986,0.015950633,0.004354634,-0.000158712,0.00148484,0.000940184,-0.008326443,-0.008447255,0.059357006,-0.01767265,0.08,0.36,0.25,0.51,0.57,0.39,0.35,0.43,0.46,0.32,-0.06,0.32,1.28,2.94,3.28,3.98,5.11,0.002619025,-0.000427975,-0.009866239,0.02903197,0.02139783,-0.000961076,-0.000967586,0.001940802,-0.013257048,-0.026786512,-0.007213864,-0.000967751,-0.004848027,0.001860821,-2.93244E-05,-0.001933982,-0.002837559,-2.14734E-05,-0.000965883,0.000926025,-0.001908153,-0.000760894,-0.00416256,-0.000167082,-0.000179472,-0.00202631,-0.008528798,0.001068903,0,-0.008153334,0.027033927,0.013844787,-0.004498992,16.2834
-0.00200003,-0.002123088,0.002691615,-0.001025651,0.01284151,-0.002690454,-0.004555714,-0.006850271,-0.00584508,-0.01428722,-0.002696216,-0.010647725,-0.000711754,-0.008247991,-0.001100141,-0.004321292,-0.006805462,0.013808375,-0.5677,-119,-0.017670009,2.60124E-05,-0.000495501,0.1,0.3,-0.005699645,0.021061937,-0.000417798,-0.029128273,0.021269595,0.044805646,0.002021849,-0.00071874,0.005174798,0.007162449,-0.00295883,-0.003151027,-0.002645115,0.002906324,0.002665878,0.000612182,0.003142551,0.003658222,0.002132522,40.2,-0.2,40.5,7.50714108,5.609471795,5.468060141,6.710523109,6.194405391,7.416979621,5.556828062,5.429345629,6.591673732,6.104793232,-0.026130339,-0.007564302,-0.089420167,-0.00344149,0.000749287,0,0.001375474,-0.001246252,0.002029084,-0.003555926,0.025329413,0.041663125,-0.01210385,-0.001963469,-0.003023933,0.001641802,0.006666691,0.003486928,-0.013603244,-0.000860629,-0.31,-0.53,-0.57,-0.67,-0.72,-0.51,-0.43,-0.33,-0.18,0.1,-0.32,-0.04,0.87,2.74,3.16,3.96,5.24,-0.038345607,-0.077287852,-0.023835594,0.095205152,-0.01323752,0.004791576,0.006759108,0.002918762,0.009010529,-0.014964327,0.031425755,-0.002821733,-0.003835096,-0.001914273,-2.90094E-05,-0.000962802,-0.000943723,-0.001859512,-0.001884034,-0.001894743,-0.000949998,-0.002454946,9.64355E-05,-0.002592885,-0.002984174,0.000999464,0.005972341,-1.03613E-05,0.9,-0.002301513,0.005786908,0.005417894,-0.009897822,14.0315
0.002020183,0.002554059,0.011451046,0.011518471,0.006250212,0.001436638,0.002232911,0.001853219,0.00153492,0.000744863,0.001818941,0.002431664,0.000579838,-0.001905361,0.004381798,0.001915548,-0.001889334,0.013547564,-0.0691,96,0.017234593,-0.000841411,-3.74063E-05,-0.1,-1.1,0.001142531,0.024154807,-0.04312301,0.040546094,-0.109562203,-0.013906672,0.002819628,-0.000507657,-0.005837342,0.004816259,-0.001734703,-0.001624402,-0.001914722,0.003889151,0.003543485,0.001365856,0.004823367,0.004164504,0.002674448,40.1,0.1,40.4,7.426549072,5.472270674,5.537334267,6.608000625,6.102558595,7.443663683,5.560681631,5.493061443,6.632001777,6.102558595,-0.024997843,0.030658453,0.015469729,0.000284482,-0.000198736,-0.020662251,0.001521788,0.002037743,0.004045859,0.005886721,-0.045269066,-0.054636328,0.005984177,0.001107813,-0.000308173,0.000994196,0.023530497,0.018231596,-0.08456244,0.019882058,-0.3,-0.54,-0.47,-0.58,-0.68,-0.67,-0.58,-0.51,-0.36,-0.14,-0.49,-0.32,0.49,2.37,2.88,3.75,5.18,0.001922447,0.007754655,-0.000460706,0.008527807,0.007149662,-0.001927612,-0.002908291,0.000965684,-8.66265E-05,-0.061780619,-0.026413408,-3.49376E-06,-0.000957396,-0.007505583,-2.86994E-05,-0.004749694,-0.006522469,0.003655391,-7.81708E-06,-0.002815581,-0.000942033,0.000942948,-0.004500068,-0.002339472,0.003793931,-0.002011057,-0.001707942,-0.001076962,-2.8,0.003676738,0.006942573,0.004729049,0.013437867,15.6305
0.003419037,0.004110738,-0.005328956,-0.016678288,-0.005590915,0.000670553,0.00317138,0.004885945,0.004241056,-0.001972394,0.006506855,0.003735423,-0.002018887,0.004000406,-0.002182724,0.001772829,0.004566374,-0.004226166,-0.0692,-10,-0.010958765,-0.002337109,-0.004001186,0.2,0.2,0.009941852,-0.01537582,0.007822726,-0.02684725,0.036570053,-0.000891549,0.001499189,-0.001694054,-0.006649698,0.000417711,-0.002018277,-0.002441562,-0.001327728,0.002521215,0.002502393,0.001221573,0.002853968,0.003629768,0.001455781,40.1,0,40.5,7.424165281,5.598421959,5.468060141,6.598509029,6.075346031,7.44775128,5.572154032,5.493061443,6.622736324,6.126869184,-0.024242767,0.031379152,0.066210024,0.011660139,0.003007383,0.030993377,0.004235771,0.00370257,0.006840614,0.000927217,0.048241719,0.053849922,-0.000492973,-0.001611422,-0.002996138,0.000395032,0.021402636,0.017905148,-0.074216464,0.021681195,-0.44,-0.48,-0.53,-0.56,-0.66,-0.74,-0.69,-0.78,-0.75,-0.18,-0.58,-0.44,0.27,2.07,2.63,3.41,4.87,-0.011626238,-0.016541412,-0.011544979,0.025702257,-0.005832621,-0.005727928,-0.00672939,-0.008742131,0.003067974,0.024370651,-0.019006885,0.000927185,0.007639998,0.002812941,0.000854608,0.002849455,-1.3949E-05,-0.002769457,-7.77355E-06,0.00187266,0.000928907,0.000333515,0.002476092,0.003598357,-0.001733232,0.000999496,-0.000853607,-4.55598E-06,4.7,0.008039343,-0.020847188,-0.016061258,0.00169052,15.8821
0.001359493,-0.000377689,0.007293063,0.001917707,0.001747231,-0.006513418,-0.006349617,-0.006171658,-0.004306295,0.000433213,-0.006044104,-0.00830673,-0.006696032,-0.011918013,-0.001888922,-0.005902061,-0.016406896,0.003648474,-0.6504,-27,-0.006362512,0.003083139,0.002831535,0,0,0.004793468,0.014593041,0.008191466,0.031566466,-0.010989122,-0.036726375,0.00194764,-0.001824315,-0.010507586,0.002085942,-0.002416071,-0.003537258,-0.000590667,0.003149353,0.000734808,-0.000183141,0.000875854,0.003788536,0.007367628,40.1,0.1,40.4,7.428927195,5.379897354,5.398162702,6.666956792,6.131226489,7.436617265,5.480638923,5.497168225,6.6147256,6.146329258,0.007536198,-0.026772682,-0.042283393,0.002622391,-0.000335402,-0.010331126,-0.00083167,-0.002640394,0.005111009,-0.002833434,-0.02361704,-0.025822513,0.006759548,0.000573608,0.001200296,0.000845655,0.018878379,0.020883531,-0.059312529,0.023010553,0.35,0.21,0.13,0.11,0.06,0.1,0.15,0.03,0.03,-0.32,-0.8,-0.68,-0.02,1.82,2.43,3.09,4.55,-0.035967852,-0.066757068,-0.031447371,0.075105734,-0.011028713,0.00381953,0.003846159,0.002902661,0.003126507,0.024358796,0.002839925,-0.000935862,-0.00573158,0.000938527,-0.00091575,-0.000950119,0.000926238,0.000893758,-7.73039E-06,-3.5003E-06,-0.000937617,-0.000270444,-0.000552995,-0.002300296,0.000794141,0.000993506,0.003412243,0.001057598,-2.5,-0.006459834,0.002314145,0.007239658,-0.014416575,15.5221
-0.000144176,0.001698478,0.010019285,0.018011117,0.014240975,0.004080966,0.006164855,0.005526333,0.005187704,0.011667792,0.002803532,0.003571448,0.001813076,0.010640825,-6.47999E-05,0.005794096,0.000580098,-0.007405618,0.277,19,0.021895431,-0.000251506,0.002692824,-0.3,-0.2,-0.033174332,-0.015387954,-0.030959525,-0.024786779,-0.036163041,0.066849134,0.001974516,-0.000127402,-0.007897153,0.004988578,-0.001125746,-0.001727823,-0.000147721,0.002641582,0.001810221,0.00231731,0.003368706,0.004630035,-6.01703E-05,40.2,0,40.6,7.463363046,5.433722004,5.529429088,6.630683386,6.222576268,7.499976541,5.568344504,5.545177444,6.65929392,6.234410726,0.006660173,0.02457597,0.033707325,0.004861273,3.04957E-05,-0.020662251,0.000370063,-0.001029904,0.004114231,0.001334664,-0.005382666,-0.007200994,-0.004152714,0.001514355,-0.002119044,0.000666811,-0.022059718,-0.016576273,0.107774789,-0.016804618,0.02,0.16,0.06,0.12,0.19,0.11,0.02,0.08,0.07,-0.18,-0.76,-0.58,0.15,1.91,2.43,3.15,4.6,-0.015089548,-0.046710035,-0.01535977,0.002459492,0.003616107,-0.002867613,-0.001928641,0.00292826,-0.018143824,0.008638372,-0.002220649,-3.44849E-06,-9.03584E-07,-0.00469793,0.000845231,-0.000950119,0.00375499,-0.000923484,-0.001852707,-0.001869159,-0.000932398,0.000856083,0.002095129,-0.001166409,0.001496317,-0.001998997,-0.000856509,-0.002128787,-1.6,0.000814303,0.005592292,0.001795874,-0.00101189,14.8626
0.004470343,0.004515221,0.013633057,0.002679284,0.027795084,0.004267962,0.003179556,0.002833671,0.004986442,-0.001326592,0.00729691,-0.002065186,0.005457623,-0.003185062,0.012642917,0.001148587,0.044306233,-0.052483395,-0.066,83,0.006733844,0.005311523,0.005233956,0,0,0.01586648,0.021633095,-0.007111141,-0.026407402,0.008961363,0.010087427,0.002072624,-0.000764753,-0.009674007,0.00599485,-0.002142415,-0.003190668,-0.000443295,0.002970173,0.00180695,0.000791533,0.001151411,0.004949238,0.001142617,40.2,0,40.6,7.424165281,5.497168225,5.455321115,6.579251212,6.169610732,7.557994959,5.484796933,5.472270674,6.65415252,6.49375384,-0.003527805,0.000841051,0.053177387,0.008022202,0.000442083,0,-0.000141829,-0.000889744,0.003173626,0.00083373,0.031248645,0.026729669,0.00344001,0.000943506,0.00581248,0.001032489,-0.022557347,-0.020261185,0.112686838,-0.017085091,0.02,0.11,-0.04,-0.05,0.02,0,0.04,0.02,-0.02,-0.09,-0.82,-0.65,0.15,1.89,2.45,3.15,4.56,0.008710661,0.017141673,-0.003938498,-0.014481933,0.009384921,-0.004809054,-0.004851046,-0.000977995,0.009388712,0.003589438,0.011289891,-3.43572E-06,0.000947415,0.003759403,-0.00090499,0.002849455,-8.8166E-07,-0.000913552,0.001842466,0.001865672,0.000927211,-0.001617836,-0.001509312,0.0017402,-0.003179309,0.000993538,0.001693461,-1.12455E-06,-0.3,-0.003282,0.061900756,0.033393706,0.007582248,16.7649
0.004673153,0.005140262,-0.015663124,-0.009262684,-0.029430959,-0.00413109,-0.002129281,-0.001140788,-0.001651587,-0.005101636,-0.000401765,-0.002143981,-0.006335547,-0.00314151,-0.011553448,-0.002936274,-0.011442976,0.05155621,-0.3649,-71,-0.011778719,0.00206852,0.001763309,0,0,-0.020237753,-0.009775249,0.023364519,0.082707447,-0.027962348,-0.006754708,0.001915651,4.25016E-05,-0.006540096,0.003292184,-0.000564557,-0.000365297,-0.00088718,0.002506351,0.001413979,0.00152042,0.001192344,0.004755444,0.000961192,40.2,0,40.7,7.514254653,5.755742214,5.537334267,6.688354714,6.133398043,7.463363046,5.602118821,5.488937726,6.618738984,6.17586727,0.006278659,-0.012816436,-0.009449992,0.001525369,0.005304972,0.020662251,-0.004407109,-0.00034958,0.001055641,-0.004158234,-0.013442685,-0.006571651,-0.011584777,-5.7683E-05,-0.004986733,0.000367168,0.011342277,0.012109618,-0.037287679,0.017051279,0.07,-0.03,0.06,0.06,-0.06,-0.12,-0.13,-0.05,-0.12,-0.19,-0.83,-0.66,0.02,1.7,2.25,3.03,4.37,-0.053901288,-0.07403882,-0.096913604,0.041144476,-0.002630619,0.017262645,0.016450942,0.00195599,0.036657097,0.024147501,-0.009438815,0.001841596,-3.59382E-06,0.002820876,-2.71271E-05,-3.60064E-06,0.000935888,0.001788028,0.000910221,0.000926326,0.001846697,-2.15021E-05,0.002554313,0.001697708,-0.001557349,-0.000996508,-0.005941199,0.001056519,-3.7,-0.000544665,-0.056711491,-0.033055662,-0.001436179,16.1499
0.001404742,0.001492867,0.002627617,0.007291906,0.004813414,0.003359027,0.005033689,0.006222894,0.005387489,0.023832947,-0.001394285,0.008728755,0.001505691,0.007817021,0.005746864,0.006425144,-0.011904643,-0.018367703,0.3789,80,0.020781618,-8.6103E-05,0.001482484,-0.1,0.4,0.011325807,-0.03559664,-0.039098716,-0.185977868,0.078566029,-0.0309103,0.002125334,-0.00038258,-0.00925183,0.002257106,-0.000621381,-0.000913826,-0.00014794,0.002913934,0.001557936,0.000769464,0.002388862,0.005575752,0.001200192,40.2,0,40.7,7.437206367,5.476463552,5.370638028,6.674561392,6.11368218,7.43366654,5.609471795,5.342334252,6.593044534,6.173786104,0.007880303,-0.039052741,-0.114637712,-0.010762032,0.003511006,-0.020662251,-0.000218149,-0.000748279,-0.000659645,-0.002031642,-0.001821669,-0.016853216,0.010255372,-0.000842456,-0.000928544,0.000509959,0.058917219,0.054801817,-0.231394036,0.066886691,0.06,-0.03,0.08,-0.03,-0.13,-0.41,-0.46,-0.47,-0.37,-0.28,-0.81,-0.75,-0.17,1.23,1.73,2.5,3.94,-0.018510255,-0.017954806,-0.050669673,0.012652645,0.007144971,-0.004838107,-0.002956602,0.00097513,-0.007885497,-0.000945425,-0.013035284,0.000904261,0.000940261,0.001862973,0.000831891,0.002827939,-0.002811183,0.00087235,0.001813018,0.001844079,0.00182626,0.001245249,-0.001302925,0.001848942,0.001614639,0.000990586,0.00084493,0.001049827,2.5,-0.001853806,-0.038384103,-0.022280339,0.00907643,16.1135
0.005936443,0.006707296,0.011011855,-0.005357027,0.01242284,0.010486837,0.00714029,0.006372558,0.010309384,0.002167351,0.013314469,-0.001227094,0.01422186,0.002329584,0.005844291,0.004162658,0.059688282,0.01022239,0.2207,-112,-0.014430818,0.001883961,0.00193319,0,-0.6,-0.02042078,0.035203635,0.000453001,0.097306188,-0.073574338,-0.020934432,0.001694993,-8.50376E-05,-0.00652759,0.001638337,-0.000226053,-0.000914662,0.000887312,0.002253139,0.001458364,6.0722E-05,0.002223346,0.004035654,0.001198753,40.3,0.3,40.9,7.571473649,5.648974238,5.616771098,6.796823718,6.190315406,7.492203043,5.509388337,5.631211782,6.728628613,6.068425588,0.004026249,0.051324486,0.164296412,0.009268913,0.003167471,0.010331125,0.005124673,0.001791695,0.001187048,0.010326113,0.017113751,0.040534164,-0.004172374,-0.000211441,-0.001214698,-0.000300351,0.048428435,0.048486259,-0.178971344,0.057950144,0.22,-0.02,-0.14,-0.16,-0.21,-0.55,-0.52,-0.39,-0.41,-0.52,-1.17,-1.13,-0.6,0.46,0.99,1.89,3.31,-0.007223163,-0.012468283,-0.006319612,0.00353639,0.013708728,-0.000975296,-4.4786E-05,0.001941719,-0.018952303,-0.165949932,0.029898101,-2.10422E-05,-0.00189125,-2.18362E-05,-0.00088971,-2.22082E-05,0.000936768,-0.001804848,-0.002756005,-2.13941E-05,-0.001860239,0.000455496,-0.001390178,-9.43752E-05,0.001095411,0.00492948,0.010175308,0.003136312,3,0.000985198,-0.002000157,0.006280421,0.013035364,18.3427
-0.000789869,-0.003103079,0.001012338,0.014918798,0.009642834,0.004648625,0.007779043,0.006889631,0.011063474,0.023982197,0.006269319,0.000851733,0.001145539,0.011304299,0.010364307,0.011043956,-0.019288195,0.001567306,0.7766,-8,0.022267269,0.002815018,0.006181417,-0.3,-0.3,-0.017841686,-0.052452523,-0.055401646,-0.000997506,-0.103057959,-0.049212057,0.00126683,0.000510117,-0.003984069,0.004287909,-0.000395715,-0.000640762,0,0.00150371,0.000582751,-0.001113823,0.00068958,0.003016088,0.001257146,40.4,-0.2,40.7,7.586803535,5.774551546,5.655991811,6.800170068,6.144185634,7.52131798,5.624017506,5.66296048,6.666956792,6.206575927,0.007153803,0.023475368,-0.105087898,0.008693694,0.000903152,-0.020662251,-0.009759667,-0.001750008,0.000351448,-0.016718672,-0.039103756,-0.039118432,-0.000693471,0.000622629,6.67093E-05,0.000425293,0.004332137,0.000434122,0.002738656,0.015456032,-0.13,-0.04,-0.03,0.02,0.06,-0.05,-0.07,-0.11,-0.14,-0.43,-1.07,-0.98,-0.41,0.54,1.05,1.91,3.3,-0.010057441,-0.018320977,-0.014391875,-0.014151015,0.008207004,-0.009456282,-0.013339735,-0.008765774,-0.011614015,-0.047454984,0.008510337,-0.000930355,-0.000942952,-2.16335E-05,0.002519356,-0.00189116,0,0.00175727,0.001805786,-0.00185606,-0.003669729,0.001226839,0.00158723,-0.002279744,0.002879642,-0.009870732,-0.015248573,-0.008398979,1.7,-0.001703266,0.033368432,0.007241522,0.005571452,18.1213
0.004851491,0.005155258,-0.002469372,-0.005704611,-0.009361896,-0.006666598,-0.009380256,-0.009864892,-0.008376301,-0.006419503,-0.0091148,-0.010504969,-0.00360157,-0.000502997,-0.000555385,-0.005425557,-0.03235054,-0.027658297,-0.5039,-13,-0.041400006,0.001712593,-0.003744823,0.5,0.4,0.05345118,0.062231595,0.099695866,0.115785033,0.084631977,0.007470323,0.001083133,-0.001914283,-0.020521448,-0.000815328,-0.00130131,-0.002016499,-0.000147831,0.002019129,-0.000242771,-0.000385064,5.88445E-05,0.005505979,0.002628908,40,-0.1,40.7,7.521859252,5.823045895,5.634789603,6.616065185,6.180016654,7.477038472,5.533389489,5.66296048,6.625392368,6.156978986,-0.017511134,-0.020192609,0.041183718,0.006286381,0.001022587,0.030993377,0.00351845,0.000302435,0.006130422,0.005972798,-0.027739941,-0.04178163,-0.002133677,0.000145961,-0.000263904,0.000257357,0.052397392,0.048707489,-0.176448387,0.068936883,-0.28,-0.08,-0.01,-0.05,-0.12,-0.34,-0.49,-0.38,-0.33,-0.23,-0.8,-0.75,-0.25,0.48,0.84,1.81,3.25,-0.037930686,-0.055377642,-0.078216376,0.00371396,-0.00192082,-0.008630836,-0.010688331,-0.006917026,-0.026364265,-0.22486317,-0.010699797,-0.005467806,-0.00661941,-0.013942772,-0.000899571,-0.01126503,-0.003755873,-0.001788708,-0.007260363,-0.005517245,-0.002751033,-0.00459056,-0.002393214,-0.011298178,-0.001980279,0.003943804,0.009319557,0.005239446,0.3,0.00127712,-0.013738722,-0.004588513,-0.032572775,20.6242
0.009402866,0.00938283,0.003396449,0.000975377,-0.006961526,-0.006856356,-0.003047634,-0.003301811,-0.003610271,-0.000720452,-0.004699045,-0.000463149,-0.011172631,-0.004637504,-0.003969053,-0.003159857,0.009826649,-0.023747755,-0.3147,-28,-0.002183648,0.002887632,0.003285526,0,-0.6,0.006802747,0.006595562,-0.020574155,-0.033441887,-0.008489015,0.031173431,0.00095057,-0.002430031,-0.032274615,0.002037075,-0.002210447,-0.002940368,-0.001035426,0.002001817,0.002279728,-0.001988476,0.005357133,0.004316792,-0.000238706,40,0.1,40.7,7.53689713,5.65248918,5.755742214,6.661854741,6.200509174,7.484368643,5.579729826,5.605802066,6.575075841,6.265301213,-0.029197253,-0.010361993,-0.041142419,0.008877303,0.003226318,0.030993378,0.0070918,0.003699299,0.013485299,0.009216908,0.043668508,0.049113124,0.008208445,0.000593637,-0.004069507,-0.000586978,0.057133092,0.057824216,-0.184760143,0.074756739,-0.38,-0.43,-0.5,-0.54,-0.58,-0.88,-0.92,-0.67,-0.61,-0.28,-0.92,-0.91,-0.45,-0.02,0.3,1.52,3.02,-0.021255943,-0.020519106,-0.033879614,0.026027495,-0.002424071,0.000792355,-0.000306638,-0.001141115,0.014327443,0.194042274,0.006317977,-0.00366298,0.002817124,-0.022989112,0.000790423,-0.005797299,0.003755873,0.001741966,-0.003657064,-0.005563201,-0.002773843,-0.002200099,0.001982384,-0.008533206,-0.000238029,-9.72578E-07,-0.008495479,-0.001053144,-0.8,0.005873468,0.003137329,-1.61745E-05,-0.006741193,23.564
0.003383974,0.003307272,0.006151669,0.01993579,0.006356985,0.000424378,0.002526568,0.000408181,0.005982937,-0.001427462,0.008748658,-0.008277135,-0.001984072,0.000201504,0.00274408,0.003650374,-0.02248287,0.019707013,0.2232,24,0.004023552,0.000818638,0.001056068,-0.1,0.1,0.016251408,0.030466941,-0.044773474,-0.09641373,0.000852152,0.011865319,0.001888346,-4.26849E-05,-0.036170536,0.007299302,-0.00045403,-0.000368155,-0.000592154,0.002486741,0.002032816,0.002231691,0.00258862,0.004957868,0.000596659,40,-0.1,40.5,7.566828479,5.736572297,5.855071922,6.634633358,6.240275845,7.527255919,5.700443573,5.749392986,6.590301048,6.248042875,-0.012313515,-0.018596962,-0.048224536,-0.006420783,0.000778758,-0.020662252,-0.001418944,0.00169728,0.013390861,-0.005023909,0.019604561,0.014877656,-0.004616777,-0.000331867,0.006372156,0.001021986,0.024241034,0.02922161,-0.071478418,0.038276124,-0.49,-0.6,-0.5,-0.49,-0.59,-0.41,-0.48,-0.21,-0.31,-0.39,-0.93,-0.91,-0.55,0.06,0.31,1.8,3.2,-0.009396736,-0.007021986,-0.020363319,0.02097248,-0.009323074,0.007690943,0.010710014,0.002868624,-0.004178792,0.219952659,-0.01370481,0.001811376,0.003802286,0.006874692,-0.001716285,0.002702327,-0.000941177,-0.000899873,0.001797294,0.001801074,0.00089738,0.000143533,0.00033659,0.005655952,-0.002570805,-9.70662E-07,0.012746836,-0.00417973,1.1,0.00486334,0.008019113,0.00430691,0.018920977,23.0154
0.001206271,0.000796099,0.005989229,-0.009636666,0.014417452,0.002112135,0.00377159,0.002560493,0.005643118,0.002585256,0.006772441,-0.000988947,0.000193348,-0.004528759,0.003987535,0.001786908,0.017085766,0.036271564,0.0777,-73,-0.013201288,0.001805454,0.001256645,0.1,0,-0.00334076,0.001499251,0.031864325,0.074107972,-0.005123837,0.000647878,0.001280429,-0.003335047,-0.037927915,-0.005266368,-0.001306484,-0.002119523,0,0.002704576,0.002896873,0.001033006,0.003729173,0.004112863,0.001490091,40.1,0.1,40.7,7.525100746,5.613128106,5.529429088,6.683360946,6.270988432,7.493873887,5.65248918,5.690359454,6.548219103,6.249975242,0.023010936,-0.010331118,0.006049102,-0.003693673,-0.003118677,0,0.005245648,0.000796957,0.00774689,0.00230541,-0.041835818,-0.039929888,-0.003868105,-0.0003604,0.000293185,0.000843178,0.002098637,0.009428695,0.004090243,0.009286102,-0.14,0.02,0.09,0.11,0.21,0.47,0.41,0.3,0.1,-0.23,-0.7,-0.66,-0.2,0.67,0.86,2.24,3.44,-0.023889668,-0.025458051,-0.047128589,0.01496915,-0.008829121,0.00975136,0.013909644,0.008036155,0.040380811,0.166124302,0.004209417,0.006429187,-0.000952835,0.029369387,0.00079162,0.013483932,0.001882353,-0.002628868,0.006415723,0.008388164,0.006481064,0.003891003,0.002589958,0.014088173,-0.000522104,0.001963668,-0.002572204,0.005223027,-1.4,0.001921532,0.013985812,0.009416259,-0.004612275,18.8928
0.000470363,0.000414384,-0.002228726,0.006394568,0.001057251,-0.003341556,-0.001882431,-0.003095441,0.000745015,0.011641213,-0.003321384,-0.009501957,-0.005045321,-0.009015721,0.006231454,-0.00352825,0.020701598,-0.030731307,-0.3425,264,0.026983742,0.004719633,0.00445431,0,0.5,-0.027422213,0.01302344,0.038669141,-0.022814678,0.091567194,-0.040983925,-0.000947562,-0.003690041,-0.022921322,-0.00142262,-0.003587397,-0.005735977,-0.000148093,-0.000105407,-0.000626944,-0.006275215,0.001328485,0.004422974,-0.000655367,40.1,-0.1,40.7,7.52131798,5.655991811,5.683579767,6.643789733,6.212606096,7.489970899,5.648974238,5.666426688,6.584791392,6.200509174,0.010721651,0.008063087,0.012712852,-0.004548481,0.000285283,-0.010331126,-0.003911154,-0.002716082,0.004124064,4.10159E-05,0.037737202,0.040042657,0.00588673,-0.000628943,-0.002461348,0.000363769,0.028112641,0.030316555,-0.082964938,0.030721464,0.07,0.09,0.06,0.08,0.08,0.12,0.09,0.04,0.05,-0.21,-0.71,-0.65,-0.19,0.72,0.88,2.21,3.42,0.006652774,-0.007145981,0.003051651,-0.008317978,0.01026911,-0.001961642,-0.004976582,0.001010607,-0.013933367,-0.320940087,0.011571868,0.00090692,0.000952835,0.004884007,-0.001684259,0.000960121,0.00187705,0.004335366,0.002737619,0.002785921,0.002765377,0.001879707,0.000411689,0.00127815,0.00247904,-0.003930241,-0.001698446,-0.004176459,4.5,-0.004275987,0.000688592,0.001775948,0.001837148,18.598
0.004977744,0.003573146,0.006547042,0.005891524,0.003407472,0.005537256,0.004547894,0.00541689,0.005504717,0.012197424,0.002975256,0.00637492,0.006697327,0.009118574,-0.002543007,0.004722544,0.029045603,-0.007457513,0.2926,-182,-0.009930621,0.000381012,0.002133227,-0.2,0,-0.012401024,-0.059793175,-0.02222798,0.015267472,-0.053763448,-0.023209233,0.003201968,-0.001204353,-0.009042396,0.0026404,-0.001884261,-0.002136257,-0.00148214,0.004548749,0.005148574,0.007974314,0.004255854,0.005054221,0,40,0.1,40.6,7.485491608,5.605802066,5.783825182,6.568077911,6.159095388,7.484368643,5.710427017,5.693732139,6.552507887,6.173786104,-0.018381834,0.016804006,-0.018501955,-0.000777862,0.003207581,0,0.001472909,0.000473019,0.007322362,-0.00129757,-0.008422255,-0.009090668,-0.002929544,0.002833279,0.000789439,0.000333309,-0.021010042,-0.031067587,0.088149889,-0.014472779,-0.36,-0.38,-0.38,-0.41,-0.46,-0.58,-0.5,-0.25,-0.18,-0.23,-0.73,-0.7,-0.29,0.5,0.74,2.32,3.6,-0.027049424,-0.053623624,-0.05481096,-0.000928505,-0.006568761,-0.010703756,-0.011908808,-0.005090098,0.005791734,-0.014713319,-0.005298848,-0.002749348,0.005703438,-0.020636129,0.000792393,-0.003858214,-0.003756753,-0.004348942,-0.006398966,-0.004653336,-0.004618946,-0.003474401,-0.001495234,-0.005135256,-0.003174225,0.002944545,-0.002526317,0.003128803,-1.6,-0.00015034,-0.001224568,-0.000888869,0.012181372,19.639
0.002366637,0.004201929,0.004774068,0.001420258,0.01017812,-0.001317546,0.001270154,0.000463317,-7.06039E-05,0.004320186,-0.001743508,0.001336608,-0.004378447,0.00051079,0.011152291,0.003210679,-0.016841422,0.031128161,0.1614,42,0.016832285,0.000177756,0.001865121,-0.1,0.3,-0.002033407,-0.060673681,0.00308031,0.026169718,-0.017464061,0.118151292,0.001145383,-0.000430478,-0.026497158,0.002633446,-0.000457326,0,-0.001187296,0.001625164,0.002157395,-0.00178008,0.003892211,0.003895476,0.001250782,40.2,0,40.7,7.499423291,5.799092654,5.739792912,6.562444094,6.126869184,7.453561872,5.648974238,5.717027701,6.495265556,6.165417854,-0.002348161,-0.032166904,-0.011197642,-0.004966449,-0.000793443,0,-0.00212303,-0.000709781,0.006648132,0.001202942,-0.015398286,-0.01979867,0.000466672,0.000570701,-0.002620635,0.000197215,0.019786301,0.01491452,-0.048731017,0.023391945,-0.39,-0.41,-0.3,-0.31,-0.34,-0.26,-0.13,-0.16,0.02,-0.25,-0.64,-0.62,-0.24,0.63,1,2.55,4.01,-0.017190263,-0.048686988,-0.028320567,-0.014032036,0.005560986,0.011692162,0.014908179,0.006103783,0.00114871,0.416860351,-0.008343127,-8.34011E-07,0.002791186,0.001859107,-3.26536E-05,-9.29914E-07,0.0028147,0.00172115,0.001826485,0.000928074,0.000921235,0.001031782,-0.000119668,0.0020758,0.000795558,-3.84468E-06,0.004196397,-0.001044382,-2.8,0.00055417,-0.014805214,-0.008404958,-0.001130113,18.6381
0.001268217,0.001347465,0.021679905,0.023446348,0.057095443,0.001998537,0.001018113,0.000724832,0.000660551,0.009007765,-0.002543917,0.000580052,0.003155299,0.00847278,-0.005628793,0.001976193,-0.005356201,-0.016875202,0.0491,49,-0.005322857,0.002071488,0.000636075,0.1,-0.1,-0.009935792,0.096901149,0.018285229,-0.002771364,0.037056525,-0.029644717,0.003478334,-0.000387589,-0.021570724,-0.000809553,0.000514477,-0.001302568,0.003409684,0.004651171,0.002296102,-0.000141733,0.003557334,0.003880361,0.006526277,40.2,0,40.7,7.430707083,5.686975356,5.59471138,6.548219103,6.052089169,7.430114139,5.717027701,5.609471795,6.447305863,6.169610732,0.000924805,0.049519983,0.041118143,0.006268759,-0.004442917,-0.051655629,0.00028333,0.000468372,0.004380172,-0.002807021,0.031309078,0.032519104,0.001050199,-0.000613402,0.008212124,0.001181472,-0.027727826,-0.024729623,0.112131919,-0.02781354,-0.28,-0.24,-0.32,-0.2,-0.16,0.12,0.28,0.17,0.02,-0.21,-0.68,-0.54,-0.12,1.03,1.56,3,4.31,-0.000930011,-0.004765792,0.003588769,-0.011028902,-0.000864616,-0.001956918,-0.002993483,0.00508907,-0.004620276,-0.277248688,0.008332265,0.002730166,-0.003806383,0.014923011,0.000774493,0.004818355,-3.51343E-06,-1.18702E-05,0.004559971,0.001850992,0.00275524,0.001982841,-0.000896644,0.002675873,0.00246441,-0.002937817,-0.002522757,-0.002082249,-3,0.00068613,0.05368111,0.032657353,0.000173941,22.7052
0.000635959,0.000574585,-0.014981021,-0.014223671,-0.042753628,0.004731236,0.003517584,0.0030914,0.004692515,0.000296304,0.00637955,-0.001689733,0.006164857,0.001531032,0.0133872,0.00419005,0.000146552,-0.012907748,0.2053,-16,0.002346023,0.001021481,0.001706315,0,-0.2,0.003225336,-0.01640945,-0.05771686,-0.104230514,-0.018768401,-0.031463269,0.001859498,-0.000344649,-0.003181952,0.00303245,-0.001200858,-0.002610237,0.001035426,0.00252555,0.000859681,-0.000182258,0.001147475,0.002900421,0.003482987,40,0,40.6,7.427144133,5.638354669,5.572154032,6.52649486,6.118097198,7.423568444,5.609471795,5.575949103,6.450470422,6.224558429,-0.007080616,-0.02206166,0.038159187,-0.002633004,0.004712459,0.030993378,-0.001885575,-0.00069613,0.005509882,0.000674518,-0.010389427,-0.004995609,-0.005318349,-0.003205071,-0.001388128,0.001286133,-0.003783902,-0.001898615,0.020114857,-0.001061055,-0.04,0,-0.03,-0.09,-0.05,-0.09,-0.02,-0.03,0.04,-0.17,-0.67,-0.59,-0.13,0.98,1.58,3.01,4.39,0.000671287,-0.006308786,0.011188287,-0.02997255,0.000864616,0.003868444,0.003944743,-0.007121591,0.010349535,0.007832707,0.005125037,-0.00182646,-0.007498547,-0.005977102,-0.000843227,-0.003853569,-0.002808551,-1.17888E-05,-0.003650467,-0.002779066,-0.002759464,-0.001457059,-0.000325876,-0.004861848,-0.000249445,0.004889026,0.004993051,0.003122291,3.7,-0.001126017,-0.04764706,-0.029198166,-0.021158058,22.5239
0.002045143,0.002557001,-0.003323284,-0.003069122,-0.004651266,0.004623569,0.004501154,0.005630703,0.007120766,0.014625443,0.004224842,0.002544092,0.004758131,0.005336961,0.002283036,0.004642399,-0.00164813,0.017418024,0.2234,189,0.028618919,0.000995151,0.001830142,-0.1,-0.2,-0.021601668,0.011857091,0.006378154,0.062675905,-0.041199606,-0.053733871,0.001856047,-0.000172369,-0.007123676,0.00121041,-0.000286131,-0.000747035,0.000443426,0.002467309,0.001288137,0.000465705,0.001252523,0.003373226,0.002119268,40,0,40.7,7.392031568,5.602118821,5.602118821,6.413458957,6.154858094,7.404887576,5.579729826,5.686975356,6.408528791,6.167516491,0.009547387,0.001251972,-0.025539932,0.002071274,-0.000614062,0,0.004145482,-0.002161066,0.003315938,0.004468947,0.004477441,0.003074174,0.012406513,0.001508829,-0.014021128,-0.000807031,0.031919808,0.036204738,-0.102333066,0.03392426,0.19,0.08,0.17,0.15,0.08,-0.07,-0.18,-0.18,-0.17,-0.28,-0.69,-0.63,-0.24,0.72,1.21,2.64,4.03,0.014998181,0.025533813,0.03994685,-0.001824434,-0.0015857,-0.00678062,-0.006914578,0.002032521,-0.006909752,0.027720091,-0.01033067,-3.2938E-06,0.005620613,0.003975158,0.000765619,0.00192123,0.000935892,-0.000864587,0.000907027,0.002771364,0.000914492,-3.22452E-06,0.001727905,0.002618749,-0.00165173,-0.000987519,0.000780592,-4.32226E-06,-4.2,-0.004391065,-0.049820368,-0.031303727,0.005899864,18.6315
0.004094703,0.004230892,0.021848908,0.020719031,0.044180272,0.008331841,0.009124713,0.008481106,0.009146765,0.018072838,0.005666151,0.008503683,0.007373739,0.007103271,0.011084063,0.008329814,0.017858968,0.002255762,0.5,-246,-0.011655602,-0.000193892,0.002287493,-0.3,0,-0.013855643,-0.092765891,-0.018794961,-0.025391989,-0.012959145,-0.01372258,0.002041661,0.001421158,-0.008203972,0.006631191,0.000343348,-0.000373727,0.001476669,0.002228327,0.000953107,0.000829632,0.000956754,0.004480007,0.000940457,40.1,0.1,40.8,7.513709248,5.743003188,5.899897354,6.421622268,6.293419279,7.551186867,5.676753802,5.746203191,6.381816017,6.561030666,0.021369698,0.036025345,0.053675954,0.003134728,-0.007126671,-0.05165563,0.011995691,0.004676646,0.006233596,0.001126899,0.02153695,0.019687096,0.016821028,0.012504751,0.001855491,-0.000762248,0.014178889,0.014194961,-0.04076002,0.015546934,0.87,0.34,0.18,0.14,0.07,-0.09,-0.14,-0.19,-0.1,-0.81,-1.38,-1.36,-1.04,-0.24,0.2,1.58,3.06,-0.009354656,-0.012595302,-0.004906725,0.010827531,-0.004482367,0.002899018,0.001971415,0.002032521,-0.010308681,0.031950317,-0.003088011,0.001803403,-7.87569E-06,-8.85775E-06,-0.000832714,0.000953712,0,-6.55222E-06,0.000902093,-7.65924E-06,0.000909477,-0.000459763,-0.000185198,0.003044116,-0.002068137,-0.000978919,-0.005799836,-4.30434E-06,-2.3,0.005476114,0.007435377,0.008839987,0.005210857,19.7586
-0.001006816,-0.001109082,-0.025389464,-0.032078816,-0.066718678,-0.003035918,-0.004477287,-0.005392265,-0.010169573,-0.00697708,-0.011427162,0.002322159,-0.001329085,-0.001297791,-0.006391152,-0.002775953,-0.043422301,0.00656451,-0.3927,-53,-0.007339169,0.001970892,0.002029945,0,-0.1,0.027816957,0.000834028,0.003234006,0.016675227,-0.00873368,-0.03594903,0.001709793,-0.000215197,-0.005753501,0.002800002,-0.000744069,-0.001215578,0,0.002287931,0.000238135,0.002121534,-0.000981298,0.002869442,0.00140903,40.4,0,40.8,7.480992163,5.710427017,6.047372179,6.411818268,6.086774727,7.432483808,5.655991811,5.860786223,6.345636361,6.180016654,0.010613146,-0.048134996,-0.034877712,-0.0039446,0.008085042,0.061986755,-0.019432065,-0.004024075,0.000406075,-0.006574093,-0.047854563,-0.044376939,-0.011412131,0.000727022,-0.002730629,-0.000889071,0.061996072,0.067763348,-0.19265543,0.057318303,-0.48,-0.26,-0.1,-0.11,-0.09,-0.03,-0.03,-0.13,-0.25,-0.59,-1,-0.99,-0.65,0.21,0.65,1.93,3.29,-0.040941188,-0.06393399,-0.045594611,0.044901759,-0.014230181,0.002882278,0.004908219,0.003030781,0.035266421,0.093268705,0.002056551,0.001783913,0.004632548,0.011756036,-0.001608054,0.006648939,0.000935892,0.000842018,0.004495113,0.00456905,0.00453178,0.003330921,0.001389252,0.008139999,0.001660548,-0.002914981,-0.011573087,-0.001037878,1.3,-0.006787508,0.001981739,-0.012768727,-0.006150145,20.7666
0.003430521,0.003665066,0.018813943,0.035435301,0.048627335,0.012896804,0.0137972,0.014565393,0.013266282,0.017079196,0.011741278,0.021969432,0.011806726,0.021004033,0.010420132,0.014602759,0.023099874,-0.003224676,0.9716,256,0.034401016,0.002328055,0.002736152,0,-0.2,-0.019961932,0.006647303,-0.023805091,-0.023623146,-0.02396919,0.009073296,0.002301611,0.002751033,-0.001925213,0.006172245,0.001944858,0.002429681,0.001179767,0.002166764,0.002140666,0.002278158,0.002075944,0.003337309,-0.000528154,40.7,0.2,41.2,7.486613313,5.568344504,5.886104031,6.49375384,6.216606101,7.431891917,5.723585102,5.916202063,6.401917197,6.013715156,0.027154982,0.038933327,-0.017014342,-0.00243623,0.003093456,-0.061986755,-0.006876184,-0.004500385,-0.002276146,0.003450132,-0.049416858,-0.052748997,-0.020859199,-0.013446898,-0.001044747,-0.001456755,0.060157483,0.071982881,-0.176088067,0.057162095,-0.33,0.21,0.16,0.15,0.18,0.15,0.17,0.02,-0.07,-0.05,-0.51,-0.51,-0.14,0.69,1.15,2.28,3.55,-0.015319211,-0.013733734,-0.009231295,0.014901047,-0.019743831,-0.001936946,-0.001983853,0.002985031,-0.017215516,-0.199975655,-0.009342077,-0.00181632,-0.001894798,-0.005994127,-1.55736E-05,-0.003852789,-0.002808551,-1.15105E-05,-0.002731435,-0.002776939,-0.002753999,-0.00116242,-0.002895761,-0.00265572,-0.000129788,0.000971345,0.006595079,0.001031455,-0.2,-0.004445641,0.001360759,0.008634174,-0.001313178,23.4463
0.002621196,0.003181769,0.001193257,0.000959261,0.006762212,0.001438144,0.001332233,0.000810518,0.002197927,-0.004895671,0.005019727,-0.0016484,0.001551773,0.001562897,-0.001274613,0.000672058,0.009003647,0.018276285,-0.1469,190,0.024385834,0.001241653,0.001356298,0,0.2,0.018781294,-0.009151478,-0.022451385,-0.056338502,0.007162072,-0.045462374,0.002464384,0.000472073,0.001777252,0.000198472,0.000457065,-9.33402E-05,0.001325576,0.003061568,0.003178748,0.000885668,0.004626734,0.00380048,0.001642229,40.4,0,41,7.453561872,5.676753802,5.80814249,6.442540166,6.159095388,7.440733707,5.758901774,5.765191103,6.43775165,6.09356977,0.005672101,0.026941295,-0.031280834,0.003898318,0.005624345,0.010331126,0.003549024,0.000942913,-0.001302985,-0.013563827,0.045147628,0.044736105,0.005808526,0.004821055,6.00002E-05,-0.001210941,0.040465933,0.050554492,-0.110626101,0.035788162,0.03,0.11,0,0.01,0.07,0,0,-0.02,-0.04,0.03,-0.54,-0.53,-0.1,0.66,1.12,2.23,3.48,-0.009905625,-0.000779373,-0.012948613,0.041219821,-0.01100486,-0.001920304,-0.002934939,-0.007046831,-0.006707516,0.08327708,0.033054922,-1.28009E-05,-3.05246E-05,-0.005839322,0.000767327,-0.001908153,0.005614479,-0.000854248,-0.001802533,-0.000926048,-0.001817273,-0.000861146,0.001405803,-0.00640387,0.001121642,0.003879733,0.014114573,-4.26004E-06,0.6,0.000583586,0.015584539,0.007218591,0.001350654,21.8372
-0.000459277,-0.000275569,0.004718607,-0.002875093,0.008156993,0.006217792,0.003453384,0.001558678,-0.001479467,-0.006887936,0.000647703,0.008670343,0.009519643,0.009225799,0.011385548,0.005631321,0.016591148,0.014021666,0.2428,-38,0.020342353,0.000553213,0.003458754,-0.3,-0.1,-0.068444545,-0.067859254,0.010093813,0.064275051,-0.038186458,0.008961972,0.00333554,0.001500568,0.004134678,0.002774477,0.001027632,0.000186672,0.00235225,0.003884197,0.00382952,0.002351264,0.003941867,0.004887672,0.00263366,40.2,-0.4,40.8,7.386470849,5.552959585,5.669880923,6.495265556,6.001414878,7.378383713,5.659482216,5.697093487,6.403574198,6.021023349,0.018573292,0.010560146,0.061773615,0.010346408,0.003303291,0,0.009436572,0.002817134,0.000610986,0.014546392,0.039975643,0.032406724,-0.00032751,0.000144467,0.0094755,0.000295525,-0.011000455,0.002089241,0.052278267,-0.017114893,0.24,0.29,0.05,0.3,0.47,0.78,0.77,0.49,0.43,0.08,-0.73,-0.47,0.13,1.2,1.65,2.48,3.67,-0.024832414,-0.028469798,-0.058009316,0.024197731,-0.000151596,0.004767811,0.005824309,0.002994507,0.01853837,-0.013845264,-0.016583805,0.000874996,-3.019E-05,0.001911033,0.001534379,-1.41066E-05,0.001844788,0.002513552,0.002658322,-1.31276E-05,0.001784837,0.00107379,0.000901526,-8.58856E-06,0.00159861,-0.003879733,-0.01243554,-0.002061856,2,0.003213029,0.005841696,0.010641427,0.006515757,26.8814
0.006140661,0.005448636,0.000623448,-0.001670039,-0.000180895,0.006439251,0.007944165,0.007093031,0.007633348,0.006280267,0.008154978,0.008748179,0.004624009,0.004916096,0.007457555,0.007186393,-0.002128097,0.00526458,0.3659,129,0.014418649,0.005615363,0.005708491,0,0.1,0.047252885,-0.062751211,0.006197874,-0.019960743,0.03012551,-0.015736556,0.002224082,0.002054268,0.004411123,0.005329135,0.000969573,0.000839591,0.001174054,0.00227479,0.001273255,0.000702297,0.001569173,0.002827079,0.000175331,40.5,0.4,41,7.395107547,5.710427017,5.723585102,6.444131257,5.96870756,7.313220387,5.587248658,5.627621114,6.356107661,5.937536205,0.027990121,0.007267618,0.074992074,0.013948563,0.008247469,0.010331126,-0.011119255,-0.003194135,-0.000773978,0.002969017,-0.059136963,-0.05298026,0.001507322,-0.002162043,-0.005025624,-0.001069361,-0.000691563,0.002084885,0.022762754,-0.002792644,0.48,0.48,0.02,0.15,0.5,0.69,0.59,0.48,0.47,0.08,-1.19,-0.8,0.15,1.41,1.76,2.48,3.66,-0.006861325,-0.017125553,-0.017077276,0.02140838,0.01646468,-0.004774184,-0.005831857,0.000976651,-0.007902582,0.022278729,0.048129603,-0.00178803,-0.000936069,-0.003847078,-0.00158549,-0.000946402,-0.003731319,-0.001696181,-0.002679693,-0.000912718,-0.001804159,-0.00118029,-0.00149678,-0.000864757,-0.00123652,0.002899954,0.004951861,0.002057614,-1.7,-0.00585027,-0.004767411,-0.007722496,-0.002280885,25.4115
-0.000867122,0.000741433,0.00417311,0.00497822,0.013725437,0.004657948,0.002648696,0.002168997,0.001896694,-0.010030358,0.006507567,0.004050714,0.007060604,0.005471137,0.00480106,0.003309182,0.01538418,0.009794157,0.0579,-14,0.013165727,-0.00303774,-0.001673492,-0.1,0,-0.045672856,0.034171357,-0.008112667,0.019960743,-0.033839534,-0.026790734,0.001689356,0,0.000733299,0.001180405,-0.000285071,-0.000279785,-0.000293384,0.002193207,0.002635668,0.00106254,0.003018176,0.001880289,0.000701017,40.3,-0.1,40.9,7.374001859,5.556828062,5.680172609,6.400257445,6.086774727,7.327780538,5.605802066,5.590986981,6.37502482,5.978885765,0.004029994,0.013051678,-0.002539589,0.013515829,0.005047375,-0.010331126,-0.006043131,-0.001264165,-0.003797085,-0.017176505,0.026991966,0.032574976,0.001695481,0.004000448,0.003213676,0.000102254,0.041665637,0.039380909,-0.099514844,0.041257122,-0.12,-0.01,0.01,-0.06,-0.2,-0.24,-0.21,-0.01,0.01,0.19,-1.06,-0.74,0.07,1.29,1.67,2.59,3.79,0.015877801,0.025513301,0.028563998,-0.022942076,-0.001791179,0.00189663,0.002893423,0.000962075,-0.006521233,-0.009190356,-0.045627034,0.001756621,-0.004543397,0.005724289,0.00151808,0.001850905,0.000921206,-1.11856E-05,0.000875175,0.001786431,0.001772185,0.001246632,0.000868139,0.002665793,0.000704748,-0.001935168,0.000809825,-0.001030392,0.4,-0.003822791,0.010837193,0.011625972,-0.006546755,21.6245
0.003389122,0.003698943,0.004833436,0.008635182,0.00657307,0.006923976,0.007229573,0.007456195,0.006995469,-0.00190141,0.010371386,0.009312705,0.006551552,0.005939634,0.01504783,0.007872898,0.007900424,0.011143213,0.4361,10,0.012932812,0.002154076,0.003450733,-0.1,-0.7,0.015664481,-0.012503057,-0.082881744,-0.075933901,-0.08946682,-0.009353147,0.003399514,0.002775111,0.003073998,0.001179014,0.003188161,0.00037303,0.007600154,0.003585464,0.002534975,0.001741725,0.003089427,0.003125979,0.002100106,40.4,0.1,41,7.362010551,5.587248658,5.497168225,6.455198563,6.059123196,7.323830566,5.631211782,5.583496309,6.315358002,6.035481433,-0.001501093,0.020831515,0.054256143,0.014480361,0.002142905,-0.010331126,0.003223137,0.000971669,-0.001064135,0.006139726,-0.006567522,-0.009456994,-0.007314232,-0.003603296,0.000565767,-0.000182072,0.02845654,0.03595893,-0.064257438,0.0303908,-0.15,-0.27,0.02,-0.23,-0.12,-0.01,0.05,0.1,0.09,0.07,-0.89,-0.82,0.1,1.43,1.87,2.84,4.03,0.015637689,0.018391323,0.038970701,-0.012230679,-0.009381284,-0.000953713,-0.00193608,-0.001015886,0.004138007,0.032470207,0.035148103,-0.001775333,0,0.000900372,-0.001568093,-0.001871693,0.000913547,-0.000842021,-0.000891563,-0.001805788,-0.002678151,-0.001476732,-0.000608688,-0.002987512,-0.001036982,-0.001929571,-0.009044378,-0.001027221,2.2,0.000395322,0.000548418,0.001661771,0.002175403,17.8009
0.005155666,0.006416484,0.007641731,-0.004419214,0.01850342,0.008233739,0.008140643,0.009375513,0.005787961,0.009441714,0.004394265,0.016554644,0.008339584,0.01203435,-0.001352202,0.006327087,0.033771501,-0.009394013,0.3282,224,0.031485108,0.003463495,0.003748492,-0.1,0.2,-0.008114901,0.004185079,-0.022638503,-0.118716307,0.061163044,0.019695139,0.001671024,0.002172016,0.006265046,0.001961939,0.002100901,0.005207861,-0.002770287,0.001521839,0.00168642,0.002676736,0.000802974,0.001715133,0.000699056,40.3,0,40.9,7.380879036,5.575949103,5.669880923,6.448889394,6.03787092,7.320526962,5.556828062,5.529429088,6.393590754,5.996452089,0.025449399,-0.046540381,-0.104679905,0.008174871,0.000684179,0,0.002823079,0.001720517,-0.001065268,0.00546751,-0.010965138,-0.012398792,0.003149708,-0.001804813,0.001705652,-0.000408753,0.060377992,0.060234986,-0.147696509,0.057532919,0.15,0.06,0.35,0.39,0.35,0.31,0.31,0.25,0.19,-0.02,-0.69,-0.58,0.3,1.59,2.03,2.94,4.07,-0.003901217,-6.50851E-05,-0.019888556,-0.00585927,-0.000452523,-3.58023E-06,-3.69823E-06,-2.40767E-05,-0.002202797,-0.115801701,-0.017679359,0.001744364,0.006326275,-0.000994716,-2.11067E-05,0.001837303,-0.000931419,0.002478254,0.002621161,0.001773757,0.003533548,0.0016494,-0.000123272,0.003155341,0.001431666,0.005779431,0.008226405,0.006141268,0.7,0.002038306,0.001940106,0.000436939,0.002244551,20.849
0.000732429,0.001131808,-0.004717083,0.010960778,-0.013268228,0.002593748,0.001819207,0.001199226,-0.004636363,0.008027148,-0.009467226,0.01305469,0.003519945,0.004864142,0.004942222,0.005430063,-0.06614241,0.016703237,0.2743,-33,0.010813239,-0.002554832,-0.001309932,-0.1,-0.2,0.010288477,-0.059262441,-0.006410278,0.05147335,-0.055077833,-0.049904114,0.002223697,0.002549288,0.007380107,-0.001176701,0.003454039,0.003148734,0.003934431,0.002126691,0.00303774,0.002271596,0.002461111,0.001245524,-0.002156995,40.1,-0.1,40.8,7.43543802,5.572154032,5.736572297,6.559615237,6.03068526,7.322510434,5.513428746,5.648974238,6.357842267,6.003887067,0.023007075,0.018643532,0.001728949,0.002839245,0.00341389,-0.010331125,0.001064158,0.000739528,0.000532776,-0.005313515,0.033852587,0.02897281,0.011723227,-1.80997E-05,-0.003291638,-0.000179093,-0.033022596,-0.032746522,0.102434706,-0.037936537,0.49,0.66,0.36,0.49,0.64,0.62,0.66,0.51,0.51,0.15,-0.82,-0.58,0.45,1.72,2.2,2.96,4.09,-0.021209321,-0.022045443,-0.027826627,0.027743596,-0.007724385,0.000938496,0.000953712,-0.002943552,-0.014565005,0.014354261,0.013083564,-0.000890596,-0.000935426,-0.003777953,0.000737524,-0.001857784,-0.002758622,-0.000848014,-0.001769717,-0.001792839,-0.002665409,-0.000600107,0.000774722,-0.003004956,0.000150125,-0.001936946,-0.004114215,-0.001052199,-0.8,0.000197997,0.00344321,0.001417087,-0.000148772,22.8938
0.006331452,0.006938133,-0.000616051,-0.00115339,-0.003417836,0.014413345,0.015427584,0.01750796,0.018677128,0.032451189,0.013345561,0.021469645,0.013197979,0.02589779,0.00260106,0.015490606,0.032067771,0.006082854,1.122,62,-0.003551815,0.004141034,0.003298101,0.1,-0.2,0.0052591,0.062505437,-0.039349339,-0.045488892,-0.033936419,-0.031983046,0.004781722,0.003769514,0.008899154,0.008986191,0.002145681,0.002585651,0.001453277,0.005083164,0.004144456,0.002822334,0.005302426,0.002331185,0.007789831,40.5,0.2,41.1,7.323170718,5.575949103,5.513428746,6.416732283,5.96870756,7.277247727,5.497168225,5.631211782,6.317164687,5.913503006,0.002265473,0.02204056,0.048694813,0.007696585,0.012652742,0.010331125,0.007819721,0.001405778,0.002863925,0.010708482,-0.003416956,0.001594662,-0.009800585,0.000931148,0.003753164,-0.000395709,-0.128746588,-0.142275165,0.391204946,-0.133341475,0.07,0.52,-0.27,0.05,-0.08,0.14,0.1,0.34,0.31,0.6,-1.16,-0.6,0.3,1.79,2.23,3.23,4.33,-0.00399647,-0.005939488,0.000202365,0.010524503,-0.004342699,-0.004713871,-0.003832338,0.002910238,0.00310931,0.053948702,0.018858836,-0.000881349,0.000861963,-0.00187529,-0.001537599,-0.000924614,0.000917852,-0.000837644,-1.21617E-05,-0.000892433,0.000870604,-0.000187821,-0.00110706,0.000265668,-0.000182307,-0.001920304,0.003286097,-0.006104814,-4.3,0.001337404,-0.018988312,-0.014024438,-0.007269059,40.7977
0.004485045,0.005459407,0.001172158,-0.002774652,0.003778139,0.005295879,0.001713686,0.002436022,0.000499571,-0.00124543,0.001160923,0.007258697,0.009566187,0.01091457,0.01001453,0.005818177,-0.024592275,0.011448234,0.3532,63,0.027999657,0.000257209,0.001966604,-0.2,0,-0.02151962,-0.037224557,0.001670844,0.038623876,-0.031883678,0.022250609,0.002246887,0.002364566,-0.004009169,0.00194288,0.002591259,0.002210964,0.003189795,0.002211862,0.00190348,0.002121438,0.001893744,-0.000155243,0.00173571,40.4,0,41,7.412160335,5.572154032,5.80814249,6.459904454,6.042632834,7.284134806,5.598421959,5.587248658,6.295266001,5.934894196,-0.015704573,0.002122379,0.010267947,0.006259264,0.007177184,0.010331126,-0.015412911,-0.003994854,-0.002044823,-0.011685469,-0.018159309,-0.01333322,-0.004104721,-0.001218093,0.000378816,5.4615E-05,-0.134245423,-0.142815191,0.467016271,-0.140623579,-0.6,-0.72,-0.44,-0.5,-0.63,-0.73,-0.66,-0.51,-0.39,0.48,-1,-0.5,0.27,1.66,2.17,3.32,4.54,-0.041605455,-0.077563632,-0.056865735,0.066004053,0.005330503,0.001885015,-9.17485E-07,-0.000989237,-0.005248209,-0.064240018,-0.026312917,0.000860121,-3.88548E-05,0.001864799,0.000737901,0.000911965,0.001830661,-1.07852E-05,-1.20774E-05,0.001763647,-0.00088682,-0.001260843,-0.001336665,-0.000595776,-0.001539586,0.003815883,0.006519252,0.004059887,-6.2,-0.007097825,-0.015859339,-0.008902041,0.004837622,49.4365
0.010746603,0.011841492,0.007615279,0.008437754,0.012400851,0.004780266,0.004479963,0.004652142,0.001523466,-0.008526209,0.005358181,0.010322899,0.005135133,0.009037314,0.007567492,0.005815496,-8.41011E-05,0.008392487,0.3766,-220,-0.021358974,0.001566716,0.00253412,-0.1,0.2,0.001889764,-0.051217496,-0.016835414,-0.004603,-0.028479471,0.038374013,0.002840115,0.002569342,-0.001292083,0.005420067,0.001910972,0.002573294,0.000868181,0.002920698,0.00148313,0.003025661,0.000802565,0.00155135,0.002770884,40.5,0.1,41,7.244227516,5.455321115,5.59471138,6.357842267,5.768320996,7.204149292,5.537334267,5.446737372,6.171700597,5.940171253,0.006749229,0.009868444,0.082380293,0.006726956,0.009199046,0,-1.58645E-05,0.001201552,0.000941138,0.002653159,0.011452337,0.00384159,0.005663088,0.001664159,-0.009153105,-0.001912623,-0.016461277,-0.008605288,0.080091456,-0.02557851,0.08,0.44,0.08,0.17,0.21,0.1,0.13,0.1,0.06,0.84,-1,-0.41,0.4,1.68,2.22,3.34,4.52,-0.031109509,-0.038413806,-0.054296614,0.029634264,-0.007011689,-0.001888575,-0.000961073,-0.000977864,0.005228451,-0.045045613,0.019243844,-0.001740624,-0.008872355,-0.003732216,-0.000769135,-0.002748513,-0.004580015,-1.07147E-05,-0.00173911,-0.002654474,-0.00087987,-5.64115E-05,-0.002262453,-0.001112269,0.000939539,-0.004773279,-0.01714663,-0.00101985,3.7,0.002524558,0.002989649,0.005075843,0.003577678,41.764
-0.001416187,-0.004785407,0.008554607,-0.002285251,0.00337062,0.000450702,0.003236772,0.004983488,0.004194405,-0.004972356,0.007630871,0.002084624,-0.00285346,-0.001099026,-0.011195953,-0.001621732,0.056794686,0.001197857,-0.22,-116,-0.018405795,0.00198595,0.001957781,0,0,-0.029376314,0.083341184,-0.030453373,-0.025702349,-0.035051638,0.051512878,0.000906365,-0.004384493,-0.005329505,-0.01674168,-0.001067446,-0.002573294,0.00130086,0.00247528,0.000416734,-0.001244752,-0.000874112,0.002322522,0.001037105,40.3,0,41.1,7.147559271,5.572154032,5.323009979,6.079933195,5.902633333,7.126087273,5.541263545,5.398162702,6.045005314,5.846438775,-0.004503473,0.016484362,0.061213927,0.01302988,0.004063017,0.010331126,0.011957013,0.004745401,0.003959431,0.004068409,-0.007467101,-0.010039554,-0.001285413,-0.003693567,0.006365201,0.000199542,0.038661987,0.038119029,-0.120004854,0.023366217,0.06,-0.74,0.04,-0.11,-0.18,-0.27,-0.32,-0.23,-0.22,0.04,-1.02,-0.58,0.16,1.35,1.84,3.05,4.24,-0.000674861,0.012103248,-0.004348902,-0.015373474,-0.016969169,0.007543632,0.006710962,-8.35314E-06,-0.00529826,0.088220121,-0.044292767,0.001722633,0.007085142,-0.000935013,0.002966601,0.001828154,-3.36056E-06,-1.06449E-05,0.000859453,0.000879892,0.000868409,0.002014361,0.00024872,0.003056457,0.002013557,0.003802286,0.027644446,-4.08948E-06,4,0.008111525,0.007155742,0.004513599,-0.003127435,38.3365
0.004003624,0.004598784,0.000917816,0.011238839,0.006729829,0.00434688,0.004615749,0.003643226,0.004544926,0.000211004,0.006143277,0.006298831,0.00403195,-0.001170132,0.005679271,0.002465819,0.022413535,0.014647854,0.1403,70,0.012478689,0.001544657,0.001848907,0,0.2,-0.009441711,-0.019244903,0.013905207,0.005899722,0.021628618,-0.051512878,0.004356425,0.004258286,-0.001156069,0.013260725,0.001853256,0.002114263,0.001443418,0.004385426,0.005493885,0.004674611,0.007208409,0.0009275,0.001381136,40.4,-0.2,41.1,7.295056416,5.627621114,5.533389489,6.363028104,5.891644212,7.271008538,5.513428746,5.545177444,6.342121419,5.902633333,-0.017875627,0.010618216,-0.021911936,0.012280343,0.007784533,-0.010331126,-0.005984416,0.000642616,0.006294565,-0.006449121,-0.048658704,-0.032519051,-0.001302675,-0.00283861,0.001335871,-1.2883E-05,0.029888186,0.031123481,-0.086030746,0.013723008,-0.25,-0.29,-0.15,-0.32,-0.35,-0.47,-0.46,-0.48,-0.45,0,-0.92,-0.65,0.06,1.13,1.63,2.82,4.04,0.010591142,0.032871267,0.011533627,-0.023995982,-0.013549175,-0.006595349,-0.006705452,-8.30506E-06,0.017963284,-0.01857854,-0.043398994,-0.001731582,-0.01419158,0.001867414,-0.000784215,-0.001828154,0.003669726,0.000799469,-0.000866904,-0.000882221,-0.000876016,-0.002392369,0.001235288,-0.006077727,-0.001696509,-0.004751503,-0.029174265,-0.00101163,0.8,-0.001020829,0.002659789,-0.003992149,-0.003361563,33.674
0.002225368,0.000684112,0.00862912,0.015890482,0.017074872,0.002183162,0.00121326,0.001482859,-0.001218645,0.008196109,-0.004725336,0.010506834,0.003336379,0.003306019,0.003033596,0.002479251,-0.025791616,0.001581544,0.159,116,0.022254394,-0.002007693,-0.001664739,0,-0.7,-0.004918849,-0.010960319,0.003446299,0.052704063,-0.046091107,-0.042457318,0.002644972,0.002311265,-0.001446969,0.007526813,0.001177559,0.00146816,0.000720929,0.002743554,0.002758622,0.003418135,0.002687845,0.001698186,0.003329892,40.4,0,40.9,7.33432935,5.683579767,5.509388337,6.363028104,6.018593214,7.329749689,5.697093487,5.624017506,6.311734809,5.988961417,0.012774063,-0.007287365,-0.063101962,0.003743307,0.005802348,-0.010331126,0.003414888,-0.000997801,0.004483497,-0.00092598,0.041813493,0.007769189,0.003381901,0.002073291,-0.000207973,-6.3016E-05,0.029020746,0.03444574,-0.08110539,0.010518107,0,0.04,0.04,-0.02,0.07,0.12,0.16,-0.01,-0.05,0.04,-0.88,-0.67,0.13,1.25,1.79,2.81,3.99,-0.016674243,-0.003815837,-0.016018735,0.04166341,-0.015095226,0.003758518,0.004783319,0.000946397,-0.022181655,-0.009945591,0.051160106,0.000855775,0.021294897,0,-0.001506684,0.00273598,0.001824794,-0.000823168,0.002571042,0.002631962,0.000864654,0.00197076,0.003783904,0.004468362,0.000432685,0.003794169,0.008881111,0.001005526,3,-0.000318132,0.002459341,0.004253719,0.006433868,29.3569
0.002267596,0.004156785,-0.004091492,-0.005377408,-0.004526348,0.005624764,0.005167933,0.007142744,0.00744731,0.022598337,0.001739229,0.011407788,0.006168302,0.012823573,0.005448166,0.008611573,-0.021216793,0.003291536,0.6875,-28,0.025785665,0.002791498,0.005361052,-0.3,-0.4,0.021142437,-0.078207625,-0.109574274,-0.173875185,-0.045846388,0.021694229,0.002342045,0.002347813,-0.000869187,0.004986585,0.001679826,0.002747003,0,0.002340341,0.002613661,0.003347857,0.002476504,0.000925069,0.000286541,40.4,0.2,41,7.360739903,5.541263545,5.789960171,6.400257445,5.963579344,7.264730178,5.497168225,5.590986981,6.249975242,5.988961417,0.024515309,0.001138972,0.036097083,0.004141284,0.005562433,0,0.002839354,-0.00015238,0.000886239,0.016168331,0.03287688,0.035863822,0.004983284,0.003097476,0.001570769,-4.9434E-05,-0.011735891,-0.007494577,0.075305514,-0.031577481,0.29,0.24,0.21,0.3,0.3,0.36,0.35,0.28,0.33,-0.01,-0.96,-0.66,0.14,1.32,1.85,2.8,4.03,-0.01219539,-0.002889549,-0.017589333,0.024359903,-0.011189491,0.000927096,0.00189474,0.002833085,0.025342427,0.130576319,0.047630489,0.003412176,0.003349863,0.004662013,0.002177477,0.003619012,-0.001834838,0.000793759,0.000834521,0.002604371,0.003447465,0.001412546,-0.001860247,0.005471888,0.000447505,0.002820785,0.010512983,0.003003473,-3.4,0.000272982,-0.000454617,0.001360733,0.004244115,27.405
0.000740197,0.000959188,0.006449574,0.003134401,0.008870937,-0.001288605,-0.002380998,-0.001435167,-0.004514168,-0.000375627,-0.006098274,0.004754524,7.22384E-06,0.005387644,-0.010257244,-0.001842908,0.000404356,-0.019833517,-0.1807,97,-0.00529378,-0.001485627,-0.003127432,0.2,0.5,-0.003869724,0.053467096,0.0523484,0.061795719,0.043485112,0.004952482,0.002184146,0.000669792,-0.002466808,0.000191296,0.001006543,0.000913993,0.001152406,0.002630979,0.003017835,0.003141864,0.003198573,0.000154095,0.001660322,40.4,0,41,7.259116128,5.323009979,5.616771098,6.345636361,5.916202063,7.275172319,5.484796933,5.590986981,6.278521424,5.996452089,0.002505161,0.013827185,-0.065389584,0.004925339,0.005709596,0,-0.003559939,-0.001652214,0.002694173,-0.015810917,-0.055411613,-0.029479532,0.000601094,-0.000517782,-0.00205119,0.000131765,-0.025063969,-0.027690659,0.123851934,-0.049124155,0.22,0.33,0.35,0.35,0.39,0.39,0.37,0.23,0.14,0.1,-0.83,-0.53,0.31,1.49,2,2.81,3.95,0.003891517,0.020620764,-0.000885116,-0.004642856,0.001617731,-0.001877909,-0.002864847,-4.40251E-05,-0.009536425,-0.122094369,-0.023174259,-0.003434148,-0.014879924,-0.000947988,-4.33468E-05,-0.004546673,-3.3239E-06,-0.000817116,-0.002573937,-0.003506395,-0.003469895,-0.001960031,-0.000229504,-0.005577823,-0.000784331,-0.002844861,-0.008093248,-0.002019069,3.6,-0.000996671,-0.000931139,-0.000757471,-0.004833664,25.7166
0.003354352,0.00387379,0.003276606,0.009755805,0.004785818,0.002534267,0.00117543,0.00150042,-0.000139773,0.004196952,-0.001799555,0.008164329,0.004137897,-0.000898305,0.007133072,0.001596417,-0.001212177,-0.01722533,0.1104,-130,0.006525134,0.003314865,0.005540567,-0.2,-0.7,0.001936734,-0.056580746,-0.073034335,-0.098310932,-0.049677082,-0.017685348,0.003452461,0.002298996,-0.003347162,0.006292327,0.001340483,0.00209902,0.000143957,0.003792221,0.003736789,0.00423853,0.003882529,0.001385788,0.00194308,40.5,0,41.1,7.298445102,5.517452896,5.590986981,6.356107661,5.953243334,7.303170051,5.459585514,5.627621114,6.335054251,6.011267174,0.008584372,0.025722817,0.093442613,0.007719183,0.010469447,-0.010331125,0.00384024,-0.001013788,0,0.005957811,0.044563116,0.030934865,-0.002252935,-0.001248683,-0.002959415,-0.000745379,0.055443203,0.050583537,-0.157939507,0.024989287,0.42,0.3,0.2,0.15,0.09,-0.09,-0.17,-0.04,-0.04,-0.02,-1.05,-0.8,-0.02,0.98,1.41,2.35,3.49,0.018377089,0.036051225,0.021236655,-0.050857022,-0.016049878,0.000927185,0.000942921,0.004622917,0.008264187,-0.028723466,-0.028033918,0.001689834,0.003469214,-1.3743E-05,-0.001487869,0.002698223,0.000904541,0.001585897,0.000841309,0.001724809,0.000850611,0.001354079,0.001256201,0.001320853,0.001366983,-7.93497E-06,0.001599984,-0.001004484,-0.1,-0.001276877,0.006977998,0.004440581,0.00280416,25.2709
0.004337776,0.004963018,0.002402438,-0.004063576,0.002828506,0.000419109,-0.000733226,-0.001987687,-0.000580329,-0.022721123,0.007700654,-0.008714236,0.001771747,0.001661942,0.003048932,-0.000420626,0.023941699,0.010342842,-0.0611,91,0.007097758,0.00157935,0.001156587,0,0.3,-0.03377924,0.071691928,0.044707317,0.103292263,-0.011243092,0.042397395,0.002105563,0.000626083,-0.003797288,0.00170924,0.000558005,0.001730656,-0.001296363,0.002540611,0.002861492,0.002402916,0.002973945,0.001230202,-0.001199692,40.5,-0.1,41.1,7.290974778,5.541263545,5.645446898,6.33150185,5.905361848,7.271703707,5.433722004,5.549076085,6.313548046,5.993961427,0.006121337,-0.004886743,0.04618961,0.007087001,0.004688533,0.010331125,-0.004541052,-0.001238561,-0.001245655,0.002245819,-0.012178836,-0.010191448,-0.000425034,0.000761302,0.00172905,-0.000727078,-0.005928139,-0.005770726,0.048764347,-0.041362102,0.24,0.33,0.27,0.28,0.26,0.17,0.14,0.1,0.11,0.07,-1.02,-0.76,0,0.91,1.31,2.21,3.36,0.030716087,0.047653484,0.04266503,-0.041190234,-0.008329602,0.005542643,0.005636362,-0.002891101,-0.01554587,-0.010991107,-0.002116762,-1.79548E-05,-1.19939E-05,0.000905899,0.000693547,0.001768691,-7.41107E-06,-0.001611456,0.000832747,0.000842248,0.001694737,0.000599648,-0.000770335,0.005112817,-0.001021741,-7.89045E-06,0.002381136,-0.000998498,-1.3,-0.001704053,-0.006874364,-0.005880876,-0.009151229,23.644
0.002529539,0.002525814,0.004558347,0.000578317,0.005727222,0.004341081,0.004208367,0.004302906,0.00604781,0.008347723,0.005185805,0.003496342,0.004499687,-0.000407391,0.001223474,0.000717053,0.058923889,0.008194678,0.0261,19,-0.02347831,0.003773744,0.001927569,0.2,0.2,0.056416904,-0.046543054,0.023457866,0.047310217,-0.001257071,-0.021529864,0.001174154,-0.001670426,-0.003811762,-0.000379579,-0.00195438,-0.001183809,-0.003175981,0.002008279,0.002084184,0.002281296,0.002406927,-0.000307409,0.002854046,40.3,-0.1,40.9,7.308542798,5.438079309,5.525452939,6.363028104,6.068425588,7.286191715,5.375278408,5.513428746,6.320768294,6.086774727,0.00802632,0.010074706,0.074056616,0.010269643,0.009925773,0.010331126,-0.001546547,-0.001363012,-0.002576595,-0.007914365,-0.021012498,-0.01277638,-0.007401425,0.00037068,0.003117822,0.000135423,-0.020270964,-0.025728452,0.099892271,-0.053859389,0.26,0.44,0.33,0.4,0.42,0.28,0.2,0.15,0.1,0.25,-0.95,-0.62,0.16,0.93,1.25,2.1,3.2,0.013139882,0.031689631,0.005581983,-0.005056455,0.013326949,-0.004653996,-0.003799153,-0.006499953,0.006195152,0.066142159,0.005863337,-1.78036E-05,-0.015610148,0.003631852,-0.000748129,-0.003597856,-7.37088E-06,0.001573421,-0.00169989,-0.001740459,-0.001723958,-0.001885575,0.000230026,-0.007470567,2.99915E-06,-0.00187178,-0.005588837,0.000992552,4,-0.002672077,0.002175892,0.001405795,-0.000361948,23.7073
0.001872785,0.002275418,-0.00277467,0.003947781,-0.003269718,-0.002691753,-0.001088352,-0.000171643,-0.005346261,0.019852316,-0.014880252,0.010623142,-0.004573297,0.008274712,-0.000677604,0.003860019,-0.074465842,-0.020011376,0.2783,-217,-0.006389213,-0.001351988,0.000641698,-0.2,0,-0.006325132,-0.04828345,-0.043647826,-0.110111118,0.022388995,-0.033107586,0.003202966,0.000668505,-0.008555886,0.000379579,0.001284737,0.001547777,0.000867177,0.003943574,0.001537696,0.002526545,0.00106961,0.000614723,0.005116846,40.3,0.1,41,7.307872781,5.375278408,5.572154032,6.381816017,6.045005314,7.26961675,5.247024072,5.556828062,6.295266001,6.098074282,0.006826638,-0.00053628,-0.081902255,0.004343383,0.006956157,0,-0.001918052,3.11758E-05,-0.002542836,0.002650684,0.01483394,0.019131557,0.000582459,-0.00091804,-0.006934242,-0.000892014,0.016174887,0.014021064,-0.028484483,-0.018388103,0.18,-0.09,0.18,0.04,-0.08,-0.25,-0.28,-0.29,-0.31,-0.02,-0.95,-0.76,-0.1,0.5,0.79,1.63,2.71,0.000322254,-0.004620115,0.004114392,-0.007395389,0.002448581,-0.001846698,-0.002813794,-3.39783E-06,-0.003097576,-0.07219325,-0.002806914,-1.76543E-05,0.027751164,-0.006416539,-2.50719E-05,0.002655968,0.000892354,-0.000810244,0.002509348,0.001696174,0.001680498,0.001898996,0.00302628,0.004444778,0.000555936,0.002791128,0.003972989,0.002964885,-0.1,-0.00127109,-0.004703098,-0.005037031,-0.001044873,19.5242
0.005493242,0.006083021,0.008148978,0.007733127,0.020840525,0.004844998,0.006641776,0.007467271,0.008178022,0.009805384,0.00754019,0.008159824,0.002730731,0.004986712,0.004432155,0.004928314,0.029119116,0.013740542,0.3543,263,0.044016527,0.002015023,0.002441623,0,-0.2,-0.014701447,-0.008547061,-0.004471422,0.049042085,-0.056941376,-0.043974193,0.002524897,0.001877778,-0.004603171,-0.00151918,0.002898553,0.003088385,0.002597029,0.002713607,0.000903424,0.002520177,-0.000402907,0.001228313,0.00203943,40.5,0.1,41.1,7.327780538,5.257495372,5.598421959,6.371611847,6.163314804,7.323830566,5.384495063,5.560681631,6.342121419,6.152732695,0.012024818,0.011250149,-0.042378814,0.008152043,0.000450546,-0.020662251,-0.001021059,0.00117827,-0.000525518,9.23941E-05,-0.008785941,-0.006975974,0.004417465,0.00021182,0.00184075,-0.00090914,0.034473527,0.037166656,-0.087168698,0.004920808,0.11,0.07,0.11,0.07,0.02,-0.18,-0.18,-0.31,-0.49,-0.06,-0.95,-0.8,-0.19,0.21,0.5,1.21,2.11,-0.029646013,-0.025181187,-0.042874557,0.032023304,-0.017433218,-3.36673E-06,-3.47425E-06,-0.002762008,-0.004132237,0.02317048,0.027123027,-0.000851188,-0.005332962,-0.00091199,0.001390606,-0.003561866,-0.002704731,0.000769097,-0.001693309,-0.001725445,-0.002552041,-0.001599727,-0.002786141,-0.003372194,-0.000591859,0.000911678,-0.002388203,-0.001008179,-3.2,0.00131077,-0.001945002,0.000843256,0.002926215,20.4819
0.00033379,-0.000106135,0.002505744,0.00385275,0.008300742,0.001616619,0.000603941,0.000422924,0.000836322,0.011123297,-0.003185361,0.000382739,0.002807218,0.008291645,-0.000423,0.002600807,-0.002205869,-0.005490064,0.1407,-152,-0.019605327,0.003520627,0.003987267,-0.1,-0.8,-0.002901824,0.053784823,-0.062066121,-0.037207627,-0.088432841,-0.003093317,0.003184701,0.001791033,-0.009270401,0.002088278,0.002057328,0.002355287,0.00158376,0.003590581,0.001579031,0.002111285,0.000557828,0.001380051,0.004291852,40.5,0,41.1,7.358193753,5.351858133,5.613128106,6.436150368,6.131226489,7.318539549,5.293304825,5.517452896,6.354370041,6.184148891,0.007640268,-0.008806719,0.033041087,0.003618483,0.004837184,0,0.002551086,0.002175419,0.001696833,0.001141572,0.013898907,-0.0040276,-0.00258562,-0.002663548,-0.000788111,-0.000242301,-0.023341687,-0.022826251,0.114513524,-0.048671667,0.05,0.42,0.41,0.36,0.37,0.28,0.16,-0.06,0.07,0.31,-0.59,-0.49,0.13,0.44,0.61,1.1,2.13,-0.027677237,-0.046402307,-0.043507303,0.039302552,0.01080824,0.00182313,0.001851827,0.002760314,-0.010466562,0.060236007,0.006344425,-1.11297E-05,-0.008564593,0.000907027,-0.002150961,0.00087987,0.000896456,-0.001584646,-1.11483E-05,-0.000859386,0.000834291,-0.000957832,-0.001246319,-0.000835544,-0.000898328,-0.002787648,-0.000793334,-0.000996373,-1.1,0.004783765,-0.010157922,-0.00249531,0.002613765,21.659
0.00516028,0.005564474,0.00544538,0.012950503,0.007133525,0.004768428,0.004358856,0.004603865,0.005345962,0.011480396,0.002909575,0.003286019,0.005251712,0.002164482,0.007072306,0.004690152,-0.00588073,0.005492796,0.3006,105,0.018293818,-0.00012232,3.44525E-05,0,0.3,-0.041198774,0.028072019,0.01487519,-0.018470182,0.049941029,0.009251394,0.002716349,0.000998253,-0.003611742,0.000758294,0.001221272,0.00171767,0.000431499,0.003215709,0.002970834,0.003483457,0.001292655,0.001072058,-0.000563666,40.3,-0.1,40.9,7.35436233,5.365976015,5.837730447,6.391917113,6.013715156,7.313886832,5.303304908,5.84932478,6.300785795,6.011267174,0.028073762,0.09320879,0.097461696,0.021752066,0.011470346,-0.010331126,0.000250103,-0.002331418,-0.000646073,-0.004308667,0.011213652,0.040671676,0.002553929,0.000915947,0.000547433,-0.000871089,0.020092,0.022920279,-0.03820823,-0.004568528,0.41,0.45,0.31,0.36,0.51,0.3,0.15,0.12,0.17,0.35,-0.69,-0.54,0.23,0.33,0.35,0.81,1.89,-0.004087115,0.008414245,0.003286747,0.009520475,-0.018552793,-1.33199E-05,-1.3743E-05,0.003659629,0.044606224,0.138774451,0.006023419,-1.10558E-05,0.00253841,-3.2938E-06,0.000683163,-0.00088768,0.001785692,0.000769339,-1.10742E-05,0.000839191,-0.000849171,0.000821672,-8.58738E-05,0.002370148,0.000361128,-3.41039E-06,0.002368108,-0.001967532,-1.1,-0.003171933,-0.003959552,0.005989156,0.00055932,17.7542
0.009184466,0.006897356,0.001789735,0.001141629,0.007291586,0.002983603,0.00343117,0.003118215,0.00120144,0.022513876,-0.007420699,0.009857942,0.002455212,0.013076201,0.003223998,0.00818036,-0.07044981,0.006213801,0.5815,-138,-0.039495078,0.006243618,0.005188748,0.1,-0.3,0.056896678,-0.006446836,-0.006734032,-0.004002674,-0.009517407,-0.011836488,0.002447753,0.001786049,-0.000301568,0.002271438,0.001773738,0.001895051,0.001580574,0.00263978,0.001841084,0.004651171,0.002719177,-0.000612464,0.002140243,40.4,0.1,41.1,7.390798522,5.583496309,5.66296048,6.472346295,6.040254711,7.290292882,5.455321115,5.634789603,6.320768294,5.981414211,0.011075935,-0.029077261,0.001268524,0.011439352,0.009095395,0,-0.003562601,-0.001510199,-0.002953017,0.003032132,-0.024677933,-0.044118897,-0.003261993,0.010766746,0.02753517,0.001798077,0.031680884,0.034197159,-0.080539549,0.005262014,0.36,-0.07,0.2,0.14,0.06,0.06,-0.02,0.05,0,-0.08,-0.85,-0.76,-0.07,0.03,-0.03,0.5,1.53,0.023588031,0.053928511,0.029925319,-0.028950487,-0.004104718,0.00630734,0.007319114,0.007216329,0.008978022,-0.051314091,-0.043908353,0.00081444,-0.002548473,0.002705523,0.002761454,0.003508751,-0.002687768,-1.5164E-05,0.000815104,0.001672069,0.001664521,0.001989538,0.00357993,0.002775995,0.001251931,0.000916142,0.003913161,0.001955987,6,-0.004739962,-0.094304293,0.046593923,-0.007058921,17.758
0.00310416,0.003065217,-0.002110341,-0.010989076,-0.013473378,-0.004498366,-0.002441559,-0.001717682,-0.000281344,-0.010509903,0.003895437,-0.004138222,-0.006934088,-0.022714392,-0.006336428,-0.009850849,0.072308578,-0.007491846,-0.9736,-10,0.035417,-0.002068756,0.000582481,-0.2,-0.2,0.015142245,-0.068459964,-0.126605624,-0.111618918,-0.142155515,0.047186512,0.002404542,-0.000705731,-0.007113159,-0.002081954,-0.000110767,-0.000811725,0.00100452,0.003304954,0.00367203,0.003815313,0.002911816,0.001989137,0.002135672,40.4,0,41.2,7.261927093,5.370638028,5.564520407,6.311734809,5.986452005,7.232010332,5.288267031,5.590986981,6.249975242,5.988961417,-0.001339023,-0.030402688,-0.061554234,0.00703323,0.007745394,0.030993377,-0.001149213,-0.001003473,-0.003124305,-0.009685487,-0.039872139,-0.038384946,0.01500781,-0.010463544,-0.025264647,-0.000366443,0.029688062,0.026244931,-0.072233507,0.004758347,0.24,0.33,0.26,0.19,0.2,0.12,0.08,0.02,-0.04,0.01,-0.83,-0.81,-0.11,-0.09,-0.19,0.28,1.25,0.004644091,0.007717121,0.002939243,-0.011511,-0.001848429,-0.002775412,-0.001928424,-0.0082134,-0.041930957,-0.109118629,-0.036524981,-0.00083905,-0.012731069,0.002669051,-5.85168E-05,-0.001772854,0.000890866,-1.50466E-05,-0.001663138,-0.001700507,-0.00084902,-0.001797661,-0.003562288,-0.002003175,-0.001261909,-7.60302E-06,-0.005507775,-8.59989E-06,-2.5,-0.000960181,0.096827521,-0.053114017,0.000989553,18.3126
0.005326929,0.004156647,-0.000641522,-0.005970349,0.005712474,0.002277546,0.001117083,-0.000960738,0.001611478,-0.014532877,0.008100354,-0.005256153,0.003652613,-0.001751932,0.009049645,-0.00119628,0.071826676,-0.013683318,-0.2535,-124,-0.001031284,0.000746868,0.002104381,-0.2,-0.1,-0.048758856,-0.014489119,0.036887886,0.020710799,0.053652713,0.058346551,0.001794974,-0.000456915,0.006056954,-0.003416211,0.000276893,-0.000541516,0.001576496,0.002444637,0.003614059,0.00395179,0.005943611,0.000764,0.000561262,40.5,0.1,41.1,7.25981961,5.093750201,5.730099783,6.32256524,5.976350909,7.101675972,5.18178355,5.493061443,6.089044875,5.863631176,0.014445226,-0.001592563,-0.008214799,0.010034595,0.005801785,0.010331126,0.001399965,0.002336266,-0.002441308,0.013725605,0.036005364,0.027848404,-0.018688863,-0.000979332,0.003222497,-0.000288875,-0.004431574,-0.003576235,0.043420152,-0.030438583,0.49,0.58,0.29,0.3,0.32,0.24,0.19,0.16,0.06,0.1,-1.03,-1,-0.28,-0.34,-0.49,-0.05,0.82,0.01446755,0.023234954,0.021782765,-0.02307706,0.005284139,-0.003606672,-0.005477598,0.000873873,0.01467585,0.095700703,0.019840413,0.001627181,0.019543904,-0.00094058,-0.001428434,0.001726927,-0.0044615,0.000754596,0.002455938,0.001658208,0.001645927,0.000405769,-0.004466366,0.00226377,0.000682268,0.000906098,0.00311525,-8.54968E-06,-1.1,0.003823567,0.017848801,0.003252052,0.006968402,17.4754
-0.003869111,-0.002992833,0.005909048,0.009079003,0.01852734,0.000818523,0.00264157,0.005170952,-0.001057392,0.008100191,-0.004736003,0.017100642,-0.001344803,0.002016002,-0.003644329,0.002716174,-0.05150535,-0.001445893,0.0603,247,0.007178936,0.00273915,0.0006407,0.2,0.2,0.022107532,0.06992937,0.032002731,-0.004402061,0.067798128,-0.032189589,0.001606232,0.001287135,0.001960637,0.006631952,-0.000276893,-0.000180571,-0.000429707,0.001698138,0.000890353,-0.001378516,0.00110048,0.000305437,0.001009478,40.5,-0.1,41.1,7.199678346,5.351858133,5.541263545,6.269096284,5.843544417,7.226936018,5.308267697,5.533389489,6.263398263,5.981414211,0.01688851,0.008622799,0.047864394,0.00851222,0.008223083,-0.010331126,-0.003843754,-0.000405373,-0.005228129,-0.004834017,0.02703544,0.02533366,0.005135193,0.004798675,-0.002385765,0.000195463,0.032271708,0.032279661,-0.072982106,0.006031888,-0.01,-0.14,-0.17,-0.2,-0.21,-0.21,-0.18,-0.01,-0.06,-0.03,-1.19,-1.19,-0.48,-0.54,-0.66,-0.05,0.77,0.00336065,0.022039629,0.01131904,-0.007380972,-0.005536462,0.003530275,0.005363348,-2.87507E-05,-0.000136007,-0.008096482,0.002864607,0.002415909,-0.004278689,0.01662096,-0.00072,0.006863465,0.002677378,-0.000787292,0.002419806,0.004115751,0.002443451,0.002920856,0.005743233,0.009776867,-0.000671029,-0.001834838,0.000752491,-0.003892,-2.8,-0.002183598,0.006846652,0.004178128,-0.001255216,16.8875
-0.004253548,-0.00454356,-0.001163991,-0.004468131,0.00664928,-0.006924549,-0.009637146,-0.010935746,-0.010725699,-0.022452455,-0.006023993,-0.015853068,-0.003709349,-0.011404256,-0.004057286,-0.009259812,-0.012688063,-0.013212104,-0.9613,-216,-0.022652479,-0.000736726,1.70797E-05,0,-0.5,-0.018825613,0.001510955,-0.035705068,0.048790164,-0.123026886,0.03992358,0.001094102,-0.000456536,-0.000452114,0.000755144,-0.00083114,-0.001807502,0.000716076,0.001540179,0.001911579,-0.000170086,0.002738296,0.000763184,0.002015904,40.3,-0.2,41,7.193685818,5.147494477,5.529429088,6.282266747,5.918893854,7.230563153,5.164785974,5.521460918,6.284134161,6.040254711,-0.019653895,-0.050781732,-0.067298836,-0.002580041,0.008707415,0.010331126,-0.000539779,-0.0002368,-0.002993953,-0.001843465,-0.058255185,-0.04193166,0.004303618,-0.004772035,0.000106991,0.000632091,0.037654562,0.033989463,-0.089344272,0.016340557,-0.03,-0.34,-0.22,-0.24,-0.38,-0.39,-0.32,-0.22,-0.15,-0.34,-1.38,-1.4,-0.83,-0.9,-0.95,-0.24,0.65,0.03143118,0.048648474,0.043186391,-0.042089358,0.003107549,0.000827544,-7.98651E-05,-0.004459112,-0.007759237,-0.127929813,-0.042472674,-0.00247574,-0.001698446,-0.015935754,0.000648416,-0.00695296,0,0.000748388,-0.002479832,-0.00418606,-0.002504672,-0.003008675,-0.001959034,-0.009969026,-0.00024239,-0.001824818,-0.006206981,0.002915925,-0.8,-0.000516266,0.003331508,0.004118695,-0.000326122,17.435
0.002827378,0.002483581,0.001951733,-0.003088566,0.000300571,0.000497666,0.00439088,0.004554528,0.000800776,-0.011589017,0.005692896,0.014060898,-0.004128531,-0.002699848,0.001265775,0.002038013,-0.007433789,0.01311073,-0.0262,-194,-0.052443626,0.004210635,0.002720487,0.1,-0.9,0.079034033,0.016471548,-0.036257748,-0.03854867,-0.033684019,0.025856954,0.001074393,-0.001537152,-0.014729596,-0.000188733,-0.001497795,-0.002536004,0.000143154,0.001823654,0.001154068,-0.000794116,0.0019937,0.000915053,0.002011848,40.2,0,40.9,7.242082359,5.141663557,5.472270674,6.265301213,6.135564891,7.18690102,5.170483995,5.484796933,6.228511004,5.986452005,-0.016640591,0.025373905,0.068711432,0.0069354,0.007899162,0.020662252,0.003467364,0.003536603,0.002174583,0.00135665,0.05158865,0.047128473,-0.008530197,0.002123414,-0.001972997,-0.000316222,0.030742697,0.025930012,-0.065349456,0.016590789,-0.28,-0.36,-0.28,-0.48,-0.54,-0.62,-0.58,-0.47,-0.43,-0.42,-1.38,-1.6,-1.09,-1.24,-1.25,-0.43,0.5,0.024346267,-0.011693318,0.043415861,-0.048820826,0.005102265,-0.007926065,-0.010669906,-0.001776988,-0.016353314,0.04774564,0.002682899,-0.001633833,-0.004209819,-0.007796368,0.00130957,-0.004283391,0.001785715,-0.000780536,-0.002443935,-0.002482357,-0.002468062,-0.001444127,0.000682084,-0.005921155,-1.08593E-05,0.002730999,0.002322281,0.000964753,-0.1,0.008352049,-0.001679641,-0.001699012,-0.002234191,16.7322
0.003317517,0.003490509,0.002957862,-0.010309652,0.004987202,-0.008924613,-0.01339009,-0.015933608,-0.021371816,-0.031556825,-0.017421356,-0.011493457,-0.003623349,-0.005507594,-0.007512408,-0.011033957,-0.016332677,0.006475597,-1.119,85,0.021857564,-0.000225841,0.00045979,-0.1,0.7,-0.040153634,-0.029642964,0.098800585,0.169626074,0.012966146,0.025497972,0.000370213,-0.001039955,-0.015726504,0.003579844,-0.00183369,-0.003452038,0.000715461,0.00077375,0.000709534,-0.000245926,0.00034203,0.001066504,-0.000390876,40.4,0.1,40.9,7.263329617,5.267858159,5.66296048,6.261491684,6.042632834,7.156956365,5.105945474,5.455321115,6.180016654,5.993961427,0.000250188,-0.018656581,0.053506759,0.008628976,0.005614894,0.020662251,0.007481111,0.002661046,0.004824607,0.001449931,-0.000140456,0.009480733,0.010863791,0.001253547,-0.000414196,-0.000455313,0.025016558,0.02424733,-0.041464479,0.014280718,-0.29,-0.43,-0.27,-0.32,-0.55,-0.46,-0.26,-0.17,-0.16,-0.56,-1.36,-1.63,-1.35,-1.41,-1.22,-0.31,0.63,-0.029096726,-0.048436198,-0.025014235,0.046426351,-0.007957491,-0.001755927,-0.000892433,-0.001781734,0.015420978,-0.016861542,-0.010446066,-1.03891E-05,-0.001692029,-0.001732349,-0.000723023,-7.28023E-07,-0.002678174,0.001498424,0.000799605,-0.000824722,0.000807351,0.000192271,0.000488806,0.000382009,4.63107E-05,0.001804157,0.004620112,-8.4342E-06,1.4,0.005905569,-0.011751112,-0.0032702,-0.001748689,18.0565
0.002187351,0.001621771,0.009580845,0.025067986,0.015523634,0.009045843,0.011394176,0.014238529,0.016347454,0.035598043,0.008841399,0.012795613,0.0062607,0.003919561,0.000703875,0.008503,0.006980292,-0.012398098,0.4925,-36,-0.007289943,0.001603979,0.001556606,0,-0.4,-0.026506422,0.038514388,-0.097263305,-0.092611123,-0.103394298,-0.021003582,0.000453324,0.000873635,0.036767165,0.002442004,-0.000890274,-0.00054615,-0.001431435,0.000333123,0.002169823,0.001436863,0.002011806,0.000608921,0.004680457,40.4,-0.1,40.9,7.194436851,4.9698133,5.476463552,6.342121419,5.942799375,7.195937226,5.187385806,5.564520407,6.242223265,5.940171253,0.013969007,-0.011346885,-0.175991455,-0.006352524,0.002259358,-0.020662251,-0.003488781,-0.000877263,0.007193545,-0.004993175,-0.023042432,-0.036869028,-0.004101862,0.001797925,-0.0015723,-0.000223225,0.043337659,0.04483554,-0.097591644,0.036335522,-0.25,-0.11,0.02,0.13,0.29,0.26,0.09,0.03,0.01,-0.42,-1.09,-1.25,-0.81,-0.9,-0.88,-0.03,0.89,0.006712644,0.019705071,0.007528701,-0.019929264,-0.011247951,-0.001765204,-0.003581748,-0.000901204,-0.025375616,-0.040602439,0.052574195,-0.003218024,-0.00681997,-0.005233251,-4.46834E-05,-0.003413699,-7.97194E-07,-0.001532886,-0.00242098,-0.001639345,-0.003257332,-0.002268855,-0.001860356,-0.006628497,-0.000466458,-0.001823902,-0.006937035,-8.38542E-06,-2.4,-0.00096638,0.006087744,-0.002245357,0.000117538,19.3234
0.002740261,0.002405489,-0.00189029,-0.007031093,-0.000977432,-0.003521627,-0.002723354,-0.004217944,-0.003872984,-0.001473268,-0.004822211,-0.004160083,-0.004472547,-0.001847799,-0.005116643,-0.002590343,0.017385243,0.007971596,-0.4289,-29,-0.012903132,-0.001789529,-0.002561605,0.1,0.1,0.039345176,-0.028367167,0.043583156,0.025284115,0.067324814,0.00447428,0.002309683,-0.001998003,0.002094868,-0.001314184,-0.002340747,-0.003465892,-0.000573148,0.003538524,-0.000973624,-0.002553748,-0.001031968,0.000912686,0.002110174,40.3,0,40.8,7.153833802,5.105945474,5.509388337,6.202535517,5.92157842,7.180831199,5.141663557,5.513428746,6.222576268,5.96870756,0.013517146,0.025177313,-0.007205796,0.002315641,-0.001209294,0,-4.21425E-06,-0.001311529,0.003476577,0.002788077,0.019897611,0.019477299,-0.003653478,-0.001994468,0.002333097,-0.000268066,0.002017582,0.000931908,0.02936933,-0.003786611,0.03,0.13,-0.15,0,0.04,0.08,0.08,0.05,0.03,-0.32,-1.27,-1.28,-0.8,-0.85,-0.83,-0.01,0.89,0.014067322,0.015595906,0.025021267,-0.014655054,0.005935742,0.008798187,0.013383747,0.006251202,0.035236898,0.115076916,0.024591115,0.00240674,0.023766531,0.002575579,0.0012743,0.004268763,0.000893256,-0.001515678,0.000802888,0.002453989,0.001624696,0.002115487,0.001170666,0.006565234,0.000389105,-0.000907826,0.003073969,-0.000968491,6.2,-0.000555558,-0.003929098,0.002387036,-0.001457582,16.7465
0.004761453,0.004897003,-0.000668015,-0.009701237,-0.011113247,-0.000766528,-0.003238475,-0.004837325,0.002823263,-0.018068824,0.010816304,-0.013210808,0.002168832,-0.003390309,0.005195608,-0.001808879,-0.005726393,-0.011977844,-0.3653,117,0.013445804,0.002151882,0.00193245,0,0.4,0.001243781,0.005537391,0.023256862,-0.019907758,0.075537906,0.077980142,0.001023792,-0.000125008,0.000149466,0.004498602,-0.001507664,-0.002561524,0.000143318,0.001350359,-0.00084162,-0.000227316,-0.002485644,-0.000152057,0.000332779,40.4,0,40.8,7.251344983,5.129898715,5.634789603,6.317164687,6.008813185,7.218909708,5.117993812,5.624017506,6.214608098,6.042632834,0.009936581,-0.035639607,-0.009283619,-0.000555688,0.003808026,0.020662251,0.005093953,0.001090296,0.002136538,0.003383452,-0.004619376,-0.002090352,0.000395282,-0.003766152,0.000583837,-0.00064965,0.000287894,-0.002217855,0.035586566,-0.004411232,-0.18,-0.17,-0.11,-0.12,-0.23,-0.2,-0.18,-0.09,-0.1,-0.31,-1.2,-1.22,-0.85,-0.87,-0.83,0.08,0.97,-0.020860926,-0.034011961,-0.019934752,0.01006688,-0.006701471,-2.77012E-05,-0.001817354,-0.001788106,-0.010814723,-0.031215626,-0.004389198,0.002389432,-0.006017491,0.010507905,-0.001370538,0.003398452,0.003568246,0.00224127,0.003999025,0.001622658,0.003233613,0.001660887,0.001190801,0.004927315,0.000366438,0.001793699,0.002289155,-3.69113E-06,-1.9,0.001040215,-0.041491957,0.000111025,0.015639824,21.9509
0.000949862,0.000250861,0.0004825,0.00890399,0.008705764,0.003306879,0.003765834,0.003686159,0.004160258,0.007232439,0.002990523,0.007061864,0.002759887,-0.00095847,-0.000846669,0.002158711,0.005193758,0.00474918,-0.04,-177,-0.036346673,0.00342378,0.002811126,0.1,-0.2,0.008971445,0.02135666,0.018505866,0.022532431,0.013835732,-0.075750487,0.002550305,0.000499938,0.004175994,0.003174309,-0.00050306,-0.001374949,0.000859476,0.003131965,0.00084162,0.000246256,3.80533E-05,0.001215806,0.001330009,40.4,-0.1,40.7,7.208600338,5.18178355,5.739792912,6.228511004,5.872117789,7.203405521,5.129898715,5.59471138,6.192362489,6.033086222,0.004009858,0.063691693,0.098647033,0.011930927,0.004846843,-0.010331125,-0.005493392,-0.000813784,0.002172165,-0.002968347,0.005332193,0.006564164,-0.0028897,0.001997909,0.00012145,5.0679E-05,-0.020943174,-0.019516046,0.102988184,-0.021042223,-0.29,-0.18,0.05,-0.13,-0.22,-0.16,-0.14,-0.03,0,-0.2,-0.86,-1.06,-0.78,-0.74,-0.68,0.34,1.26,-0.003384119,-0.0069558,0.009292398,-0.009367157,-0.004435732,-0.003505676,-0.004435379,-0.002675785,0.005810177,-0.038628981,-0.057451221,-0.000816859,-0.004214639,-0.006127697,0.001905854,-0.002562942,-1.26871E-05,-2.01393E-05,-0.003213443,-0.000827253,-0.0016325,-0.001707049,0.00045305,-0.005528648,-0.000557855,-0.000907748,0.000739157,-0.000961073,-3,-0.000793269,0.027249908,-0.005237423,-0.007057467,20.9323
0.000753029,0.001415449,0.008259089,0.003299714,0.002581615,0.006128594,0.012012411,0.016128875,0.015862786,0.010285329,0.01792257,0.015222789,-0.000892861,-0.0035434,-0.010189726,0.000761824,0.114554299,-0.025915462,-0.1526,145,0.027607698,-0.001123893,-0.000695676,0,-0.1,0.008586376,-0.023869855,-0.030793697,-0.030607845,-0.031010237,0.053340196,0.000882345,-0.002502191,0.000297619,-0.010306472,-0.000279587,-0.000825878,0.000572574,0.001839146,-0.00159525,-0.000378881,-0.005165644,0.000151872,0.000996347,40,-0.1,40.5,7.13169851,4.836281907,5.552959585,6.079933195,6.063785209,7.25981961,5.129898715,5.451038454,6.265301213,6.202535517,0.02038371,0.021996882,0.149960301,0.017109264,-0.001813282,-0.010331126,0.004674614,-3.75497E-05,0.002928965,0.004010905,0.01979669,0.018173737,-0.00377208,-0.0005819,-0.00230997,-0.000300432,0.024391453,0.024800539,-0.041024415,0.027305354,-0.1,-0.06,-0.06,-0.07,-0.05,-0.06,-0.03,-0.03,0.01,-0.16,-0.82,-1.03,-0.73,-0.7,-0.61,0.41,1.37,-0.017789166,-0.031563404,0.001049372,0.015083433,-0.007207238,0.004335366,0.007035308,0.003568244,0.007581169,0.075593054,-0.025196124,-0.000807225,-0.005006958,0.003492689,-0.00329386,-6.45274E-06,-1.25972E-05,-1.99597E-05,0.001582848,-1.05244E-05,-1.03724E-05,0.000709862,-0.004604309,0.002106818,0.001282331,0.000885245,0.001482281,0.003819527,-0.4,-0.000491394,-0.023553624,0.004958135,-0.0005963,18.235
0.002450923,-0.000250507,0.004974176,-0.007841944,0.030847148,-0.006767019,-0.010024878,-0.017471613,-0.022234894,-0.058095933,-0.009404214,-0.012942456,-0.002864679,-0.003475042,0.015193493,-0.002222942,-0.101219219,0.039260826,-0.3928,-59,-0.017563762,0.010674012,0.010561026,0,0.2,-0.026610481,0.051016457,0.026553408,0.034531984,0.017174505,0.016196947,0.003072932,0.00137698,0.005637997,0.021061257,-0.004708793,-0.010056827,0.003571177,0.003550814,0.007994919,0.001892972,0.014083349,0.000151849,0.004195888,40.3,0.5,40.5,7.346655163,5.049856007,5.80814249,6.354370041,6.188264123,7.466227556,5.262690189,6.135564891,6.486160789,6.079933195,0.012665265,-0.079802987,-0.118316859,0.00670507,0.002119255,0,-0.00317791,-0.001583201,-0.004899805,-0.001052654,-0.026137733,-0.030875236,0.00031715,-0.001671042,-4.46272E-05,-0.001080522,-0.025067755,-0.019924108,0.106937568,-0.028717113,-0.22,-0.19,0.01,0.13,0.2,0.37,0.37,0.13,0.12,-0.13,-0.59,-0.68,-0.31,-0.11,-0.02,0.76,1.71,-0.007598197,-0.033119258,0.008985504,0.033688563,0.009171624,0.012789438,0.016324521,0.011496286,-0.000231785,0.009045634,0.056902884,0.006284247,0.002502433,0.017234965,0.001898255,0.0125513,-0.001776177,-0.000758062,0.003929031,0.008015269,0.006369301,0.004659309,0.005265726,0.016364642,-0.000503272,0.001763467,-0.001546514,-0.001922055,2.5,-0.000293261,0.025508069,-0.007876057,0.009005615,23.499
0.002998336,0.003427961,-0.005066183,0.014748483,-0.007770269,0.009957029,0.010051556,0.013566666,0.013036787,0.060782161,-0.004087033,0.019304155,0.009843144,0.011155664,0.009201117,0.014503318,-0.09579026,0.015342353,0.9808,-199,-0.019540878,-0.000977964,-0.000184765,-0.1,-0.2,0.010605215,-0.01202805,-0.044902547,-0.053632155,-0.034649135,-0.007646892,0.002268819,0.003704247,0.00206917,-0.001107215,0.005379671,0.010423968,-0.002427012,0.001864414,-0.001012391,-0.001514091,-0.002530089,0.001820389,0.001431403,40.2,0,40.6,7.270312886,5.375278408,5.605802066,6.326149473,5.966146739,7.192182059,5.209486153,5.638354669,6.120297419,6.01615716,0.016182408,0.026000281,-0.076127215,-0.000989529,0.000819547,-0.020662252,0.000240748,-0.000617847,0,-0.003104688,-0.040890439,-0.053808415,0.004159149,0.003714299,-0.004258203,-0.00127085,-0.028402017,-0.024544766,0.121636412,-0.023275239,0.01,0.04,0.1,0.15,0.19,0.3,0.26,0.23,0.2,-0.1,-0.5,-0.54,-0.13,0.18,0.23,0.98,1.9,0.00045549,-0.019698514,0.004894134,0.026829202,0.020688937,-0.019718463,-0.025955941,-0.021227469,-0.014172112,-0.094881152,-0.033865842,-0.005542436,0.016528606,-0.018145968,-4.97218E-05,-0.010937194,-0.000884562,0.000721928,-0.004760523,-0.00646944,-0.005618053,-0.00316411,0.001634793,-0.011758937,-0.000534702,0.001735325,-0.003019393,0.008486492,-3.5,-0.002381737,-0.011340224,0.000203033,0.000551149,23.3268
0.000856974,0.000734085,0.003361965,0.005810422,0.003820974,0.004812629,0.007522734,0.008724039,0.006536669,0.018645085,0.002050743,0.016920194,0.001566661,0.011985109,-0.007033963,0.004909947,0.054158874,-0.049788294,0.2015,-18,0.002605319,0.000723626,0.001208754,-0.1,0.1,-0.005288549,0.016799051,-0.014174053,-0.045078054,0.020619287,-0.037107107,0.001962763,-0.001996092,-0.000147656,-0.004441162,-0.001398171,-0.002020945,-0.000428908,0.003076296,0.000176142,-0.001250853,0.000173912,0.000606061,0.006416079,40.3,0,40.6,7.161622003,4.941642423,5.583496309,6.234410726,5.92157842,7.127693699,5.010635294,5.521460918,6.12905021,5.958424693,0.016065411,0.060018088,0.132894966,0.012741765,0.002186247,-0.010331126,0.000862299,-0.000485307,-0.001289179,0.005977969,0.038855565,0.043134355,0.001634613,-0.002587929,0.00117655,-0.000787123,0.023950555,0.027433723,-0.053835469,0.031244803,0.04,0.14,0.16,0.15,0.24,0.18,0.12,0.15,0.07,0,-0.38,-0.43,0.07,0.32,0.31,1.09,1.93,0.019958716,0.016926967,0.050947233,-0.043131422,-0.01388619,-7.23079E-07,-0.001721151,0.008833194,-0.016982417,-0.055699781,0.080320696,0.000762649,-0.002716667,-0.000855064,0.000582884,-0.002495476,-0.001764447,0.001443594,0.002334809,-0.001607571,-1.56724E-05,-0.000626337,-0.005637079,-0.004888161,0.00233755,-0.002677804,-0.000752713,-0.005719019,1.8,-7.16846E-05,0.012725189,0.001491704,-0.01178482,18.8313
0.006239895,0.006203476,0.001923906,-0.011590872,-0.007334765,-0.001624981,-0.003864804,-0.00410626,-0.003669863,-0.023045414,0.003417692,-0.004111174,0.00105549,-0.000310813,0.002528779,-0.003186825,0.021866411,0.00163541,-0.4584,-71,-0.029961242,-0.001208988,-0.002948901,0.2,0.1,0.019460074,0.032774469,0.0332502,0.046454517,0.018663061,0.046829406,0.000364741,-0.002375546,0.002948985,-0.00688567,-0.001288047,-0.001932901,-0.000286041,0.001132219,0.000528239,5.68909E-05,0.000891771,0.001362295,0.004526745,40,-0.4,40.5,7.129297549,4.852030264,5.66296048,6.163314804,5.877735782,7.035268599,4.779123493,5.484796933,6.059123196,5.85220248,-0.008110236,-0.055662814,-0.105737404,0.004213437,0.003847891,0.030993378,0.001471763,0.000175749,0.001289179,0.003010556,0.028949875,0.050712823,0.001024851,8.03824E-05,-0.001852441,-0.001440552,-0.000827619,0.003720318,0.037277417,0.013286986,-0.02,0.02,-0.13,-0.01,0.05,0.17,0.2,0.09,0.09,0.04,-0.49,-0.42,0.14,0.51,0.53,1.2,2.04,-4.98355E-05,-0.017801063,0.033043086,0.00778739,-0.013566182,-7.2431E-07,0.001712309,0.00088378,-0.007054512,-0.014700825,0.012398468,-0.00234645,-0.012225984,0.00255138,0.000569297,-0.000828842,-7.79005E-07,-0.001488745,-0.00236177,-0.000800889,-0.001587876,-0.001671451,0.000567896,-0.001792102,-0.002127749,-0.006151538,-0.002245229,-0.007494165,2.6,2.15228E-05,0.005397342,0.002888404,0.003035187,20.4575
-0.00120617,-0.001488834,-0.00073248,0.008092652,-0.002018137,0.002190384,0.002214874,0.002274185,-0.001241762,0.008598444,-0.004775239,0.01251945,0.002162489,0.006015399,-0.003223126,0.002127255,0.007947358,-0.028109428,-0.0129,-100,-0.009639092,0.001940034,0.002512575,0,-0.1,-0.047613127,0.044151315,0.027948792,0.058761896,-0.007733991,-0.018131599,0.001393906,-0.003259918,0.005432801,-0.006369448,-0.002693453,-0.002675402,-0.00272148,0.002691164,-0.000836507,-0.000872683,-0.002064374,0.000604869,0.012007933,40.1,0.4,40.6,7.100027167,4.859812404,5.556828062,6.192362489,5.814130532,6.972606251,4.836281907,5.38907173,6.01615716,5.743003188,0.01700618,0.032655835,-0.025047048,0.004900999,0.006746675,-0.010331126,-0.008082642,-0.003910813,-0.001853718,-0.008098992,-0.066597433,-0.072690103,-0.005624201,0.002481062,-0.000571392,-0.000635206,0.035068887,0.037270154,-0.08325135,0.048975403,-0.08,-0.05,-0.03,-0.08,-0.08,-0.03,-0.03,0.01,0.11,0.07,-0.44,-0.42,0.14,0.56,0.58,1.29,2.23,-0.013777299,-0.045975617,-0.028254435,0.02425751,0.00906454,0.001702852,0.003442342,-0.001769912,0.026987435,0.075482622,-0.057817372,-0.00077971,-0.003226459,-0.005104939,-0.000688046,-0.000826788,0.000883002,-0.00074397,-0.001562485,-0.000795211,-0.000790809,0.000154782,0.000818555,0.000193529,-1.23583E-05,0.005264702,0.002991215,0.007473163,-3.3,-0.005779241,-0.001744689,0.002278579,-0.000677694,18.1518
0.001517428,0.001051172,0.003164126,0.002581537,0.008811669,0.003244876,0.004588783,0.006121197,0.010064166,0.013049862,0.009008896,0.001317458,0.001633375,0.004887039,-0.004102449,0.00294887,0.01536027,0.032410247,0.0627,-54,0.006266878,-0.002545077,-0.001410971,-0.2,-0.1,0.010848862,-0.068866959,0.01473194,0.031910812,-0.00623055,0.019926807,0.000227578,-0.001633953,0.001170789,-0.003388557,-0.001180671,-0.001664202,-0.000430385,0.000744325,-0.000484614,0.000872683,-0.000976958,0.001661506,-0.002314629,40.2,0,40.7,7.070724107,4.691347882,5.455321115,6.28785856,5.690359454,7.010311867,4.804021045,5.424950017,6.042632834,5.823045895,0.011886169,-0.019924319,0.00051097,-0.000605318,-0.001498019,-0.010331126,0.008063483,0.004397022,-0.002099654,0.006854693,0.052748008,0.056638303,0.004457156,-0.001762451,0.005637353,-0.000543994,0.028539593,0.03228381,-0.060428063,0.040089609,0.11,-0.11,-0.01,-0.13,-0.22,-0.31,-0.28,-0.21,-0.19,-0.15,-0.56,-0.66,-0.19,0.14,0.19,0.97,1.93,-0.000131167,0.003655797,-0.002264251,0.019423818,-0.001448226,-7.2431E-07,-0.001721171,-0.001769912,-0.028434407,-0.059115453,-0.004457949,0.004627238,0.00241773,0.005946972,-5.56932E-05,0.004946424,-0.001768347,0.002872858,0.003869057,0.003147113,0.003911431,0.002167862,-0.003019064,0.005979521,0.001631294,-1.22685E-05,-0.000750454,-0.001884779,-2.3,0.00607983,-0.003594098,0.00940511,0.006421391,17.5828
0.003247533,0.003714038,0.002043125,-0.005372215,0.003412039,-0.001200292,-0.002456802,-0.003242492,-0.007626057,-0.028455855,-0.00020627,0.004548159,0.000307285,-0.002479766,0.006538592,-0.001651367,-0.005953904,0.006898245,-0.3049,6,-0.029504923,0.001265395,-0.001455047,0.3,0.3,0.021972008,0.056003619,0.066017232,0.060920174,0.072320662,0.012613274,-0.000327729,-0.004328192,-0.0014637,-0.00548361,-0.00405863,-0.004265585,-0.003737785,0.000778622,-0.000484848,-9.482E-05,-0.000424403,0.0006035,0.00021554,40.1,0,40.6,7.065613364,4.795790546,5.455321115,6.188264123,5.796057751,6.982862751,4.744932128,5.416100402,6.03068526,5.774551546,0.009646952,0.021056708,0.125835272,0.005943391,0.0063151,0.020662252,-0.004097644,-0.000729651,-0.001253817,-0.006018551,-0.020396282,-0.02654774,-0.005204321,0.000986704,-0.001178558,-0.000653734,-0.000999417,0.010079755,0.018986577,0.013406143,-0.14,-0.15,-0.11,-0.11,-0.16,-0.1,-0.01,-0.02,-0.02,-0.16,-0.53,-0.63,-0.21,0.18,0.32,1.09,2.05,-0.027661359,-0.023142937,-0.030763302,0.056547548,-0.013734121,0.00169707,0.002576214,0.00088378,0.028515393,0.177462662,0.026182192,-0.001569323,-0.001611604,-1.79548E-05,0.001169869,-0.001662349,0.003536694,-0.000758121,-0.000798199,-0.000805029,-0.00080721,-0.001945665,0.004036974,-0.002589941,-0.002953326,-0.000882126,-0.000747103,-0.00093841,-0.1,-0.000804804,0.013693046,0.00777263,-0.008017225,18.9328
-0.006425084,-0.006753776,0.000309753,0.01000855,0.004921694,0.0030467,0.001010718,0.001606736,0.002497832,-0.00277331,0.004385967,0.004705251,0.005483441,0.005859236,-0.000295279,0.00294191,-0.008610719,0.027959291,0.0818,-165,-0.045296529,0.002049881,-6.73367E-05,0.2,0.3,0.030272913,0.00623055,0.046490384,0.035987633,0.059255696,0.045931534,-0.001913894,-0.00413555,-0.003815678,-0.007613284,-0.003111478,-0.004937362,-0.000288101,-0.001301917,-0.001544266,0.000720406,-0.002451419,0.000603136,-0.005565025,40.1,-0.1,40.5,7.016609684,4.804021045,5.493061443,6.063785209,5.768320996,6.974478911,4.744932128,5.402677382,6.01615716,5.774551546,0.025449177,-0.028023828,-0.140728035,-0.002428477,0.005523056,-0.020662252,0.005282914,0.002057546,-0.002999354,0.007018837,0.000574326,-0.004275352,0.003190413,-0.004636424,-0.001786935,-0.000217024,-0.084824558,-0.085731065,0.305454913,-0.077856371,-0.02,-0.11,-0.17,-0.14,-0.16,0.11,0.28,0.17,0.21,-0.25,-0.68,-0.75,-0.35,0.31,0.62,1.28,2.28,-0.025644369,-0.062835481,-0.010648316,0.049321521,-0.010600499,0.008418175,0.011052617,0.011468241,0.085926745,0.277451791,0.027962086,0.003785489,0.002412546,0.014166831,-7.34121E-05,0.006503931,-3.12153E-06,0.001390647,0.004562358,0.004653938,0.003069424,0.004163052,-0.00135128,0.008605261,0.003404857,-0.003485082,-0.002983406,-0.003704564,-11.8,0.003841197,-0.015731375,-0.016505598,-0.001637393,27.7752
-0.000487592,-0.001655278,-0.000473778,-0.018557572,0.00329996,0.001374087,0.004017444,0.005667704,0.008177633,0.005702503,0.009097171,0.002446964,-0.001805123,-0.002655733,-0.002742015,-0.000342515,0.047845231,-0.00610542,-0.178,-155,-0.034679361,-0.000778142,-0.00234277,0.2,0.2,-0.012121361,0.051869881,0.053313654,0.041323579,0.067530616,0.025057527,-0.000930929,-0.003261402,0.001469292,-0.007094268,-0.00226899,-0.003648785,-0.000144082,-0.000290838,-0.000795123,-0.001953885,-0.001178515,-0.000904841,-0.001084187,40.1,0,40.5,7.012115294,4.663439094,5.493061443,6.077642243,5.783825182,6.883462586,4.727387819,5.379897354,5.92157842,5.609471795,0.014432743,0.008454344,0.089169481,0.00586123,0.004089644,0.010331126,-0.001387371,-0.001533567,-0.00292695,-0.000619607,0.015276165,0.023421274,-0.002115816,-0.00119483,0.000561919,-0.000782111,-0.047489423,-0.047075835,0.191244052,-0.041404448,0.07,0.08,-0.09,-0.06,-0.02,0.07,0.14,0.15,0.23,-0.24,-0.84,-0.88,-0.44,0.31,0.69,1.36,2.44,-0.01320121,-0.000535475,-0.063122425,-0.011585286,0.011723464,0.001539426,0.001484807,0.005084007,-0.04304596,-0.162206754,-0.000286667,-0.001578166,0.004790366,0.002105755,-0.001878855,0.000708658,-0.001765226,-0.00358791,-0.000839231,-7.29406E-05,-0.000825529,-0.0005117,0.001008002,0.002078642,-0.001923416,0.006083571,0.008194803,0.006465678,-3.6,-0.00087856,0.020643949,0.002620324,0.000871383,28.8189
-0.00830553,-0.010167331,-0.005592938,-0.004297836,0.0036489,-0.00756385,-0.009565293,-0.011286698,-0.015264968,-0.034214408,-0.008616541,-0.005340604,-0.005148491,-0.01279117,-0.001265914,-0.008222486,-0.03053835,-0.027447634,-0.8097,-192,-0.032130496,0.000817827,0.00010124,0,-0.2,0.020221,0.017536984,-0.003546103,-0.003287674,-0.003848626,0.076326322,-0.001343159,-0.004166318,-0.003088011,-0.012196454,-0.001818906,-0.002252042,-0.001153403,-0.000570288,-0.000795756,-0.002033815,-0.000814366,-0.00075466,0.00032538,39.8,-0.1,40.4,6.921658184,4.94875989,5.442417711,5.958424693,5.541263545,6.829793738,4.727387819,5.267858159,5.888877958,5.549076085,0.0020419,0.01757531,0.079431441,0.006946356,0.002412546,0,-0.005867404,-0.002435889,-0.005306568,-0.00570924,-0.018274865,-0.020114911,-0.001633198,0.002164669,0.002440345,0.000456301,-0.026634829,-0.032190948,0.129556422,-0.020238232,-0.09,0.02,-0.19,-0.16,-0.21,-0.18,-0.17,-0.03,0.1,-0.13,-0.94,-0.95,-0.56,0.22,0.61,1.42,2.63,-0.030356939,-0.019392581,-0.066058065,0.034617836,0.001466592,-0.002612465,-0.002691118,-0.001943774,0.035979735,-0.150613458,-0.027538808,-4.61385E-05,-0.007202912,-0.00120772,0.001750831,-0.000109036,0.00352113,-1.25571E-05,-0.001569508,-7.17105E-05,-4.75636E-05,-0.00040952,0.00176769,-0.003088304,0.000256154,-0.00261659,-0.005214716,-3.05246E-05,-8.9,-0.004128464,-0.008644809,-0.002872398,-0.002792587,30.1304
-2.58356E-05,-0.000548136,-0.000916859,-0.011891607,-0.002785347,-0.011808012,-0.011562514,-0.014453547,-0.010268896,-0.054750041,0.004727402,-0.023378785,-0.012104712,-0.018910494,0.000237985,-0.011106401,-0.03151922,-0.018592469,-1.0243,-259,-0.052671866,0.000595085,-0.001942224,0.3,0.2,0.027988276,0.020078527,0.080725628,0.091210379,0.068307118,0.049321923,-0.001372433,-0.008127344,0.000736106,-0.007625416,-0.008513121,-0.011526961,-0.003902585,0.000465566,-0.000973451,-0.001485205,-0.001066529,-0.001511031,0.000379476,39.9,0,40.2,7.043159916,5.049856007,5.521460918,6.171700597,5.560681631,6.84694314,4.682131227,5.308267697,5.934894196,5.533389489,-0.025143312,-0.097129352,-0.200539895,-0.00655643,0.002489628,0.020662252,0.003045492,-0.000431093,-0.001269581,0.001440356,0.023666185,0.023455651,0.005647573,-0.000765451,-0.005019409,-0.000568175,0.0262543,0.022866746,-0.073162432,0.036070136,-0.3,-0.07,-0.11,-0.13,-0.24,-0.31,-0.33,-0.23,-0.12,0.1,-0.75,-0.78,-0.5,0.21,0.58,1.49,2.81,-0.007687694,-0.019616968,-0.002901012,0.009514625,0.003012699,-0.004166921,-0.00585974,-0.011170235,-0.148533852,-0.170520606,-0.069304538,-0.004523137,0,-0.015320214,-7.00292E-05,-0.008799066,-0.00352113,0.000691014,-0.003781184,-0.005383617,-0.004592377,-0.004454404,-0.003887077,-0.011087958,-0.001717137,-0.00259628,0.001480931,-0.009179385,2.1,-0.001800806,-0.044774492,-0.003026973,0.001863791,25.1066
0.005012441,0.003948745,-0.003657454,-0.010463067,-0.008324945,-0.006508337,-0.005985559,-0.005842491,-0.007083538,-0.016628941,-0.003890799,-0.00678612,-0.007147372,-0.013197134,-0.005961612,-0.007256586,-0.002536299,-0.025628666,-0.6984,2,-0.007358057,0.000570948,-0.000549574,0.1,0.1,0.005793759,0.039766671,-0.014855844,-0.025369194,-0.002403847,0.018298265,-0.000522019,-0.0034419,0.002645504,-0.009465659,-0.0018953,-0.001807201,-0.002029574,0.000267602,-0.000265651,-0.000495559,-0.002373295,-0.001664775,0.000975134,40.1,-0.1,40.3,6.876264612,4.574710979,5.463831805,5.996452089,5.455321115,6.758094504,4.615120517,5.231108617,5.828945618,5.451038454,-0.005513727,0.040337755,0.232123454,0.007493773,-0.004699915,0.010331125,0.000477981,0.001803894,-0.000901972,0.004346143,-0.065240682,-0.069066838,0.001121981,0.002483498,-0.004680956,-0.001642361,0.041804733,0.040849069,-0.129629828,0.053426814,-0.5,-0.11,-0.32,-0.33,-0.26,-0.29,-0.31,-0.25,-0.19,0.49,-0.57,-0.61,-0.26,0.42,0.77,1.74,3.12,0.015698724,0.019304858,0.035529545,-0.021770758,-0.002754111,-0.010631966,-0.013948944,-0.009372253,0.004443576,-0.060543443,-0.016695635,0.00148639,0.006359322,0.002351143,-0.001834097,0.00078956,0.002632735,-0.000718329,0.000737026,-9.26683E-06,0.0007521,-0.000311149,-0.002258701,0.002103907,-0.001007172,0.003451255,-0.001483128,0.00825479,-0.5,0.003925031,0.025148598,0.001585814,-0.001100618,22.5845
-0.006709704,-0.00995343,-0.009063227,-0.006612025,-0.022591258,-0.004424035,-0.003076256,7.38142E-05,0.004318662,0.001313232,0.005386171,-0.005820916,-0.006073704,-0.013225594,-0.008737889,-0.007560006,0.044647078,0.023123635,-0.7094,-243,-0.036456814,-0.001483556,-0.002548894,0.1,-0.3,0.002308137,0.025025368,0.033790681,0.025369194,0.04356192,-0.034091035,-0.001109049,-0.006138702,-0.002057009,-0.014971834,-0.003743705,-0.00582424,-0.000580636,0.00024427,-0.002749204,-0.004317928,-0.001215536,0.001513547,0.000324834,39.8,0,40.2,6.682108597,4.33073334,4.927253685,5.843544417,5.476463552,6.666956792,4.521788577,5.192956851,5.693732139,5.379897354,-0.002723141,-0.029746096,-0.134225133,-0.000202329,0.005954234,0.030993378,-0.000130822,0.002032071,0.001147823,-0.00367199,-0.100770772,-0.093915014,-0.012254488,-0.002927895,0.005364932,-7.869E-06,-0.009965844,-0.005133361,0.038922189,-0.004864699,-0.4,-0.7,-0.52,-0.42,-0.41,-0.03,0.01,-0.01,0.02,0.19,-0.69,-0.63,-0.27,0.79,1.18,2.13,3.54,-0.001004052,-0.007834575,-0.001423086,0.006586307,-0.003712822,0.009811958,0.01231633,0.006820146,0.083573891,0.075819517,0.044729704,-1.38816E-05,-0.000827897,-0.017417748,0.000542998,-0.002378122,0.000866831,0.003473261,-1.39023E-05,-9.21067E-06,0.000745263,0.002840897,0.010932856,-0.003593194,0.003996995,0.000846131,0.011024923,-0.000932089,1.3,0.004302544,-0.018337806,-0.00693163,0.004609125,26.9318
0.000674468,-0.000313113,0.006168228,0.005901097,0.01623148,-0.006831477,-0.008287364,-0.008622826,-0.009338216,-0.022492278,-0.005005309,-0.006270683,-0.005043876,-0.006459942,-0.004239999,-0.006564621,-0.042707926,0.030304961,-0.6199,-107,-0.024898189,0.000515924,-0.001569826,0.2,0.5,0.03260388,0.036951396,0.046593091,0.051744095,0.040637646,0.095878523,-0.0028194,-0.007005968,0.000588149,-0.008686046,-0.006890389,-0.009235275,-0.003345214,-0.001699493,-0.004450188,-0.001993292,-0.005969113,-0.001816531,0.000432947,39.8,0,40.1,6.872128101,4.442651256,5.583496309,5.955837369,5.429345629,6.748759547,4.564348191,5.278114659,5.831882477,5.393627546,-0.014991609,0.005329878,-0.005658842,0.002484039,-0.002462793,0,0.003480011,0.000249004,0.004333436,0.003899305,0.100433435,0.100414203,0.008260932,0.000258265,-0.002557519,-0.000764352,0.107030447,0.111522587,-0.375716719,0.115227431,-0.66,-0.61,-0.28,-0.35,-0.37,-0.23,-0.24,-0.21,-0.38,0.24,-0.31,-0.32,0.02,1.22,1.6,2.58,3.82,-0.01468751,-0.002283555,-0.023940494,0.015133538,-0.00095201,-0.011452647,-0.014814925,-0.008591118,-0.106999586,-0.104681653,0.00942314,-0.002976744,-0.002384294,-0.001737354,-0.000630136,-0.003172088,0.001726927,-0.002123835,-0.002978961,-0.003030305,-0.003777866,-0.003276873,-0.002579295,-0.0043802,-0.00293762,-0.005155386,-0.015426508,-0.003652972,3.6,0.001259155,0.005396413,0.002150814,0.000202461,22.1126
0.001423237,0.000432368,0.011694322,-0.005798157,0.005651519,-0.005330263,-0.003202491,4.16915E-05,0.000912361,0.005223792,-0.000394386,-0.000543097,-0.007953704,-0.012005486,-0.011518346,-0.007206253,0.025058967,0.007159213,-0.6605,-60,-0.020829925,0.00172839,-0.00087508,0.2,0.2,-0.012914273,0.071067181,0.089012783,0.120844209,0.050684702,0.029719264,-0.001454131,-0.005297852,-0.000588149,-0.009786011,-0.004133801,-0.005426896,-0.002187706,-0.000431153,-0.002366654,-0.002266442,-0.002388401,0.000302984,0.000324588,39.7,-0.1,40,6.825460036,4.700480366,5.411646052,5.983936281,5.247024072,6.814542897,4.634728988,5.313205979,5.866468057,5.529429088,-0.00734877,-0.061953376,-0.058196297,-0.002450643,-0.00996017,0,0.000792908,0.000154789,0.005248502,-0.00210292,0.049668135,0.043644849,-0.000807869,0.000414222,-0.000187333,-0.0008318,0.027284073,0.032032722,-0.088199781,0.034226882,-0.13,-0.08,-0.03,-0.01,0.13,0.3,0.26,0.1,0.02,0.29,-0.21,-0.2,0.28,1.65,1.99,2.81,3.97,0.05122167,0.092762773,0.051152059,-0.075428689,0.001989534,0.002433129,0.004905496,-0.001816608,0.049492944,0.16284972,0.00680381,-0.000742115,-0.00550655,0.003098533,-4.08538E-05,-1.00942E-05,-0.003490381,-0.002784026,-0.000742666,-0.000756716,0,-0.000293033,-0.005524536,0.001814341,-0.000164717,0.001716002,0.000722649,0.002730999,17.3,-0.000292543,0.012014608,0.002217715,0.011129159,19.041
0.00381154,0.002292896,-0.003327303,0.019512731,0.01010838,0.002090537,-1.73387E-05,-0.00229562,-4.87884E-05,0.02215902,-0.007308447,-0.001996334,0.004698248,0.010994856,0.005714263,0.003633436,-0.014006514,-0.019920103,0.1835,-14,0.004427383,0.002452669,0.003876812,-0.1,0.6,-0.04006877,-0.045025927,0.031777944,0.033985865,0.02901758,-0.064939725,-0.00195444,-0.004046986,-0.007233038,-0.008022258,-0.00274589,-0.002140079,-0.003656846,-0.001399613,-0.003224076,-0.001693578,-0.004468504,-0.002882065,-0.000162281,39.9,-0.1,40.1,6.908754779,4.564348191,5.497168225,5.998936562,5.552959585,6.820016365,4.682131227,5.33753808,5.897153868,5.463831805,0.014119086,0.041811699,-0.095374859,-0.007562341,-0.00263767,-0.041324503,-0.002067238,-0.002095876,0.000932893,-0.006139896,0.033954703,0.03472384,-0.005293108,-0.00269589,0.001390247,-0.001112123,0.019682533,0.018609568,-0.060818437,0.025288515,-0.21,-0.34,-0.26,-0.21,-0.16,-0.07,-0.07,-0.07,-0.15,0.16,-0.26,-0.2,0.33,1.79,2.13,2.95,4.03,0.019028252,0.033975793,-0.001996362,-0.040161091,-0.003202495,0.004113539,0.004979263,0.006038999,0.032204709,0.080189036,0.004658725,0.002223046,0.006288697,0.008101115,-4.03365E-05,0.007158331,-3.00886E-06,-0.000694191,0.00148368,0.003025148,0.002259888,0.001585728,0.002320342,0.0071533,-0.000907491,0.004274602,0.010270429,0.001804157,-5.9,-0.001139125,0.02153663,0.003546403,-0.012662625,18.9272
0.000123199,-0.000312358,0.002542181,0.008168888,0.000353847,0.009932835,0.010475379,0.011855017,0.016950641,0.017838945,0.016713186,0.007574693,0.009258314,0.001621282,0.009350098,0.006860515,0.044313724,0.021759262,0.4351,-9,-0.013059583,-0.002943925,-0.005680362,0.2,-0.6,0.062974799,0.022242753,0.020637789,-0.015606066,0.064283126,-0.044305852,-0.00107103,-0.003046024,-0.006987318,-0.008711941,-0.001346486,-0.001949508,-0.000439722,-0.000548716,-0.001481183,-0.001021382,-0.001985528,-0.002585749,0.000703026,39.8,0.1,40.2,6.903747258,4.762173935,5.379897354,5.905361848,5.686975356,6.898714534,4.672828834,5.384495063,5.96870756,5.616771098,0.01286702,0.025351116,-0.022121215,-0.004433779,-0.004922235,-0.020662252,0.001505511,1.99856E-05,-0.00052718,0.003413097,-0.059746306,-0.06199582,0.000735071,-0.001702601,0.000451586,-0.000903978,-0.004461052,-0.000266601,0.016929561,0.001102126,-0.13,-0.15,-0.19,-0.1,-0.11,0,0.03,0,-0.08,0.14,-0.32,-0.17,0.35,1.92,2.29,3.08,4.08,0.006795603,0.01208036,0.008056426,-0.014913188,-0.003125817,0.002470154,0.001662511,0.003492687,0.009951278,-0.027522435,-0.023639511,0.001471084,-1.53788E-05,0.007329343,-0.00118073,-0.000806574,0.001724118,0.0020635,0.002215917,0.002253053,0.000745373,0.002343477,-0.001482353,0.000621345,0.003795807,-0.004279725,-0.011723805,-0.000921782,-3.5,3.61443E-05,-0.01699613,0.00195673,0.002453309,17.1804
0.005254455,0.005607575,0.000164379,-0.004488549,0.002158968,0.009067833,0.011143369,0.011765678,0.013260747,0.026099084,0.008915506,0.011860509,0.006480242,0.017677373,-0.000221194,0.010446319,0.032303634,0.00760581,0.7169,47,0.007132311,0.001227689,0.001693048,0,0.8,-0.05477323,-0.000698568,0.117585661,0.164503713,0.060399219,-0.042034512,0.00081261,-0.002080153,-0.005535207,-0.003757049,-0.001524301,-0.003518721,0.001464987,0.00157529,-0.000629044,-0.000462856,-0.000209641,-0.001066667,0.003399987,40.1,0.2,40.5,6.943122423,4.912654886,5.505331536,6.008813185,5.509388337,6.871091295,4.691347882,5.384495063,5.934894196,5.556828062,0.010797485,-0.032753508,-0.005689916,-0.009516918,-0.003044878,0,0.002526199,-0.000517101,-0.000283981,-0.002149559,0.05188795,0.052917212,0.003408819,0.001896446,-0.00178145,-0.001383572,0.000793357,0.001820362,9.644E-05,0.007874958,0.12,0.19,0.11,0.14,0.23,0.24,0.21,0.15,0.1,0.21,-0.33,-0.15,0.46,2.04,2.38,3.11,4.06,0.019731611,0.048417611,0.010977581,-0.043937703,-0.005231506,-0.004116244,-0.004157315,-0.000878346,-0.023953652,-0.070279199,-0.025055479,-0.00074862,-0.004695455,-0.004075961,0.001675739,-0.000798969,-0.001733082,-1.18253E-05,-0.001486391,-0.002268386,-0.000757228,-0.002461203,-0.003892269,-0.002611095,-0.002096669,0.001701401,0.003658449,-1.30095E-05,3.8,-0.000972682,0.023300376,-0.005300427,0.006447415,17.575
-0.002256078,-0.002414226,0.004882502,0.012968246,0.003280919,0.001047618,-0.003809491,-0.003175178,-0.004365791,0.015403404,-0.011269603,0.002574567,0.007109054,0.009970666,0.012199823,0.003259017,-0.029528818,-0.00618216,0.1522,-113,-0.008865823,-0.001402064,-0.000603724,-0.1,0.1,-0.001751825,-0.020830409,-0.058948175,-0.106609735,-0.00090212,-0.024444743,-0.000369286,-0.002839525,-0.0081338,-0.006293287,-0.001702928,-0.001764015,-0.001611604,0.000279792,0.000134828,-0.000617475,-0.000574797,-0.001831223,0.001991443,40.1,0.2,40.5,6.968850378,4.663439094,5.480638923,6.084499413,5.627621114,6.880384082,4.709530201,5.416100402,5.96870756,5.505331536,0.01346458,0.129977935,0.290476365,0.014860808,-0.001222975,-0.010331126,-0.003560885,-0.001406506,-0.000202893,0.002953226,-0.021901992,-0.026968338,-0.002768188,-0.0055988,-0.000555626,-0.000602168,0.005115236,0.005551576,-0.004999431,0.014949378,-0.08,-0.06,0.01,-0.05,-0.05,-0.03,-0.01,-0.01,-0.07,0.23,-0.24,-0.12,0.49,2.09,2.45,3.18,4.07,-0.002147814,0.011956735,-0.013816181,0.000969403,0.004709585,-0.000828137,-0.001677084,-0.000882978,0.019006012,0.109341163,0.052364716,-0.001476002,0.007016961,-0.002432762,-0.001173039,-0.003160183,0.001715246,0.000671082,0.000730136,-0.000753848,-0.000752147,-0.000109716,0.009671304,-0.004976534,-8.30973E-06,-6.50773E-06,0.00146789,0.000881939,0.8,-0.002741164,-0.008393709,0.004142484,-0.000445669,17.6695
0.001989348,0.001467004,-0.001527773,-0.004222411,-0.005568544,0.000813706,0.001609718,-0.000435822,0.000881018,-0.0136228,0.006000596,-0.003440649,-0.00017519,0.004214464,-8.3978E-05,0.002049571,-0.005497362,0.000421844,0.052,-44,-0.008207157,-3.17078E-05,-0.000714735,0.1,0.1,0.006988963,-0.018362352,0.029705154,0.009331327,0.052736296,0.031419894,0.000156963,-0.000622222,-0.008200502,-0.004006331,0.000587544,-0.00157063,0.003805068,0.000361282,8.98755E-05,-0.00063717,0.000147615,-0.000611154,-0.001668237,40.1,-0.1,40.6,6.955592608,4.787491743,5.472270674,6.061456919,5.568344504,6.850126166,4.736198448,5.379897354,5.926926026,5.472270674,-0.006622096,-0.055910787,-0.192970605,0.001337941,-0.000496882,0,0.000313817,-0.001580051,-0.003251903,-0.003126383,-0.006566516,-0.004454305,-0.002803207,0.000696299,-0.00138805,-0.001285616,0.02383076,0.021557826,-0.064372264,0.034782128,-0.16,-0.33,-0.25,-0.31,-0.53,-0.48,-0.37,-0.25,-0.24,0.06,-0.33,-0.27,0.12,1.77,2.24,3.09,3.99,-0.012919764,-0.01825225,-0.007381161,0.01966844,-0.003573767,0.004124393,0.006677108,0.00439638,-0.005036772,-0.046455969,-0.004403955,0.001463045,0.003045403,0.006471857,0.002207867,0.00236811,-0.004298122,-0.001377318,0.000723695,0.001492524,0.000743756,0.000744312,-0.008017819,0.006813152,-6.06926E-05,-0.002547772,-0.000733945,-0.004482302,-0.9,-0.001529202,0.016638517,0.000324547,-0.003681095,15.9327
0.003130435,0.002735616,0.000473132,0.004267843,0.000951671,0.008788825,0.011411835,0.013643744,0.014814154,0.040665673,0.005738087,0.015260179,0.005509125,0.013141569,0.005157106,0.010789176,0.014937175,-0.003484157,0.7375,34,0.001774059,0.003955701,0.003772115,0,0.1,0.009243278,-0.006562182,0.014928661,0.010777625,0.019500406,-0.016587228,0.000184631,-0.001201094,-0.010115029,-0.001056971,-0.000881446,-0.001769912,0.000438116,0.000547502,-0.001348982,-9.65764E-05,-0.001469348,-0.001376463,-0.001293452,40.2,0,40.6,6.922643891,4.644390899,5.493061443,6.052089169,5.493061443,6.881411304,4.691347882,5.361292166,6.013715156,5.493061443,0.012963271,-0.026374457,-0.02605058,-0.006874705,0.003762883,0,-0.002677089,0.000298008,-0.002976617,0.001579382,0.011703845,0.017476388,0.011294892,0.001624361,0.000173936,-0.00148884,-0.005665738,-0.008998619,0.02903768,0.006141312,-0.21,-0.15,-0.11,-0.14,-0.21,-0.29,-0.25,-0.14,-0.14,0.12,-0.23,-0.2,0.12,1.69,2.2,3.16,4.06,-0.019541622,-0.026531352,-0.018567501,0.024864941,-0.007186079,-2.71856E-06,-0.000838553,-3.0887E-06,-0.004065965,-0.004671923,0.017527835,-8.57473E-06,-0.008511282,-0.004855029,-0.001727515,-2.48784E-06,0.001717475,0.002027174,-1.3398E-05,-8.92402E-06,0.000738766,0.001118779,0.004280926,-0.001545223,0.0016116,0.002541297,0.001466276,0.002679769,1,0.000973278,-0.060038229,-0.015179148,0.006487452,17.029
0.00136092,-0.002010318,-0.004028772,0.001009072,-0.006486705,-0.00164662,-0.004268237,-0.004099258,-0.002906088,-0.004518767,-0.002323213,-0.008220978,0.001639736,-0.00305362,0.006377699,-0.001728331,-0.022696701,-0.02056247,-0.2636,-131,-0.019329661,-6.31682E-05,-0.001085998,0.1,0.4,-0.001438642,0.016325412,0.054931043,0.07164377,0.03627768,-0.004131018,0.000230741,-0.002138848,-0.009440602,-0.006365394,-0.000646888,-0.00197025,0.001313198,0.000849781,-0.001260694,-0.001217662,-0.001494885,-0.000306138,0.002692806,40.2,0,40.6,6.983789965,4.804021045,5.446737372,6.135564891,5.572154032,6.898714534,4.804021045,5.433722004,5.950642553,5.545177444,-0.007385504,0.010618697,0.018690872,-0.007318846,0.001665179,0,0.006158214,0.001578578,0.000122501,-0.000201544,-0.001849729,0.003321031,-0.002845421,0.000867299,-0.001462565,-0.001275001,-0.000826788,-0.003753414,-0.004278132,0.016486844,-0.24,-0.22,-0.23,-0.21,-0.24,-0.27,-0.12,-0.06,-0.02,0.14,-0.22,-0.17,0.12,1.66,2.32,3.34,4.28,-0.009949893,-0.001487291,-0.026614738,-0.001971244,-0.008035718,0.001639327,0.001658357,-0.001755927,0.031186189,0.053075087,-0.010508738,-0.001465189,-5.91716E-07,-0.00241903,-0.000590027,-0.001576044,-0.000858738,-0.002047467,-0.001467846,-0.002238526,-0.001492524,-0.001556292,-0.000682447,-0.002322377,-0.00145842,-0.00085068,-0.001466276,0.000882122,-4.7,0.005382982,0.034461579,0.008480912,0.004518936,16.8463
0.001741467,0.002512267,0.00471987,-0.003242739,0.005226189,-0.001175362,0.001144664,0.000349127,0.001314675,0.002170087,0.001017208,3.10688E-05,-0.004083896,0.002048181,-0.009597015,-0.001946555,0.052898055,0.006511636,-0.289,45,0.001916728,0.000465772,-0.000254701,0,0.4,-0.003750185,0.000719424,0.029875261,-0.044451763,0.108109769,0.052191767,-0.000516934,-0.004560298,-0.010787254,-0.01242252,-0.002237928,-0.003952184,0.000291588,0.000535108,-0.000766197,-0.000948097,-0.001177237,0,0.001826975,40.2,0.1,40.7,7.005789019,4.795790546,5.429345629,6.156978986,5.641907071,6.891625897,4.804021045,5.398162702,5.986452005,5.493061443,-3.5869E-05,0.017394841,0.122562469,-0.002215977,0.000831551,0,0.001376328,5.70333E-05,-0.002780392,0.002887721,0.019976197,0.015742703,-0.004760236,-2.54954E-05,0.005608153,-0.000749351,-0.002484473,-0.005304936,0.00098601,0.015273701,-0.4,-0.37,-0.43,-0.43,-0.44,-0.25,-0.11,-0.07,-0.04,0.17,-0.25,-0.2,0.08,1.81,2.61,3.67,4.64,-0.017876153,-0.029732013,-0.008757204,0.032263626,0.002037112,0.00080656,0.000815769,0.000876808,-0.025090107,-0.094237116,-0.012303201,0.002904854,0.006125003,0.006443831,-3.05583E-05,0.004713284,0.001715266,0.000666323,0.002171512,0.003710026,0.002958567,0.000298936,-0.000500566,0.0054037,-0.001601406,-0.000846379,0.000732333,-0.002673398,-9.2,7.47687E-06,-0.00952671,-0.006674852,-0.002106792,17.6815
0.008478117,0.006722442,0.001707508,-0.012812344,-0.000836933,-0.003923694,-0.006860832,-0.008861402,-0.01216849,-0.007804828,-0.013702495,-0.000423096,-0.000235296,-0.000179547,0.006604883,-0.001744283,-0.060031417,0.014398822,-0.2808,21,-0.00686637,-0.000292069,-0.00258464,0.3,0.6,0.003750185,0.011440954,0.062051989,0.033702824,0.088947486,0.02516344,0.000203113,-0.001883831,-0.006149014,0.001507484,-0.002656671,-0.004166673,-0.000437413,0.000744022,-0.000225464,-0.000484069,6.24049E-05,-0.000459383,0.000751315,40.3,-0.1,40.7,6.983789965,4.94875989,5.505331536,6.102558595,5.501258211,6.966967139,4.727387819,5.480638923,6.068425588,5.620400866,-0.019191345,-0.067702322,-0.22156285,-0.004622199,0.005394281,0.030993378,-0.000339926,0.000383005,-0.000901196,0.003073025,0.01743443,0.013475234,0.004041866,-0.000423753,0.000988513,-0.001368353,0.006688815,0.006637701,-0.02799317,0.029090932,-0.38,-0.37,-0.49,-0.51,-0.51,-0.43,-0.33,-0.17,-0.19,0.18,-0.36,-0.33,-0.05,1.76,2.66,3.88,4.83,-0.013805337,-0.034964381,-0.012361628,0.026396121,0.014493644,-0.004910661,-0.005795053,-0.001753617,-0.024147028,-0.107272757,-0.015526101,-0.001465091,-0.00918664,-2.32257E-05,0.001062673,-0.002364947,-0.000858735,0.001330045,-0.000740665,-0.002234594,-0.00149242,0.000327144,-0.006025982,-0.002432211,0.002658944,0.001684208,0.004379033,-7.88721E-07,-0.9,0.00148552,-0.000463385,0.021077862,-0.002872649,18.0185
0.004991443,0.002913213,0.01448674,0.019185127,0.018865896,-0.005590842,-0.009254942,-0.012270995,-0.009874981,-0.044411368,0.001933814,-0.018040763,-0.001014903,-0.005430121,0.000412238,-0.006007737,-0.033345093,-0.003854107,-0.6455,-140,-0.017904542,0.004702185,0.004349236,0,0.7,-0.021831751,0.004610755,0.056466612,0.034693745,0.076148063,-0.039636782,0.00045224,-0.002742376,-0.006664576,0.004294617,-0.004562295,-0.006783068,-0.001313389,0.001277495,-0.001263538,-0.001841603,-0.000288655,-0.001379416,0.002518151,40.2,0,40.6,7.069874128,5.017279837,5.673323267,6.118097198,5.634789603,6.981934677,4.844187086,5.572154032,6.045005314,5.579729826,-0.010159244,0.042360224,0.146647086,-0.003382061,-0.005876255,-0.030993378,0.00429353,0.000676516,0.001924298,-0.008823342,-0.041321723,-0.04163313,-0.007710688,0.002181999,0.001069247,-0.000772256,0.06855864,0.074390216,-0.198460338,0.092914443,-0.4,-0.54,-0.27,-0.23,-0.23,0.05,-0.06,-0.11,-0.13,0.04,-0.23,-0.16,0.12,2.21,3,4.17,5.1,0.001109178,0.013192993,-0.020340669,-0.010010534,0.009028623,-0.001638671,-0.001662493,-0.004400249,0.01490408,0.104306915,-0.017861824,-0.002175225,0.003821755,-0.008812513,-4.29532E-05,-0.004696675,0.001708669,-0.002025352,-0.002894879,-0.002219757,-0.002952032,-0.001150382,0.006380535,-0.005125046,-0.000979042,-0.003370552,-0.004383299,-0.003553189,-0.7,0.001745561,0.002782588,-0.013106217,-0.003177131,17.4995
0.00497393,0.005568528,0.001126338,0.002512045,0.000718837,0.007067167,0.009305884,0.01165706,0.009947983,0.041536741,-0.000763432,0.020915247,0.004280923,0.018028177,-0.004463402,0.008816564,0.026157871,-0.016216823,0.5139,108,0.006170679,-0.000424415,-0.001908956,0.1,0.6,-0.036258654,0.043959318,0.039095014,0.028132215,0.04870214,0.007262855,-0.000526095,-0.003201446,-0.00670929,-0.011854865,-0.000594036,-0.000100095,-0.001315117,0.000162473,0,-0.000892944,0.000413454,0.000460017,5.35088E-05,40.3,0,40.7,7.13089883,4.941642423,5.758901774,6.208590026,5.690359454,7.044032897,4.859812404,5.739792912,6.068425588,5.613128106,0.01538004,0.002730018,-0.016192605,-0.006020672,0.001616919,0,0.001297666,0.00287943,0.003389211,0.005126486,-0.015282593,-0.011730548,0.001480154,-0.000597216,0.000422992,-0.000839376,-0.0084959,-0.00503933,0.034794773,0.012843819,0.03,0.04,0.04,0.06,0.14,0.34,0.31,0.09,0.1,0.05,-0.22,-0.13,0.23,2.52,3.28,4.23,5.17,0.020417131,0.036507551,0.017677008,-0.017397562,0.021713966,0.004911996,0.006633505,0.008798187,0.024536054,0.045621399,0.09221636,0.001443521,-0.000765402,0.003201921,0.000496543,0.003914509,-0.000858715,-0.000674038,0.001440402,0.00221484,0.001472754,0.001170777,0.000197997,0.004239498,0.000110774,0.002525607,-0.005835703,0.007989365,1.3,0.004885831,0.014532921,0.004706604,-0.002193401,17.0505
0.00165784,0.000813729,0.001820909,0.004016846,-0.003000606,0.008329069,0.008624041,0.009268193,0.009546358,0.020595823,0.005706566,0.01135002,0.007962684,0.011409506,0.013879393,0.010192641,-0.008787397,0.005201836,0.6168,140,0.01461104,0.003116038,0.003315009,0,0.4,0.04037026,-0.052845106,0.004390098,-0.036518009,0.03856593,-0.029140527,0.000479957,-0.000677675,-0.002246471,0.001949529,-0.001427128,-0.002104315,-0.000438757,0.000777186,9.03057E-05,-0.000524491,-7.7997E-05,0,0.001390226,40.3,0.1,40.7,7.167809184,4.919980926,5.793013608,6.269096284,5.717027701,6.986566459,4.812184355,5.579729826,6.098074282,5.517452896,0.044581015,0.046819601,0.093107098,-0.004805881,0.0038525,-0.03,-0.003772737,-0.004398354,-0.002448881,0.002664795,0.029721028,0.026874682,0.002384351,-0.001269761,-6.45E-05,-0.000498219,-0.012684334,-0.012359881,0.047815179,0.006908498,-0.08,0.19,0.2,0.25,0.34,0.37,0.2,0.06,0.02,0.32,0.06,0.2,0.65,2.97,3.56,4.37,5.27,0.025292027,0.035950592,0.039641115,-0.030845489,0.008672643,-0.001638671,-0.003316753,-0.002642782,-0.029630436,-0.013423314,-0.026707927,0.001434164,0.001523808,0.004810912,-0.00058425,0.001558832,0.002547031,0.001326667,0.000713468,0.00073067,0.001466263,-0.000111285,-0.002492219,0.001266152,-0.000198011,0.000836449,0.011669818,-0.003555534,7.2,-0.009194085,-0.016313105,0.001663424,-0.003570608,16.2227
0.003720557,0.002741456,0.000837932,0.006642007,0.006016521,0.007543009,0.00744669,0.00743603,0.009211337,0.018697388,0.005885941,0.00968079,0.007665389,0.006382354,0.001475114,0.005314854,0.042278973,0.006205852,0.2257,-104,-0.009558765,0.001855586,0.002384073,0,0.3,-0.034589018,0.007114936,-0.020867023,-0.032088315,-0.011928571,-0.026542402,0.001447705,0.000225943,-0.006284768,-0.003902867,0.001545963,0.000802166,0.002629658,0.001760931,0.000541663,-0.00212019,0.001527634,0.001531863,0.001281572,40.6,0.1,40.9,7.002155954,4.812184355,5.468060141,6.165417854,5.572154032,6.960347729,4.770684624,5.493061443,6.052089169,5.590986981,0.001647128,0.036364669,0.01040351,0.001939254,0.003350988,0,-0.004801911,-0.002381042,-0.003397535,-0.00246764,-0.128225613,-0.12259697,-0.001032668,0.00592301,-0.004493264,-0.001173249,0.000122734,-0.000680841,-0.000371169,0.023065325,-0.25,-0.26,-0.29,-0.31,-0.33,-0.17,-0.06,-0.02,-0.04,0.31,0.02,0.14,0.57,3.05,3.75,4.6,5.48,-0.003991883,0.006603299,0.00508105,0.018848966,-0.004537442,-6.67479E-07,0.000827472,0.000876038,0.025575878,0.071968592,-0.011821281,-0.001446613,-0.006867619,0.000780495,-0.000573325,-0.002345275,-0.001710064,-1.10521E-05,-8.24555E-06,-8.65056E-06,-0.000740409,0.00029318,0.002608763,-0.00215571,0.000809177,0.000830136,-0.005835702,0.001758993,1.2,-0.002903201,0.037146874,-0.005843294,0.000730025,16.1885
0.005331374,0.005503687,0.005154742,-0.008738495,0.005467423,0.003285912,0.005643009,0.006074218,0.006595578,0.030355015,-0.00185188,0.008361791,0.000320087,0.010106987,-0.004666055,0.005877821,-0.024167787,-0.008826755,0.2654,94,-0.000537935,0.002172215,-0.000430741,0.2,0.4,0.036053361,-0.011766939,0.095600582,0.056352937,0.125499221,-0.002034345,0.001169542,0.000135541,-0.004861458,0.000434405,0.000237628,0.000200441,0.000291758,0.001434256,-0.000767442,-0.002261298,-0.000210301,0.001682343,0.000746826,40.4,0.1,40.9,7.101675972,4.820281566,5.700443573,6.216606101,5.669880923,6.962243464,4.828313737,5.552959585,6.03787092,5.537334267,0.022714599,0.010803487,0.024212699,0.001911997,-0.000536042,-0.01,-0.000372134,0.00091103,-0.002463258,0.001130069,0.076913776,0.070479993,0.0012919,-0.006704289,0.003654453,-0.000825064,0.018000535,0.012694351,-0.053946282,0.037703109,0.09,-0.16,-0.12,-0.12,-0.11,-0.09,-0.09,-0.05,-0.08,0.06,-0.19,-0.07,0.37,2.87,3.57,4.46,5.31,-0.012378391,-0.019069712,-0.020949612,0.029670442,0.009805233,0.002443327,0.003299649,0.00174518,0.011932337,-0.033948779,-0.008900005,-4.63146E-06,0.011442559,-0.00240283,-0.001622835,0.001555813,-0.000851404,-0.000671699,-8.1984E-06,-0.000739861,-4.82328E-06,-0.001394686,-4.09174E-05,0.000975557,-0.002596834,-0.002514316,-0.00072648,-0.000889976,2,0.002294471,-0.05294144,0.000206787,0.004594532,14.728
0.004161104,0.004441481,0.00269122,0.010486644,0.002803833,0.000164551,-0.003110548,-0.003806228,-0.005397479,-0.013986925,-0.002336103,0.000981064,0.004287669,0.002599594,0.010389027,0.002811741,-0.040247921,-0.004562271,0.0172,-36,-0.012462956,0.002650268,0.000371631,0.2,0.4,0.029129673,0.007504055,0.087253314,0.096554735,0.080352833,0.003229088,0.000598056,-0.001718213,-0.011436165,-0.00457069,-0.000534743,-0.001303585,0.00058326,0.001189796,0.00022578,-0.001269345,0.00059963,0.001374361,0.000479808,40.3,-0.1,40.8,7.043159916,4.744932128,5.620400866,6.135564891,5.676753802,6.963189986,4.804021045,5.488937726,6.079933195,5.545177444,0.01092109,-0.024034359,-0.037075424,-0.00508533,0.006641569,0,-0.003294362,-0.001207603,-0.004407925,-0.005532917,0.045897304,0.045345735,0.001685408,-0.003346793,-0.002723705,-0.001014016,-0.015891864,-0.018012577,0.047576421,-0.001926396,-0.06,0.04,0.03,0.02,-0.02,-0.21,-0.13,-0.06,-0.08,0.16,-0.1,0.01,0.41,2.72,3.5,4.46,5.29,-0.022243148,-0.045073995,-0.030556731,0.024888039,-0.00258862,0.000800108,-1.69631E-05,0.001726927,-0.009300488,0.032430908,0.014143848,0.000709419,-0.003070206,0.001577854,0.000509591,0.001544946,-2.85819E-06,-6.98946E-06,0.000703339,0.000724845,0.000723795,0.000475238,-0.004109124,0.003188641,0.000270476,0.002500345,0.007956642,-0.000882978,1.2,-0.003748972,0.045620731,0.00881246,-0.001194687,14.7531
-0.000790103,-0.001349044,0.003336249,0.013302983,0.007080015,0.008949407,0.010199566,0.011450673,0.012989865,0.025257883,0.008622305,0.010570765,0.007373475,0.010566361,0.000310631,0.008936798,0.009571233,0.004042366,0.5078,-20,0.003537323,0.000809269,0.002479633,-0.1,-0.1,-0.023002739,0.008154628,-0.039071709,-0.076215051,-0.012166739,0.055731194,0.000680429,-0.001041407,-0.00296199,-0.003058775,-0.000416109,-0.00200884,0.00189325,0.001119194,-0.002033853,-0.003425499,-0.001753177,-0.00045791,0.002927169,40.3,0,40.8,7.037905963,4.812184355,5.598421959,6.156978986,5.613128106,6.993015123,4.859812404,5.529429088,6.089044875,5.587248658,-0.003820086,-0.001988396,-0.010538904,-0.009268695,0.005652853,-0.01,0.005502079,0.001678547,-0.002687229,0.005509623,-0.00724213,-0.006945161,-0.000948553,0.001782609,0.005742161,-0.000115374,0.016470275,0.010731488,-0.043680043,0.028271793,-0.51,-0.48,-0.45,-0.49,-0.57,-0.64,-0.42,-0.15,-0.21,0.19,-0.04,0.03,0.35,2.59,3.59,4.82,5.59,-0.023630003,-0.065465266,-0.007548394,0.033187948,-0.003014573,-0.004870796,-0.004110158,-0.00435806,-0.01287784,-0.094199858,0.009344016,-8.15165E-06,0.000739537,-1.56477E-05,0.000502264,-0.002332498,-2.84855E-06,0.000650294,-0.000721615,-8.5123E-06,-0.000734968,0.001498048,0.003612922,-0.002333687,0.0026239,-0.004169103,-0.015187332,-3.07248E-06,-3.8,0.002356284,-0.00352309,-0.008543779,0.002573863,13.3036
0.00386713,0.003812805,0.002481718,-0.016035603,0.003241242,-0.004899548,-0.000492315,-0.000560418,0.000824891,-0.007753843,0.003879496,-0.003649748,-0.010483127,-0.003786269,-0.014017794,-0.004165933,0.013557537,-0.049261216,-0.5368,68,0.008828805,0.000388839,0.000951423,-0.1,-0.1,-0.000581903,0.002820876,-0.00973176,0.010681009,-0.02430427,-0.083700811,0.001240131,-0.001314627,-0.006447902,0.00240411,-0.00214273,-0.001509282,-0.003060112,0.001889401,-0.00054306,-0.001648417,-0.000686524,0.002135124,0.00350133,40.3,0,40.8,7.111512116,4.709530201,5.783825182,6.169610732,5.743003188,6.980075941,4.820281566,5.537334267,6.052089169,5.605802066,-0.025341175,-0.017934563,-0.038359148,-0.010279137,0.001257242,0.02,0.001351556,0.001295392,-0.000704007,0.003073698,0.000258879,0.002111911,-0.000440189,0.002703424,-0.000360116,-0.000413039,0.006914959,0.007607088,-0.01489465,0.014054453,0.05,-0.06,-0.08,-0.07,-0.13,-0.24,-0.25,-0.12,-0.19,0.08,-0.17,-0.09,0.17,2.3,3.29,4.65,5.35,-0.00947319,-0.028961094,0.002770985,0.013312465,-0.001426713,0.001621403,0,-0.001736865,-0.008897735,0.008941074,0.005408641,-0.00071808,-0.0075506,-0.003160181,-0.000549584,0.00076951,-2.83896E-06,-0.000665886,-0.000715512,-8.46285E-06,0.000720147,-0.00195199,-0.000683494,-0.00032213,-0.002834605,0.004160776,0.011575374,0.00086992,-0.5,0.002486579,-0.006336429,0.011633756,0.000428675,14.4223
-0.003823081,-0.004962362,0.006483175,0.013807836,0.009489988,0.002314502,-0.001690569,-0.002963374,-0.005576828,-0.003898198,-0.006165545,0.003150757,0.007396355,-0.001337684,0.012836884,0.000439337,-0.005948504,0.029019902,-0.1614,-91,-0.009119101,-0.000871209,-0.000892459,0,0.1,-0.002331003,0.014680445,-0.021178259,-0.077997435,0.018164935,0.023781757,0.000293732,-0.001134688,-0.00949928,0.000654665,-0.00131171,-0.001814151,-0.000583942,0.000655847,4.52663E-05,-0.002359605,0.000195083,0.002434572,-0.002863812,40.2,-0.1,40.7,7.07834158,4.828313737,5.579729826,6.257667588,5.613128106,7.01571242,4.844187086,5.568344504,6.102558595,5.627621114,0.026744638,0.002488368,0.033834021,-0.00695089,0.001665408,-0.02,0.003841092,0.00193511,0.00124203,0.000265338,0.020656172,0.019642064,0.005268425,0.001255667,-0.002301732,7.9982E-05,0.001315145,0.005444733,0.001678766,0.00432502,-0.08,-0.14,-0.22,-0.25,-0.29,-0.22,-0.17,-0.03,-0.03,0.02,-0.31,-0.26,-0.04,2.16,3.2,4.7,5.4,0.008369289,-0.014449098,-0.029213455,-0.051147061,0.026356573,0.001617467,0.003276006,0.002604544,0.029537289,0.044501943,-0.043134133,-4.53982E-06,0.002262727,-0.000787712,-2.20878E-05,-5.35838E-06,-2.82942E-06,-0.000660679,-0.000710972,-0.000731741,-0.001454533,0.000294435,-0.00163077,-0.001346421,0.00131409,-0.004990301,-0.010868811,-0.003494215,-0.5,-0.001086923,-0.008749734,-0.007363931,-0.008112391,14.2585
-0.004930854,-0.005796616,0.003365157,0.004039263,0.007205384,0.007498619,0.008845136,0.011053934,0.014611828,0.022179408,0.011931575,0.00375006,0.005788308,0.013058506,-0.003493663,0.006553175,0.048684264,0.040747611,0.3342,55,0.017747904,-0.003703318,-0.000775233,-0.3,0.8,-0.021227212,-0.091500651,0.000285347,-0.06066949,0.038564593,-0.098721267,0.001705609,0.000408636,0.002675587,0.003484324,-0.000596801,-0.001514311,0.000729874,0.002033841,0.000769213,-3.9374E-05,0.001372309,0.001366847,-5.3111E-05,40.3,0.1,40.8,7.126087273,4.859812404,5.726847748,6.251903883,5.666426688,7.031741259,4.753590191,5.537334267,6.184148891,5.624017506,-0.02080242,0.053869688,0.016737969,0.005282953,0.000484467,0.01,0.001186303,0.000572946,-0.000289669,-0.001774816,0.003141082,0.00685832,-0.00452837,0.000122324,-0.003718247,-0.000355903,-0.014392893,-0.020944782,0.042121396,-0.016397933,-0.12,0.09,-0.05,0.08,0.12,0.22,0.17,0.07,0.22,0.23,-0.24,-0.06,0.2,2.5,3.49,4.89,5.74,0.024784938,0.030515544,-0.011745203,-0.110760634,0.018478522,0.001605722,0.000803967,-0.001736112,-0.020639553,-0.035345062,-0.017682665,0.002114873,0.003022862,0.008624122,0.001012245,-5.33366E-06,0.000835052,0.003254544,0.003520373,0.001438289,0.00216319,0.001902742,0.002823255,0.00019583,0.002394887,0.004984773,0.013770535,0.002618182,-2.3,-0.002217927,0.000791367,-0.007438823,0.000963551,17.4786
0.002182155,0.004472989,0.001704408,0.001702709,0.002212934,0.004285701,0.003213821,0.003903083,0.002187898,0.008940879,-0.00022082,0.0081168,0.005645294,0.006547066,0.004937794,0.004175218,0.000356524,-0.016093582,0.1541,98,0.004839526,0.003236287,0.002088387,0.1,-1,-0.011689029,0.10562664,-0.031297831,0.069247098,-0.096587203,-0.042030374,0.00120867,0.000589957,-0.000835352,0.001303498,0.000417798,0.000605999,0.000145911,0.001365063,-0.00027142,-0.000571097,-0.000444235,0.001971041,0.000690223,40.3,0,40.9,7.101675972,4.727387819,5.587248658,6.251903883,5.752572639,7.019296654,4.8978398,5.560681631,6.104793232,5.620400866,0.024947725,-0.040187018,-0.049426438,-0.008607325,0.002322422,-0.01,-0.003880895,-0.003162495,-0.002030037,-0.000234686,-0.001574309,-0.003828048,0.002682842,-0.001745898,0.010582034,0.000130736,0.024757651,0.026057712,-0.074234529,0.020254484,-0.01,0.33,0.27,0.3,0.38,0.44,0.28,0.11,0.12,0.57,0.04,0.25,0.59,2.95,3.78,5.01,5.87,0.042072565,0.081232976,0.022158451,-0.079357279,0.017591093,-0.004839367,-0.005709965,-0.001736112,-0.002922554,-0.054252553,-0.006649634,-0.001424399,-0.000758422,-0.003951217,-0.000546324,-0.001539052,0.00082876,-0.001322429,-0.001424793,-0.000731644,-0.000731644,-0.00157234,-0.000188462,-0.00022672,-0.002363694,-0.001665261,-0.005082686,-3.04042E-06,12,-0.000947045,-0.005898495,0.012095468,0.003117534,14.594
0.035804033,0.040114575,0.006581592,0.015446294,0.012217247,0.000843776,0.002775986,0.002320848,-0.00017681,0.010586041,-0.004061063,0.008816484,-0.001617786,-0.00390278,-0.006002259,-0.001146716,0.037156459,-0.012791026,-0.259,3,0.000577151,0.000879395,0.00101735,0,1.1,-0.039353372,-0.057742191,0.072108413,0.126836433,0.031623188,-0.066334474,0.00198381,0.001541321,-0.001170667,0.005197067,0.000656188,0.000302862,0.001166521,0.002095585,0.000723622,-0.001379854,0.000709123,0.002269462,0.001961877,40.3,0,40.9,7.112327445,5.043425117,5.624017506,6.274762021,5.575949103,7.069874128,4.859812404,5.634789603,6.169610732,5.666426688,-0.004498664,0.029834697,0.075958632,-0.002365811,0.007157644,0,-0.002867841,-0.001313742,-0.001909507,-0.00535844,0.005058808,0.004142276,-0.000745412,-0.000617036,-0.004679336,-0.003474548,0.029822357,0.026672491,-0.086805857,0.022564432,-0.17,0.01,0.09,0.02,0.03,0.04,-0.1,-0.12,-0.15,0.75,0.3,0.44,0.79,3.16,3.85,5.06,5.89,0.002973605,-0.00505087,0.001297995,0.015725842,0.004015912,0.001610955,0.00244532,0.001736112,-0.008853833,0.01701751,0.038514624,-0.001412418,-0.000755,-0.00312011,-0.001049976,0.000765988,-0.003344485,-0.001307111,-0.001409901,-0.000725372,-0.00144299,-0.000224342,-0.005387137,0.001791499,-2.3324E-05,-0.000829529,-0.000723837,-3.02985E-06,5.7,-0.004631229,0.00351733,-0.003016533,-0.000314049,12.7813
-0.027915013,-0.035145656,-0.001451153,0.002501651,0.01150458,0.004323914,0.004260436,0.005034926,0.005788221,0.014504446,0.002609213,0.003990672,0.004399467,0.015531079,0.008723074,0.009677362,-0.061753789,0.00147071,0.6215,-70,0.000331714,-0.001198658,0.000655264,-0.1,-0.7,0.033912004,-0.040686085,-0.0872355,-0.144790237,-0.044761326,0.01928193,0.002827205,0.002578662,0.001337793,0.007316581,0.001311085,0.001512936,0.001019591,0.002889961,0.003249834,0.000808431,0.003716609,0.002565845,0.001217608,40.5,0.2,41.1,7.098375639,4.86753445,5.713732806,6.320768294,5.398162702,7.070724107,4.955827058,5.638354669,6.184148891,5.59471138,0.020354131,-0.035875427,-0.082583649,-0.012088824,0.000218928,-0.01,-0.003664987,-0.001111063,-0.005165602,0.001927703,-0.043760667,-0.04475955,-0.001001456,-0.002723809,0.000436277,0.00251517,-0.000941587,-0.008950634,0.010328186,-0.018577581,0.1,-0.42,-0.22,-0.22,-0.21,-0.25,-0.17,-0.07,-0.14,0.23,-0.02,0.12,0.48,2.81,3.58,4.89,5.65,0.014407918,0.038289781,0.007647986,-0.011999495,0.004234636,0.000803534,0.000813337,0.002603038,0.015717279,0.02979864,0.000914492,0.002101075,-0.000753296,0.000771886,0.001511883,-2.34876E-06,0,0.001281974,0.000693192,-4.63146E-06,0.001430604,0.000701216,0.005775299,-0.002620298,0.00102489,0.001650844,-0.001439885,0.001730083,-1.7,-0.001656621,0.003514296,-0.014368896,-0.011304341,12.584
0.004583367,0.005599855,0.001848126,-0.001282771,-0.007819975,0.00436513,0.002362835,0.00019625,0.001080849,-0.003906958,0.002913604,0.000381893,0.006919688,0.006986323,0.001356654,0.002379049,0.025849826,0.010688094,0.0478,112,0.017073418,0.000451611,0.001678205,-0.2,-0.1,0.047938172,-0.026392811,-0.047744686,-0.072882414,-0.030469695,-0.02149677,0.002246936,0.002481895,-0.016512591,0.010663355,0.000833433,0.000503804,0.001309377,0.002187611,0.002160703,-0.001163559,0.004143487,0.001656752,5.29059E-05,40.6,0.1,41.1,7.098375639,4.828313737,5.686975356,6.278521424,5.549076085,7.045776577,4.96284463,5.587248658,6.186208624,5.529429088,-0.009362318,0.057638781,0.105202369,0.001009639,0.002516022,0,-0.002348006,0.000290229,-0.003430679,0.001745044,-0.029237876,-0.02574908,-0.001635235,0.002778134,0.002896917,-0.000184238,0.014756292,0.007791965,-0.034216082,-0.001769072,0.01,-0.07,-0.07,-0.07,-0.11,-0.4,-0.34,-0.2,-0.28,0.15,-0.1,0.04,0.36,2.4,3.23,4.68,5.36,-0.00018034,0.026978132,-0.034458371,-0.062604558,-0.013947667,0.000799662,0.00080937,0.001720358,-0.008869438,0.06725544,-0.002759464,-0.001408908,0.008995563,0.000766511,-0.000537827,0.001524376,0,-0.001941091,-0.000703433,0.000709419,-0.000722229,-0.000928079,-0.003206966,0.003230979,-0.002119108,-6.12687E-06,0.000719166,-0.00173911,-2.7,0.00338029,-0.045490204,0.007142551,0.01258277,13.6247
-0.002610509,-0.00386798,-0.002695606,-0.006342251,-0.008310986,-0.001348578,3.23658E-05,-0.000976064,-0.000286571,0.005289636,-0.002318167,0.001419095,-0.003116621,0.000266527,-0.005323203,-0.002379049,0.045995234,-0.02090913,-0.3247,-19,0.002564344,0.001089257,0.002236023,-0.1,-0.6,-0.059830369,0.032789823,-0.023791765,0.020062401,-0.054416872,0.037000956,-0.000490802,-0.002075345,0.004576667,-0.008093761,-0.000595238,-0.001209556,0.00029074,-9.1055E-05,-0.000719716,-0.000967376,-0.001121306,0.00150376,0.000264487,40.3,-0.2,40.8,6.987490247,4.532599493,5.505331536,6.12905021,5.65248918,6.962243464,4.682131227,5.533389489,6.047372179,5.605802066,0.008091743,-0.016368668,-0.085168531,-0.004715887,0.007982715,0.02,0.001725943,0.000525921,-0.002223668,-0.003024169,0.046953451,0.043347032,-0.000512479,0.002383204,-0.007476318,-0.000263324,0.018972157,0.0162358,-0.045560472,0.00187734,0.04,-0.01,0.02,-0.02,-0.06,-0.24,-0.28,-0.13,-0.24,0.1,-0.12,-0.02,0.26,2.12,2.91,4.51,5.08,-0.011511546,0.001843076,-0.031478323,0.015304311,-0.010449583,-5.78776E-06,-0.000815974,-0.000878087,0.009857092,-0.035445479,-0.007434751,-0.000701988,-0.008995563,-0.004635594,-0.001538904,-0.00305577,0.002501043,0.000637514,-4.35843E-06,-0.001432653,-0.000717604,0.000538593,0.000777196,-0.004116081,0.002299629,-6.09665E-06,0.005015617,-0.000866173,-0.7,-0.000689212,0.042001465,-0.001289458,0.005070771,13.693
0.007495899,0.009294977,0.006691064,0.005153741,0.025458681,0.003461331,0.002669268,0.003148943,0.001655895,0.005289136,0.00032712,0.007118559,0.004470418,0.005468987,0.010977515,0.005486007,-0.012801349,-9.51424E-05,0.3157,0,-0.001985887,-0.000108872,-0.000569,0.1,0,0.02723315,-0.017404904,-0.032961052,0.053544387,-0.100695641,0.010627093,0.002787098,-0.000496917,-0.00270957,0.002989539,-0.001370394,-0.001918127,-0.000581564,0.003613065,0.001393979,0.001618347,0.001639002,0.003749536,0.001638262,40.8,0.3,41.4,7.137278437,4.779123493,5.552959585,6.333279628,5.762051383,7.006695227,4.762173935,5.480638923,6.163314804,5.605802066,-0.016943901,0.004981183,0.049434218,-0.002768394,0.002336267,-0.01,0.0040908,0.000703118,-0.003576617,0.003512022,0.032407255,0.034446892,-0.005755785,-2.83776E-05,0.010890652,-0.000244776,-0.015852734,-0.023948554,0.047301212,-0.032899894,-0.11,-0.03,-0.08,-0.08,-0.09,-0.06,-0.01,-0.12,-0.01,0.18,-0.09,0.01,0.28,2.17,3.01,4.5,5.18,-0.024391044,-0.040737054,-0.040157286,0.055229575,0.011956144,0.003181494,0.005644827,-0.000869095,0.009713004,-0.018346233,-0.017219281,0.002086462,0,0.003088804,0.001495431,0.002285715,-6.23962E-06,0.001909747,0.001380701,0.001420443,0.002132438,0.000608166,0.005543496,0.001170995,-0.000558037,0.000812599,-0.005734783,0.003444563,-0.3,-4.09931E-05,0.018139271,0.007955111,-0.005543629,13.4566
-0.000221701,0.000439121,0.003482979,0.001582771,0.009443302,-0.003485296,-0.003593455,-0.004815047,-0.007064123,0.00091717,-0.010008505,0.001838047,-0.003347112,0.002084348,-0.009084375,-0.000858888,-0.080091792,0.002659134,-0.1898,127,0.012461626,0.005274437,0.005350843,0,-0.1,0.003873087,-0.001145694,0.02845654,-0.041395415,0.083944831,-0.031935126,0.002435746,0.00261733,0.001525036,0.013343415,-0.000357803,-0.001112178,0.000726903,0.002390164,0.002064911,0.002206202,0.001528344,0.003288002,0.000686215,40.6,-0.1,41,7.138867,4.762173935,5.707110265,6.318968114,5.659482216,7.013915475,4.852030264,5.549076085,6.126869184,5.59471138,0.009529858,-0.006820965,-0.017581263,-0.00874569,0.000586756,-0.02,0.008496912,0.007593702,0.004668091,0.001438383,-0.048167867,-0.050219731,0.013541384,0.002826577,-0.010369364,-0.000534642,0.004885582,0.017042074,-0.010732483,-0.008374959,0.04,0,0.09,0.1,0.12,0.07,0.07,-0.03,0.07,0.14,-0.04,0.07,0.36,2.2,3.04,4.43,5.21,-0.003731214,-0.00652856,-0.01857166,0.001940241,0.006082407,-0.005584378,-0.006462705,-0.005152429,0.008347968,-0.012622676,-0.017733492,-0.000705331,-0.003738322,0.000767738,0.001971778,-0.000764802,-6.20856E-06,-0.000655481,-0.001392236,-8.08227E-06,-0.001430063,0.000428972,-0.005298781,-0.000360599,0.001861599,-0.000826708,0.002142093,-0.002590281,-5.3,0.011094139,-0.008668748,-0.011920033,-0.007034268,13.535
-0.001230006,-0.002637626,0.003624493,0.009202467,-0.001508765,0.001701552,-0.001204748,-0.001701032,0.001088167,-0.009855683,0.005112412,-0.008401565,0.005406524,0.003974934,-0.001543823,-0.00173512,0.045160355,-0.004441121,-0.2586,-86,-0.008368155,0.001136561,0.001455877,-0.1,0.3,-0.044073384,0.059702621,0.01281658,0.022388995,0.005614838,-0.002476872,0.001590443,-0.001082202,-0.013981472,0.001471671,-0.001432494,-0.001822601,-0.000872347,0.002260297,0.002194899,0.000373784,0.002534367,0.003128494,0.000949367,40.5,0,40.9,7.154615357,4.852030264,5.659482216,6.306275287,5.758901774,7.029972912,4.859812404,5.583496309,6.120297419,5.634789603,0.006762378,0.028692361,0.083963672,-0.00149171,0.002188146,0.01,-0.008723511,-0.005877452,0.000922625,-0.000176057,0.02793767,0.02792272,-0.000180173,-0.00140402,0.007616107,0.000536291,0.00629123,0.003982869,-0.014647714,-0.004783837,0.04,0.11,0.11,0.13,0.18,0.02,-0.08,-0.1,-0.14,0.21,0.03,0.16,0.5,2.18,2.92,4.29,5.03,0.006020706,0.018105916,-0.02692365,-0.025853071,0.007140926,-0.003985657,-0.006447083,0.002576214,-0.040181919,-0.028197149,0.03395487,-0.002084539,-1.40275E-05,-0.00231214,-0.00302495,-0.00380315,-6.17774E-06,-0.000648062,-0.00069371,-0.002130429,-0.001420958,-0.002736539,0.001797063,-0.003237535,-0.00345898,-0.00163599,-0.002142093,0.000853584,1.2,-0.009792802,0.02869438,0.008352576,0.007481549,13.0022
0.003257754,0.002779237,0.004919871,-0.004850407,0.014410949,0.003076983,0.005770136,0.00677573,0.008271656,-0.001725764,0.011881155,0.000915479,-0.000363815,0.003423972,0.000144033,0.002690568,0.043331813,0.001353735,0.0953,111,0.01964083,-0.000108188,0.001470362,-0.1,-0.1,0.022735234,-0.071618964,-0.030711966,-0.060071269,-0.008998936,0.023214942,0.002759195,0.000811762,-0.003439976,0.004820296,-0.000179206,-0.000202716,-0.000145465,0.003245878,0.002413301,0.003102909,0.002305388,0.003859862,0.00478583,40.6,0,41.1,7.134093721,4.882801923,5.648974238,6.327936784,5.627621114,7.068172,4.844187086,5.564520407,6.214608098,5.655991811,-0.018303384,-0.016266816,-0.040783974,-0.000347016,0.000370897,0,0.000203407,-0.001715205,-0.001510194,-0.002935391,-0.01154256,-0.011721991,-0.007659746,-0.002351565,-0.002124558,-0.000202805,-0.001719998,-0.014905094,0.004810272,-0.009457484,0.02,-0.05,-0.03,-0.04,-0.07,-0.13,-0.15,-0.16,-0.14,0.14,-0.02,0.1,0.41,2.03,2.75,4.11,4.87,0.016328509,0.025272103,0.002599684,-0.008456288,0.002421025,0.003186616,0.003214733,0,-0.004230035,-0.020605609,0.023214745,0.000691801,0.002247458,0.001538462,0.000478888,0.002282238,-0.000830889,-0.001274263,-1.9025E-06,-5.01569E-07,-5.0228E-07,0.001233345,-3.24497E-05,0.002919141,0.000847347,0.000813999,0.002137514,-0.001715999,-4.5,-0.001414187,-0.009922982,0.015376657,-0.00043214,11.9995
0.002162594,0.001726041,0.001001434,0.005111282,-0.000199198,-0.001042516,-0.002739425,-0.004332625,-0.001293564,-0.010313923,0.001906731,-0.009006239,0.00112824,0.000295953,0.004024531,-0.002028207,0.019266024,-0.001115472,-0.2874,73,0.015129683,0.00171418,0.003223898,-0.1,0.3,-0.035872739,0.003474236,-0.006587639,-0.015798117,0,-0.028333783,0.001394732,0.000901185,-0.010043374,0.004797173,0.000119474,0.000709328,-0.000727643,0.001517886,0.000713935,-0.000961265,0.002024354,0.003106741,-0.00168032,40.7,0,41.1,7.170119543,4.820281566,5.680172609,6.33150185,5.771441123,7.114769448,4.86753445,5.638354669,6.257667588,5.693732139,-0.019124804,0.009841277,0.033174195,0.000639147,0.001678501,0,1.46723E-05,0.001190584,-0.001008065,0.001461384,-0.007626136,-0.008477884,0.003547719,0.000836293,0.002316441,0.000106554,0.015176347,0.011875671,-0.042159072,0.004479853,-0.03,-0.02,-0.02,-0.02,-0.03,-0.06,-0.13,-0.32,-0.33,0.15,-0.01,0.11,0.41,2,2.65,3.82,4.57,-0.004619311,-0.012021531,-0.037141003,-0.002745323,0.020077895,-0.008839588,-0.009801907,-0.000860215,0.013517256,0.073189122,0.008775754,0.000688931,0.010500454,0.001531379,-0.001498009,0.002282238,0.002465398,0.001258229,0.000685624,0.002118892,0.00212039,0.000127808,-0.000413696,0.001614235,-0.000364621,-2.65255E-06,-0.001426024,0.001707211,0.3,0.001603648,-0.043239976,-0.010331709,-0.008245975,11.9522
-0.002248894,-0.002774437,0.005717781,0.008865514,0.005881721,0.004753333,0.006091588,0.00702236,0.003060149,0.020203478,-0.003068613,0.017161676,0.003035016,0.010850951,0.000457738,0.006474933,-0.003409009,0.024842128,0.3845,-76,-0.006630328,-0.002711609,-0.002501969,-0.1,0.1,-0.015548465,-0.030916178,0.005273578,0.023604558,-0.007941051,-0.00588237,0.002200616,0.002204477,0.005207441,0.003531004,0.001671143,0.002428168,0.000582157,0.002199653,0.002183261,0.002352481,0.00213493,0.003833117,0.00068297,40.8,0.2,41.3,7.202661197,4.997212274,5.743003188,6.340359304,5.755742214,7.13169851,4.919980926,5.655991811,6.242223265,5.749392986,0.021424455,-0.016718301,-0.05269025,-0.008930186,0.004854939,0,0.000285341,0.000810253,0.000504159,0.004377556,0.022677743,0.023672051,-0.003573966,0.000580811,0.000897438,0.000675368,0.011189449,0.006204336,-0.030676466,0.001178487,0.06,-0.02,-0.07,-0.08,-0.08,-0.3,-0.32,-0.19,-0.26,0.07,-0.14,-0.03,0.27,1.64,2.27,3.57,4.25,-0.005933552,-0.053807407,0.017290979,0.022147978,0.010268202,0.011251532,0.01386942,0.00172043,0.011865581,-0.035843239,-0.02481478,-0.00069371,-0.011236879,-0.003836419,0.000974048,-0.004564475,-0.000835545,-0.000638672,-0.001376935,-0.00212139,-0.002122891,-0.000667976,0.002011082,-0.005529812,0.000694997,0.000808715,-0.002847483,0.00084415,0.6,0.000994812,0.010098668,-0.001671919,0.001128436,12.6214
-0.00422131,-0.003991114,0.001550675,0.004262266,0.006093416,0.007657692,0.007511169,0.008823771,0.005217096,0.025092799,-0.002042268,0.021972714,0.007846864,0.01172614,0.002391367,0.008605272,-0.008660573,0.029149251,0.5472,164,0.017240015,0.00235666,0.002228879,0.1,0,0.064698406,-0.000795229,-0.004282662,-0.052685767,0.029735711,0.031361455,0.002562771,0.002423808,-0.00034632,0.009287034,0.000536561,0.001514616,-0.000873363,0.002597433,0.002533729,0.001838919,0.002755653,0.00337863,5.25169E-05,40.7,0,41.3,7.238496841,4.836281907,5.888877958,6.380122537,5.752572639,7.160069208,4.983606622,5.700443573,6.293419279,5.707110265,0.009558869,0.045591438,0.038921487,-0.004492865,0.000355485,-0.02,-0.001069764,-0.000581964,-0.002818147,-0.002091387,-0.008872199,-0.005373786,0.001300685,0.000821031,0.002944202,0.000947978,0.010096063,0.018688912,-0.023074573,-0.002041348,-0.1,0.1,0.07,0.06,0.03,-0.02,-0.03,0.01,-0.03,0.27,0.03,0.13,0.4,1.72,2.34,3.68,4.32,0.010252543,0.017474408,0.013596026,-0.014865987,0.003625655,-0.000807426,-2.68305E-06,-7.39334E-07,0.020442957,0.063265551,-0.029275158,0.002749131,0.002988979,0.01296185,0.000473678,0.009113384,-1.07323E-05,-6.32888E-06,0.004109123,0.004218918,0.003519393,0.002106033,0.000302352,0.01131292,-0.001110838,-5.91994E-06,0.005693449,-0.000859386,4.8,-0.000645433,0.01897389,0.009743625,-0.00779342,11.3771
0.002570941,0.002984186,0.002808684,0.005116931,0.010135249,0.004222385,0.002132316,0.001859292,0.00087982,0.008965959,-0.002128349,0.005278888,0.006902636,0.009003215,0.002394458,0.004260198,-0.003551468,0.000603088,0.1858,26,0.012358109,0.00106447,0.002859601,-0.2,0.5,-0.077572739,0.001589825,-0.014297833,-0.028264558,-0.004987542,-0.025479085,0.002234818,0.001836383,-0.000866326,0.003895443,0.001310382,0.001814517,0.000582326,0.002334166,0.00128663,0.001972098,0.000556316,0.004097767,0.001364471,40.8,0,41.3,7.226936018,4.934473933,5.713732806,6.405228458,5.796057751,7.21303166,4.94875989,5.796057751,6.32256524,5.799092654,-0.011398166,-0.02107386,-0.002968427,-0.009266145,0.004333988,0.01,0.001805975,0.002566368,0.001136627,-0.006911306,0.006548452,0.007542349,0.002776466,0.000202181,-0.001550383,0.000274163,-0.002179567,0.014670006,0.010218844,-0.011279376,0.03,0.14,0.08,0.14,0.19,0.35,0.39,0.26,0.35,0.38,0.08,0.24,0.56,2.04,2.7,3.91,4.64,0.012166113,0.036533433,0.007971321,-0.014414785,-0.006733013,0.000803534,-0.001636662,-7.38064E-07,-0.031176485,-0.118440683,0.0061839,-0.001385907,0.003726617,-0.010681268,-0.001481001,-0.00531943,-1.06623E-05,0.000619289,-0.002747691,-0.002821335,-0.002119356,-0.00126102,-0.001887691,-0.005214774,0.000386026,0.000800886,-0.001429041,0.000839191,-1.5,0.002910254,0.015354344,-0.004923573,0.007048186,13.37
0.034176351,0.038223696,0.003520717,0.003156985,0.008902216,0.005335149,0.004107075,0.002693673,0.002375073,0.004397864,0.001610587,0.005588869,0.006904797,0.013673166,0.001134069,0.005645297,-0.002329276,-0.014077575,0.2861,95,0.0142346,0.001771602,0.002431657,-0.1,-0.3,0.050223724,-0.063956218,-0.006046374,0,-0.010050336,-0.054230154,0.002880009,0.002949064,0.022453596,0.007745656,0.000892459,0.002112783,-0.000873617,0.002862794,0.002214448,0.002766092,0.003156748,0.003353506,0.002147891,40.8,0.1,41.4,7.334981879,4.882801923,5.82008293,6.549650742,5.899897354,7.286876412,5.141663557,5.786897381,6.470799504,5.762051383,0.002714982,0.024050622,0.014164037,-0.006524613,0.00474753,0.01,-0.004952928,-0.002601863,-0.000799714,0.002251331,0.003768576,0.000640054,-0.000713495,0.005436208,0.003166615,-0.002282845,0.006588887,0.006428853,-0.01352713,-0.002346537,-0.06,-0.04,-0.04,-0.03,0.03,0.09,0.05,0,0.03,0.4,0.1,0.27,0.65,2.19,2.81,3.97,4.73,0.007302568,-0.022633807,0.018702089,0.007065741,0.010120168,-0.001609011,0,-0.003437166,-0.005928558,-0.057464567,0.032226354,-0.0006908,-0.006708918,-0.002270721,0.000477469,-0.001511716,-0.002446648,0.000613469,-4.1877E-06,-4.41354E-06,-4.42593E-06,-0.001656648,-0.004237424,-0.002225036,-0.000893674,0.00079313,-0.000711984,0.000830673,7,-0.002955353,-0.010320108,0.0099748,0.005160639,10.8645
-0.019945329,-0.024414047,0.002724228,0.001138221,-0.006766439,0.003749009,0.005243284,0.005737943,0.00708364,0.015152474,0.004058593,0.006246119,0.001830731,0.003412562,-0.004949122,0.001624981,0.052665395,-0.014178732,-0.0525,124,0.007115485,0.005028087,0.004124395,0.1,0.3,-0.019285201,0.009271031,0.030526591,0.112334455,-0.027882318,0.106227013,0.002454382,0.002317395,-0.004927374,0.003041057,0.002376003,0.003711696,0.000436904,0.002488531,0.002297836,0.002486839,0.001259914,0.002906979,0.001986617,40.9,0,41.4,7.148345744,4.605170186,5.521460918,6.333279628,5.883322388,7.237059026,4.624972813,5.697093487,6.395261598,5.96870756,0.030258508,0.036267634,0.0081218,0.001694963,-0.0001205,-0.02,-0.0031119,-0.001152054,0.000126313,0.002547031,-0.037928595,-0.038201384,0.006942082,-0.009214815,-0.003722132,0.002516006,0.014995914,0.022335394,-0.031030292,0.002920595,0.09,-0.17,-0.08,-0.08,-0.07,-0.06,-0.02,-0.01,-0.04,0.14,-0.07,0.1,0.49,2.04,2.7,3.87,4.6,0.003861269,0.005587749,0.013810646,0.000670331,-0.010196078,0.003210276,0.002449981,0.005156857,0.033140353,0.173722905,0.007262743,-0.002052686,-0.003748925,-0.002275887,-0.000495948,-0.000755572,0.000811357,-0.001877909,-0.00136379,-0.002098637,-0.002101577,0.000100625,0.003685446,-0.001973628,0.00016023,-0.002419014,0.000704461,-0.00253555,6.1,-0.00315916,0.012967567,-0.020769418,-0.001475911,10.6052
0.001004033,0.001244747,0.007979429,0.009105378,0.015712404,0.000299547,-0.002212527,-0.002606056,0.001547646,-0.001344111,0.002615741,-0.00947391,0.003516923,0.004638575,0.007051705,0.001197524,-0.010974277,-0.007811575,-0.102,151,0.019872126,0.00055882,0.000983397,0,0.4,-0.182824196,0.129643812,0.018776855,0.02382838,0.014891455,-0.030241106,0.001757049,-0.000623386,-0.006322106,-0.00344723,0.000415221,0.001100826,-0.000582581,0.002349526,0.004448073,0.002248368,0.005597255,0.002753824,0.00015667,40.2,-0.1,40.9,7.198183577,4.86753445,5.616771098,6.406879986,5.786897381,7.145984468,4.718498871,5.627621114,6.300785795,5.811140993,0.005731266,-0.009846291,0.011492638,-0.002357766,0.005372434,-0.01,0.002375837,0.000115078,-0.002487092,0.000975798,-0.027452939,-0.026872338,-0.005363728,-0.000961497,0.002935405,0.000615481,-0.002985488,0.000925951,0.01718277,-0.015879502,0.2,0.3,0.27,0.28,0.33,0.31,0.22,0.16,0.11,0.24,0,0.18,0.62,2.15,2.72,3.83,4.51,-0.010089582,-0.010313947,-0.047224156,-0.008817153,0.018874869,-0.001608994,-5.98774E-06,0.000849167,-0.036951913,-0.04798742,0.032130917,0.002730377,0.005233094,0.007578065,0.000957267,0.001511145,-0.002436714,0.001856985,0.002036889,0.001396648,0.00279525,0.001981966,0.000609428,0.002544254,0.002045427,0.003992639,0.004916435,0.004183033,-1.1,-0.002705022,-0.010351502,0.001589598,-0.011911989,12.8852
0.002697854,0.003153872,0.000132453,0.016513007,0.018464754,0.010059612,0.009649413,0.009411442,0.008435337,0.009371058,0.008075042,0.010887287,0.010582679,0.014894225,0.012506177,0.013086231,-0.035070224,0.006398636,0.8507,51,0.011839278,-0.002060759,-0.001278605,-0.1,0,0.050369036,-0.065079075,-0.020412178,-0.063802957,0.011867899,-0.037271395,0.004078984,0.004399909,-0.005500186,0.013517809,0.002073522,0.002796646,0.001019294,0.00399921,0.004690831,0.003440282,0.004973357,0.003034904,0.002086594,41.1,0.4,41.7,7.355001921,4.852030264,5.891644212,6.510258341,5.996452089,7.201916318,4.795790546,5.720311777,6.356107661,5.828945618,0.002632582,-0.004333392,-0.037766181,-0.002481181,0.00124509,-0.01,-0.000806202,0.001034935,-0.001478322,-0.004149008,0.040678197,0.040156873,0.01032662,0.002453194,0.001970126,0.000605096,-0.016613773,-0.013391385,0.054333284,-0.029463366,0.09,0.36,0.25,0.35,0.45,0.54,0.51,0.4,0.37,0.51,0.16,0.44,0.98,2.6,3.14,4.14,4.79,-0.005933775,-0.01892145,-0.011388094,0.008549074,0.016255715,-0.000801601,-0.002443993,-0.001718193,0.033026491,0.006623067,0.002924668,-7.43466E-06,0.005244859,-0.002280456,-0.000495792,-5.70459E-07,0.002435395,-1.38197E-05,-7.36422E-06,0.000694674,-0.000703928,0.000438348,0.001280374,9.04579E-05,0.000405861,-0.007193945,-0.011253777,-0.007537361,-1.7,0.005817438,-0.000705391,0.018053599,0.022400168,14.2408
0.009275654,0.010312942,0.004212758,-0.005280724,0.000313138,0.005673593,0.004324574,0.003598502,0.00235063,0.012262102,-0.001359967,0.007163415,0.007392556,0.018283412,-0.001139766,0.008473623,-0.039248154,0.01635535,0.4646,0,0.00747363,0.001693351,0.002948164,-0.1,0,0.018824921,-0.045453229,-0.044853569,-0.081678031,-0.019285907,0.024274822,0.00305936,0.004027356,-0.003799003,0.011358098,0.002128289,0.003186619,0.000581988,0.002818547,0.000786954,0.003428487,0.003169717,0.000865426,0.001718169,41.1,-0.1,41.8,7.289610521,5.030437921,5.883322388,6.421622268,5.823045895,7.238496841,4.905274778,5.723585102,6.396929655,5.860786223,-0.000205421,0.027363346,0.075073756,0.000801054,0.003720261,0,-0.002461876,-0.000920373,-0.000338209,0.001764194,0.032980727,0.03214345,-0.001839436,0.00146648,-0.003944121,-0.00026896,-0.036401982,-0.043895137,0.11127371,-0.047174249,0.22,0.2,0.18,0.31,0.5,0.58,0.49,0.4,0.39,0.49,0.12,0.53,1.26,2.96,3.41,4.32,4.96,-0.000133637,0.006347013,-0.015467629,-0.00645554,0.013540281,-0.00079968,0,-0.001709402,-0.016513246,0.119090601,-0.034284569,-0.002043364,-0.006739059,-0.000757847,0.001904373,-5.69598E-07,-2.63108E-06,-0.002476773,-0.001357764,-0.000699533,-0.001395185,-0.001564191,-0.002758679,0.001461818,-0.002510533,0.003192339,0.007731392,0.002508711,1.1,-0.001445159,0.013372145,-0.008331553,-0.010149075,15.3347
0.002054979,0.002878017,-0.001782061,0.002417247,-0.003711763,0.005059348,0.003921853,0.004002101,0.006308466,0.003188705,0.007465045,0.002937138,0.006504605,0.010288166,0.00717691,0.00627554,0.006372168,0.003080665,0.2702,151,0.043013206,0.001208875,0.004682779,-0.3,0.5,-0.069193957,0.01308277,-0.029531415,-0.030239885,-0.02905492,0.042680731,0.002927153,0.002778698,-0.004856062,0.007304346,0.001711167,0.002284126,0.000872347,0.002964104,0.004969712,0.003167628,0.002525575,-0.001154068,0.00213059,41.2,0,41.8,7.330405212,4.919980926,5.828945618,6.553933404,5.84932478,7.241366283,4.96284463,5.752572639,6.383506635,5.846438775,0.010524692,0.016214317,-0.022171454,0.001548454,0.012465715,0.01,0.001049377,0.002380391,0.000676304,-0.00350264,-0.072793177,-0.072768213,-0.002440522,0.000596716,0.005738158,0.000975144,0.008172582,0.011293509,-0.013584931,-0.00584777,0.45,0.52,0.46,0.51,0.49,0.26,0.21,0.11,0.1,0.56,0.13,0.59,1.3,2.77,3.17,3.98,4.61,-0.008729388,-0.018100677,0.002596055,0.01466626,-0.001592011,0,-0.001628665,0.000853607,-0.015534293,-0.023316691,0.009051799,0.001356391,0.005982992,-0.004523753,-0.001933371,0.001505456,0.004836097,-1.5204E-06,-1.82615E-06,-1.93438E-06,0.00138937,0.000255515,0.003015537,-0.001793104,0.000510324,0.001588547,-1.23116E-05,0.000834374,0.2,-0.000992029,-0.043506061,0.003398658,-0.011827081,13.39
-0.00137841,-0.001348469,0.00596073,0.009138005,0.011461906,0.006387449,0.005779502,0.005597206,0.006942951,0.008538732,0.006342882,0.00596748,0.007158987,0.003378842,0.002997332,0.002697473,0.038927496,-0.001431944,-0.0395,-101,-0.01349578,-0.001668325,-0.001873743,0,-0.7,0.03882906,-0.00529425,-0.036263173,0.013072082,-0.07084769,-0.054376771,0.002796077,0.00263922,0.000173837,0.002553778,0.002825858,0.003960009,0.001161946,0.002835111,0.003212784,0.002928316,0.003672353,0.000288642,0.000518968,41.2,0.1,41.8,7.250635512,4.941642423,5.758901774,6.432940093,5.799092654,7.21303166,4.983606622,5.707110265,6.336825731,5.843544417,0.00790718,0.016914266,0.059235055,0.006349883,0.006504819,0,-0.000265631,-0.00596748,-0.005933226,0.002517061,0.051393413,0.049794452,-9.75078E-05,0.000668174,-0.003895972,0.000838254,0.008678137,0.004720254,-0.01500226,-0.011763973,0.24,0,0,-0.05,-0.04,-0.08,-0.08,-0.02,0.03,0.32,-0.11,0.3,1.02,2.45,2.85,3.72,4.4,-0.009281848,-0.028581581,-0.011895639,0.01451979,0.002025757,0.000799041,0.002443329,0.004252788,0.020414732,-0.023188041,0.048559962,0.000672224,0.002214076,0.009040708,0.000464029,0.002244624,-0.002442385,0.00122774,0.002017702,0.002076354,0.00068842,0.001009239,-0.0009975,0.003865751,0.000300142,-0.002390119,-0.002803574,-2.78706E-06,-1.6,-0.00695165,0.024533401,0.00460341,0.00919254,12.9459
0.00169913,0.002434179,-0.000673329,-0.004393144,0.003169001,0.001543889,-0.000257245,-0.000487441,-0.004877384,0.001462425,-0.007246652,0.011932291,0.003829575,0.014745143,-0.002345347,0.003985033,0.000869503,-0.009648402,0.0572,203,0.024387922,0.000696749,0.000586941,0,0.2,0.022593753,-0.055838218,0.031314418,0.087011377,-0.011457796,0.006449744,0.003233336,0.001887166,-0.003133707,0.005478394,0.000940181,0.000888845,0.001015597,0.003568023,0.004152614,0.003110304,0.004813924,-0.000721761,0.001399871,41.2,0,41.8,7.271703707,4.8978398,5.805134969,6.386879319,5.937536205,7.196686571,5.081404365,5.703782475,6.340359304,5.726847748,0.002477717,-0.000344737,-0.014128385,0.001307623,0.006487375,0,0.003130682,0.00573957,-0.000893028,0.002262966,-0.009083761,-0.009019524,0.005265735,0.001917763,-0.006448604,-0.000172905,-0.007569858,-0.005461593,0.028097037,-0.030591739,0.01,0.18,0.19,0.2,0.21,0.21,0.2,0.14,0.15,0.49,0.07,0.49,1.22,2.65,3.04,3.85,4.54,-0.023391808,-0.036197677,-0.04062231,0.013342643,-0.000723014,0.003186616,0.004059432,-0.000870894,-0.014665253,-0.034472731,-0.032961215,0.000666767,-0.010413372,0.002944555,-1.44437E-05,-2.01997E-05,-1.60515E-05,-0.00061897,-0.000681772,0.000677444,0.000682696,0.000689656,0.001531489,0.001677329,0.000170881,0.002377492,0.004180702,0.000828823,-2.2,0.006855243,-0.031025954,-0.021941925,-0.002356041,12.1635
0.001445457,0.001194292,0.006566098,0.023339475,0.012413408,0.005941197,0.005568687,0.007194209,0.011776844,0.016991144,0.009817456,0.002492072,0.006407901,0.00222026,0.013622673,0.007880462,-0.032091636,0.011548462,0.3722,-153,-0.018451901,0.00475706,0.005169734,-0.1,-0.2,-0.054283951,0.103675158,-0.025844942,-0.064750184,0.004471422,-0.017540431,0.002457325,0.00302082,0.000697229,0.002727983,0.003225147,0.00472721,0.001014566,0.002317296,0.003318325,0.005073983,0.003412796,-0.000722282,0.00025902,41.1,0,41.7,7.279318835,5.003946306,5.726847748,6.522092798,5.749392986,7.227662499,4.96284463,5.713732806,6.378426184,5.834810737,0.013876,0.005988392,0.004572382,0.000592537,0.008543868,-0.01,-0.004878066,-0.003214198,-0.004733585,-0.006750142,-0.015424024,-0.013530776,-0.003201205,-0.000752733,0.006909122,0.000625691,0.028047795,0.031078169,-0.072394681,0.003102722,0.21,0.09,0.15,0.13,0.08,-0.03,-0.06,-0.04,-0.06,0.37,0.01,0.41,1.09,2.41,2.77,3.6,4.27,0.003557782,-0.004163046,0.015075992,-0.002913661,-0.003114929,-1.58224E-05,-2.36416E-05,0.002504206,0.008801046,-0.09677514,-0.006089393,0.000660014,-0.003018492,0.002865788,0.00045703,-2.00193E-05,-0.002403509,0.002441606,0.001329701,-0.000703676,0.000675614,-0.000859058,-0.003287168,-0.000769543,-0.000418239,-0.001589809,-0.00418459,-6.21889E-06,2.7,-0.004340111,0.032545723,0.018640145,-0.009341113,11.393
0.004358008,0.004735648,0.001500375,-0.004338549,0.008133511,0.003783198,0.001994913,0.000318691,-0.004984645,0.003991175,-0.008384196,0.010322049,0.006032505,0.013451645,-0.001944892,0.004962301,-0.015181327,0.003829208,0.1239,50,0.019095077,0.001111551,0.002793196,-0.1,-0.1,0,-0.103243473,-0.001455604,0.0184569,-0.0167099,-0.018004988,0.003128261,0.003142461,0.003652496,0.006980831,0.001988537,0.003041156,0.000434499,0.003124731,0.00412177,0.003651745,0.00442223,-0.002169983,0.001604431,41.1,-0.1,41.6,7.295735073,4.875197323,5.789960171,6.469250317,5.916202063,7.252762418,4.905274778,5.686975356,6.410174882,5.924255797,-0.004833233,-0.00272505,0.001150686,0.00353625,0.006459184,0,0.001216115,0.000831707,-0.001882595,0.001929272,0.022951003,0.02296554,-0.00448427,0.001566834,0.006867443,0.001145401,0.005841941,0.016454355,-0.009761349,-0.018355498,0.26,0.18,0.14,0.16,0.2,0.2,0.22,0.27,0.24,0.29,-0.11,0.31,1.03,2.35,2.73,3.61,4.25,-0.01400521,-0.022397009,-0.011736559,0.015378484,-0.017787681,-0.006349844,-0.008890864,-0.00255034,-0.01789409,0.015463655,-0.014175718,-0.002023577,0.010477969,-0.011099434,-1.79886E-05,-0.003722178,-2.53965E-06,-0.002452835,-0.002014067,-0.002067292,-0.002758611,-0.001164323,-0.000215394,-0.004143805,-0.000225497,0.001574788,0.004157527,-6.18798E-06,-0.2,0.000746708,0.02127228,0.018806059,0.005437827,12.6123
0.008888101,0.00802387,0.006205852,0.007603214,0.009090606,0.008441149,0.010226224,0.011714212,0.010127634,0.0125891,0.009190316,0.018446893,0.006190619,0.01384563,-4.15625E-05,0.009809678,0.005291116,-0.010590478,0.5221,253,0.039965346,0.002454735,0.003430203,-0.1,0.6,-0.097033866,-0.014782878,0.073353344,0.125603122,0.030634176,0.009493027,0.00181165,0.001132355,-0.005745641,0.000386399,0.001692986,0.002641234,0.000289561,0.001980445,0.0030375,0.003506725,0.003232536,-0.002174702,0.000361935,41.1,0.2,41.8,7.279318835,4.820281566,5.768320996,6.483107351,5.863631176,7.242082359,4.875197323,5.762051383,6.381816017,5.877735782,0.002230566,0.027523989,0.019574554,0.006945204,0.005978827,-0.01,-0.00260612,-0.000631218,-0.001199863,0.002298104,-0.018229063,-0.016326808,0.00598217,-0.001595348,-0.003136337,0.000317612,-0.006768615,-0.000707438,0.036765631,-0.0295787,0.03,0.49,0.33,0.35,0.35,0.32,0.28,0.23,0.22,0.75,0.19,0.63,1.35,2.64,2.98,3.81,4.44,-0.010627095,-0.019107864,-0.004274402,0.025407198,-0.002736385,-0.000802173,0.000796287,-1.74776E-05,0.007783443,0.065567468,0.034633166,-0.00134183,-0.007499636,-5.39863E-07,0.000449344,-0.000742115,-2.53157E-06,0.000604745,-0.000669557,-0.000687048,-0.00068752,0.000577835,-1.28508E-07,-0.00151741,0.001517356,-9.93571E-06,0.001352081,-6.15731E-06,1.2,0.000545361,-0.025346091,-0.026258876,-0.011771925,15.0495
-0.000219317,-0.000514856,0.000728527,0.008771596,0.000801398,0.006224802,0.003849419,0.004226274,0.000266914,-0.001574826,0.00097663,0.011815976,0.00919695,0.011153331,0.007984101,0.007639871,-0.033934603,0.034010052,0.3353,-51,0.012248108,0.001115178,0.003249838,-0.2,-1.3,0.077373497,-0.053532007,-0.102919429,-0.131438904,-0.079100349,-0.016329362,0.003518558,0.003302628,-0.00069869,0.006354118,0.002446841,0.003705514,0.000578871,0.003572184,0.004390178,0.00306302,0.005146053,-0.001597792,0.001188293,41.1,-0.1,41.7,7.320526962,5.170483995,5.891644212,6.452048954,5.826000107,7.200424893,4.919980926,5.697093487,6.380122537,5.752572639,0.013770567,0.003277871,0.033951199,0.002834593,0.006604746,0.01,0.002085317,0.001348428,-0.001845454,-0.00238579,0.016689391,0.017285698,0.000132154,0.000371001,-0.008640877,0.000346833,-0.006055251,-0.00385434,0.035131712,-0.031273849,0.53,0.3,0.34,0.33,0.43,0.32,0.22,0.11,0.12,0.52,0,0.43,1.25,2.43,2.67,3.39,4.03,0.007730963,0.024059901,-0.00314669,-0.010764906,0.010607834,0.007951667,0.009721878,0.003293929,0.023191337,0.007565585,0.00598722,0.00200423,0.00073465,0.002929866,-0.000486824,0.00148258,0.001582263,0.000600332,0.001327131,0.001368456,0.001369393,0.000208547,0.001610576,0.002172333,-0.000830162,-0.000793265,-0.008957704,-6.12687E-06,-1.1,-0.000518822,0.005632551,0.003528438,0.004599557,16.2495
0.004748417,0.004151937,0.002650592,0.007481627,0.00484976,0.01033345,0.007939455,0.007897259,0.007587517,0.009414261,0.006895868,0.009146615,0.013306781,0.022478778,0.006706843,0.010935152,0.016684311,-0.009550294,0.6102,153,0.032436317,0.000454818,0.001645021,-0.1,-0.2,-0.014615645,-0.008352717,-0.069100047,-0.064761511,-0.072643843,-0.014742282,0.002516765,0.001950374,-0.004553423,0.003066311,0.001802169,0.002236159,0.001156738,0.002657359,0.002972654,0.003895063,0.00178943,-0.001454757,0.001083731,41.3,0.1,41.8,7.28276118,4.919980926,5.789960171,6.466144724,5.85220248,7.241366283,5.117993812,5.777652323,6.401917197,5.713732806,0.027128214,0.016203867,-0.03864334,0.00082582,0.007479366,-0.02,-0.000782197,-0.001061395,-0.002236272,-0.003632479,0.01341087,0.01209289,-0.00220081,0.003494686,0.015536488,0.001562002,-0.012704821,-0.014827864,0.054623058,-0.03788816,0.16,0.45,0.31,0.49,0.6,0.06,-0.15,-0.22,-0.22,0.81,0.15,0.76,1.69,2.33,2.36,3.01,3.65,0.019803908,0.025377624,0.021576167,-0.019378604,0.017865399,-0.000812218,-0.002450364,-0.003342099,0.000845021,-0.075113331,0.000230087,-0.000673131,0.000743049,-0.000742507,-1.75231E-05,0.001476002,-0.000799608,-0.001823517,-0.001995786,0.00067815,-4.21641E-06,-0.001256303,-0.003171404,-0.000446708,-0.001187057,-0.001570473,0.002063509,-0.000827452,3.5,-0.001489141,-0.005583537,0.006579934,0.009352817,13.8066
0.004644033,0.002816732,-4.84234E-05,0.004408615,0.004330378,0.001787279,0.001291775,0.000913622,-0.001258069,0.004652439,-0.003517794,0.005978963,0.002396509,0.002488454,0.004891711,0.001789414,0.003561187,0.008427893,-0.1637,-153,-0.032436317,0.000659118,-0.000465146,0.1,-0.7,0.068501985,0.008352717,-0.037678495,-0.059732959,-0.019948944,0.031371539,0.002810934,0.002249039,-0.002636437,0.001529637,0.002610286,0.002812396,0.00230947,0.002950314,0.003428792,0.004289451,0.003728587,-0.001456877,0.000464097,41.3,0.1,41.8,7.249215057,4.844187086,5.666426688,6.486160789,5.814130532,7.156176637,4.934473933,5.65248918,6.340359304,5.673323267,-0.008620867,-0.01340184,0.015969461,-0.00482654,0.009929009,0.01,0.000781933,0.00194893,-0.000947622,0.005618701,-0.036163453,-0.035930385,0.007735287,-0.001129982,-0.01014269,0.000397125,0.021859981,0.020223414,-0.062608644,-0.008589727,0.08,-0.04,0.11,0,-0.09,-0.02,-0.03,0,-0.02,0.69,0.18,0.68,1.52,2.23,2.25,2.93,3.55,-0.004120395,-0.032581652,-0.004165081,0.010149131,0.017056613,-0.001590402,-0.002420966,0.006519036,-0.003099344,0.100565798,-0.006277799,0.000660678,0.00378015,-0.00073605,-0.000940312,-0.002958582,-5.61534E-06,0.00361954,0.002648568,-7.44481E-06,0.000677232,0.001363904,0.004741102,-0.001160055,0.001651116,-0.000783392,-0.003457098,0.000817308,2.5,0.002100263,0.006664025,-0.009465868,-0.001285525,11.7119
0.002264656,0.002110712,-0.001841829,-0.005642538,-0.015871444,-0.001446209,-0.000677506,0.000317249,0.002040454,-0.005517656,0.004934236,0.0004007,-0.002399548,-0.001059578,-0.006366326,-0.002636211,0.033407924,0.001108967,-0.5422,8,0.015818542,0.000582995,0.002123475,-0.2,-0.1,-0.069665001,0.015134432,-0.021515278,0.057947244,-0.088912776,0.012663111,0.001698201,-0.001902703,-0.008306136,-0.008056825,0.000173777,0.002128278,-0.00274309,0.002589095,0.002700879,0.004363778,0.002588764,-0.00160502,0.000515411,40.9,-0.2,41.7,7.182352112,4.86753445,5.65248918,6.335054251,5.82008293,7.134093721,4.718498871,5.613128106,6.284134161,5.805134969,0.008086026,0.022326478,0.035081163,0.002759558,0.00753217,0.01,-0.00408822,-0.00243559,-0.003367007,-0.00354664,-0.033796423,-0.032762813,0.002317065,0.000255105,-0.007259192,-8.3911E-05,0.03520323,0.030862793,-0.097991787,0.004502744,0.39,-0.07,0.06,-0.18,-0.35,-0.39,-0.31,-0.2,-0.23,0.23,-0.15,0.11,0.78,1.45,1.55,2.34,2.93,-0.01039619,-0.011572574,-0.015446553,-0.001652578,-0.009027321,-5.58882E-06,0.000798385,-0.003340489,-0.002037681,-0.017659962,-0.039886902,-7.06396E-06,-0.003028584,0.001446612,0.000449643,0.001476015,0.001565503,-0.001823406,-0.000670349,-7.40435E-06,-0.000687003,-0.000242534,-0.0036386,0.000892445,8.10883E-06,0.003907781,0.014480745,0.000811281,-2.5,-0.007690947,-0.027875544,-0.010275418,-0.016317734,11.1973
0.002541278,0.002320669,0.005257992,-0.000353447,0.00927145,0.001327701,0.001864217,0.001869211,-0.000648342,-0.002087622,-9.74406E-05,0.008958147,0.000660791,0.005970961,-0.003328896,0.002464762,-0.006232928,0.007549872,-0.1179,-93,-0.010254216,-5.29855E-05,0.000216101,0,0.3,-0.002330098,0.035326723,-0.025044487,-0.16478191,0.087419124,0.007374665,0.00187496,0.002075497,0.001241465,0.009584125,-0.000115848,0.001448506,-0.002460738,0.001825451,-0.000337211,0.002720033,-0.001987979,0.000729874,0.001030025,41,-0.1,41.5,7.13009851,4.828313737,5.620400866,6.34738921,5.624017506,7.111512116,4.852030264,5.613128106,6.324358962,5.583496309,-0.008567684,-0.006311473,-0.010373156,0.004845374,0.009317734,0.02,0.002869819,0.001059887,-0.001644453,0.006593191,0.045957301,0.043523637,-0.008179368,-0.002015377,0.00859456,0.000772899,0.023035262,0.029751171,-0.062278935,-0.007255763,0.06,0,-0.04,-0.14,-0.27,-0.32,-0.27,-0.14,-0.15,0.17,-0.25,-0.09,0.45,1.07,1.22,2.14,2.72,-0.036714827,-0.082424622,-0.081814489,0.017779927,0.005127851,-0.000790184,-0.00080481,-0.002463545,-0.013652888,-0.028496244,-0.015688507,-0.000668184,0.004543735,-1.31466E-05,-0.000471942,-0.001476015,-0.002363741,0.000589605,-6.96182E-06,-0.001361461,-4.15928E-06,8.0907E-05,0.002103385,-0.000982184,5.49299E-05,-0.001570422,-0.008280137,-0.003273325,-4.8,0.004802736,0.020515038,0.017322025,0.006712399,11.9713
0.001172464,0.001673439,-0.001642169,-0.007511003,0.003912495,-0.000658178,-0.002783264,-0.002779962,-0.003983547,-0.002512295,-0.004538875,0.000934359,0.001955509,-0.000485349,-0.002209813,-0.002081501,-0.006560121,-0.016071356,-0.502,60,-0.02868869,0.00364189,-8.0032E-05,0.4,0.3,0.059617803,0.040470439,0.078191073,0.110615388,0.054539142,0.028823778,0.001384698,0.000992984,-0.003729029,0.001905852,0.000868533,0.001542764,-0.000144938,0.001481395,0.002610418,0.00134802,0.00384227,-0.000875912,0.000360258,40.5,-0.6,41,7.14440718,4.682131227,5.627621114,6.340359304,5.749392986,7.138073034,4.859812404,5.627621114,6.289715571,5.746203191,0.015270684,-0.009773681,0.002296259,-0.002776093,0.008060639,0,0.00287507,0.001973708,-0.001647161,-0.001933663,0.023825746,0.02353981,-0.004409945,-0.001116009,-0.002790923,0.000546455,0.029490879,0.028941251,-0.065204061,-0.001070752,0.07,-0.03,-0.08,-0.12,-0.16,-0.19,-0.14,-0.09,-0.1,0.07,-0.4,-0.28,0.22,0.81,1.01,1.98,2.55,-0.033373008,-0.028148916,-0.07845288,0.004427131,-0.022631089,0.000780928,0.00079521,0.00077702,0.019440412,0.067662519,-0.013978903,0.001974303,-0.004543735,0.002144446,-0.000924796,0.004415018,0.00077971,-1.2893E-05,-6.92523E-06,0.002700868,0.002024942,0.000779099,-0.001576205,0.004281546,-7.02917E-05,-0.00078215,0.001360046,0.00081666,2.2,0.003497818,0.013881485,-0.005728577,0.049382417,12.5168
0.000789796,1.33762E-05,0.007192659,0.007336397,0.009672912,0.00336944,0.003723405,0.004377164,0.002298054,-0.008610701,0.006409542,0.009278714,0.002932913,0.004016807,0.002258449,0.002084222,0.043569497,-0.010493436,-0.1623,-296,-0.024240283,-0.005589163,-0.004202664,-0.2,-0.6,-0.047636983,-0.016163687,0.041193943,0.173636149,-0.071118271,0.055674033,-0.000145218,-0.002332917,-0.003564431,-0.006111555,-0.001100269,-0.000578258,-0.001886109,0.000393959,-0.000126154,0.000627225,-0.000302801,-0.000438244,-0.000823638,40.5,0.2,41.1,7.180831199,4.86753445,5.560681631,6.363028104,5.840641657,7.147559271,4.795790546,5.627621114,6.302618976,5.786897381,-0.013441615,0.009446591,0.043362232,0.006024584,0.006644619,0.01,-0.005751259,0.004801591,0.005149186,-0.000683976,-0.058598021,-0.058242319,0.00671827,0.001540477,-0.000875444,0.000613785,0.030824757,0.031471699,-0.067043071,0.003175528,-0.04,-0.06,0.02,-0.1,-0.27,-0.45,-0.43,-0.38,-0.4,0.05,-0.34,-0.34,-0.01,0.4,0.62,1.64,2.19,0.006542219,0.026781511,0.016862739,-0.012458295,-0.011179832,-0.001569241,-0.00159808,-0.004017017,-0.026207845,-0.07530529,-0.009499808,-0.001986067,-5.17314E-06,-0.002178186,0.000451077,-0.002947667,-0.001566782,-0.001201862,-6.88893E-06,-0.002708183,-0.002037319,-0.00109414,-0.003693381,-0.002291576,-0.000100838,-2.41492E-06,-0.00205174,0.001629326,-2.7,0.00724678,0.000678938,0.005673397,-0.045008718,12.4586
0.003704748,0.004537576,0.00798277,0.009592637,0.012309023,0.003412283,0.006117305,0.006997795,0.004849738,0.006081686,0.004389162,0.013196752,8.61321E-05,0.004753601,-0.005502411,0.004849067,-0.01084768,0.003976594,0.0564,59,0.008151934,0.000742987,0.000811431,0,-1.1,0.052752084,0.00938974,-0.128609769,-0.201375852,-0.063525863,-0.010862293,0.002048184,0.000735024,-0.003935604,0.005730675,-0.000695531,-0.000964506,-0.000290487,0.002371118,0.001932611,0.003038313,0.002081706,0.000438244,0.001389497,40.7,0.1,41.2,7.155396302,4.836281907,5.659482216,6.326149473,5.733341277,7.17395832,4.779123493,5.686975356,6.336825731,5.786897381,0.004835701,-0.018403301,-0.03356013,-0.00242335,0.004055417,-0.01,0.002525541,-0.000134853,0.005036927,-0.006366865,0.041639163,0.039578634,-0.00623349,-0.000607688,-0.002131867,0.000141941,0.029235688,0.02926498,-0.061457892,0.003005061,-0.01,-0.12,-0.2,-0.25,-0.36,-0.48,-0.46,-0.35,-0.3,-0.06,-0.53,-0.58,-0.36,-0.07,0.17,1.3,1.9,-0.000971243,-0.009020292,-0.00562246,0.004650879,0.012124016,-0.000782779,-0.00079713,0.000794579,0.018457678,-0.062645981,0.02259046,-3.89032E-06,-5.19675E-06,0.002836195,0.000447363,-2.14997E-06,-0.000781555,-5.66221E-06,-6.85291E-06,0.000670905,-4.09224E-06,-0.000559519,0.001328508,-0.001275181,-0.0006897,0.002318677,0.002035499,-5.96825E-06,2.9,0.003489346,0.002577128,-0.000296395,0.003490883,13.179
0.003386426,0.003296823,-0.002717501,-0.011892775,-0.002826375,-0.003961288,-0.003802474,-0.004952937,-0.005271014,-0.021807823,0.000842026,-0.004500632,-0.00415942,-0.007417576,-0.010505186,-0.006562443,0.007123764,0.000606713,-0.898,214,0.021483237,0.002981553,0.002358246,0.1,0.6,-0.043574199,0.08584247,0.019664169,0.028682655,0.012072581,0.013963489,0.000784026,-0.000778277,-0.001614495,0.002283106,-0.001682867,-9.65018E-05,-0.004075697,0.001167542,0.000377683,0.001341283,0.000733686,0.001167713,-0.000411501,40.7,0,41.1,7.286876412,4.744932128,5.638354669,6.583409222,5.834810737,7.210818453,4.762173935,5.713732806,6.393590754,5.81711116,0.000545426,-0.007599563,-0.026362464,-0.002245519,0.003475951,0.01,0.002096429,-0.001784893,0.003857368,0.000971087,0.000846607,0.001295385,0.004995232,0.001864475,0.001942566,0.000351935,0.032864581,0.037092858,-0.067585185,0.009744824,-0.15,-0.15,-0.05,-0.05,-0.05,0.08,0.11,0.11,0.14,-0.06,-0.43,-0.48,-0.26,0.16,0.43,1.56,2.19,0.001331044,-0.002765297,0.032107157,0.000250784,-0.011903598,0.001563722,0.000796495,-0.001596804,-0.019527729,0.006479474,0.020347414,-0.000658968,0.003043562,-0.011412811,-1.01332E-05,-0.001465202,0,-5.63536E-06,-0.001961852,-0.001347254,-0.001348162,0.000277399,0.001171537,0.001170299,-0.000236219,0.001523531,-0.002719701,0.004037738,1.7,-0.003008156,-0.010688221,-0.010759469,0.002047646,14.0765
0.001482359,0.001922555,0.004889364,0.020055388,0.007782443,0.012554162,0.013603638,0.014784554,0.014757483,0.031851439,0.00843823,0.018315026,0.011251136,0.020812443,-0.002887601,0.010920343,0.06536137,0.001038057,0.534,-42,-0.002483843,-5.28943E-05,0.000288383,0,-0.3,0.039191431,-0.052422484,0.034031357,0.085753911,-0.012072581,-0.041646917,0.002144408,0.001944559,-0.003236831,0.004550634,0.001276917,0.001928269,0.000291673,0.002193413,0.001718754,0.00040387,0.001106704,0.001457726,-0.000411671,40.8,0.1,41.2,7.255591274,4.779123493,5.777652323,6.450470422,5.831882477,7.23417718,4.795790546,5.736572297,6.396929655,5.872117789,-0.000794315,0.035989601,0.036129664,0.00486998,0.003245718,-0.01,-0.001222822,0.00083723,0.004098191,0.002814579,-0.015612887,-0.012351492,-0.005319289,-0.004416349,-0.002833674,0.000159939,0.003116941,-0.001984874,0.005015641,-0.021017892,-0.11,0.03,-0.02,0.04,0.16,0.23,0.21,0.16,0.15,0.08,-0.34,-0.33,0.01,0.5,0.75,1.83,2.45,0.031714702,0.034530176,0.080657396,-0.017963797,-0.004417619,-0.002345277,-0.001592991,-0.000796495,-0.005192405,0.104061065,-0.009238824,0.000652518,0.007575215,0.001410714,0.001344639,0.001463058,0.001561281,-5.6087E-06,0.001302506,0.00134183,0.001342731,0.000901404,0.00158223,-0.000104669,0.00115648,-0.005395003,-4.59638E-07,-0.006477755,1.8,-0.000251083,0.022026857,0.009897617,0.007306554,13.3487
0.003893384,0.004691401,0.002340958,-0.00122285,0.002345676,0.003981491,0.003703597,0.003447255,0.001675374,0.010590942,-0.001680926,0.009074645,0.004319157,0.019059127,0.001235437,0.008907836,-0.042976606,0.024269938,0.3565,9,0.001638371,0.002075888,0.002248136,-0.1,0,0.044738182,-0.058367516,-0.036197267,-0.100948885,0.020834087,0.01601148,0.002139819,0.001897697,-0.001983233,0.007163084,0.00040595,0.001347579,-0.001021227,0.002199174,0.001088413,0.000843928,0.001213091,0.001746471,5.14681E-05,40.8,0,41.2,7.221835825,4.718498871,5.700443573,6.396929655,5.880532986,7.259116128,4.852030264,5.752572639,6.458338283,5.828945618,0.013134869,0.036901694,0.112512165,0.009280049,0.004020196,-0.01,-0.002885508,-0.002393176,0.002340377,-0.001766231,0.015880362,0.014437953,-0.001540948,0.000696111,0.003083194,0.000387652,0.034558928,0.027450637,-0.069985053,0.012729877,0.06,-0.08,-0.12,-0.11,-0.13,-0.24,-0.29,-0.25,-0.26,-0.06,-0.52,-0.5,-0.18,0.2,0.4,1.52,2.13,0.017789499,-0.007889256,0.059492008,-0.004990733,-0.003178008,0.002344056,0.003184081,-0.000796495,0.041684994,-0.030298984,-0.013630733,-0.000656804,-0.009847114,0.001425984,-0.000919241,-0.001463058,-0.000781553,-5.58222E-06,-0.000653798,-0.001343633,-0.000674071,-0.001474426,-0.002678561,-0.000621749,-0.001534611,0.001536099,0.002028625,0.001612904,-7.3,-0.002144751,-0.023957208,-0.002725824,-0.002900316,12.237
0.001499664,0.003080368,-0.003909934,0.000522235,-0.004017605,-0.001238833,-0.004177777,-0.006254947,-0.00829011,-0.010614948,-0.007425454,-0.000557739,0.002393317,0.002605014,8.09121E-05,-0.00072726,-0.046300801,-0.025598353,-0.4574,62,0.01958777,0.000791476,0.002035758,-0.1,-0.2,-0.047303695,0.035932009,-0.014853921,0.006676229,-0.033054198,0.025904652,0.001288474,-8.61809E-05,-0.001444826,0.005432251,-0.001799031,-0.001058659,-0.002923551,0.001625124,0.001672171,0.000659969,1.43473E-05,0.001598257,0.001748342,40.9,0,41.2,7.221835825,4.836281907,5.648974238,6.408528791,5.863631176,7.244227516,4.852030264,5.774551546,6.452048954,5.755742214,-0.00629386,-0.029794884,-0.069472373,0.001834421,0.004270334,0.02,-0.001151269,-0.000511248,0.000509901,0.000752472,-0.019755834,-0.019270295,-0.004193906,-0.002980249,-0.004536728,-4.4607E-05,0.007144794,-7.32241E-05,-0.004695969,-0.014397585,-0.04,0.08,0,0.02,-0.03,-0.14,-0.16,-0.2,-0.18,0.06,-0.48,-0.44,-0.17,0.1,0.28,1.36,1.99,-0.010137341,-0.035593998,0.002914824,0.012050259,-0.003782405,0.000776682,-0.000799023,-6.34911E-07,-0.023788009,-0.055333722,-0.023998509,0.001302075,0.002266147,0.005025902,-0.000909398,0.002190581,-6.07501E-07,0.001169532,0.001944466,0.002006912,0.001335996,0.001911319,0.001554052,0.00150642,0.002106978,0.000763634,-0.002030914,0.000801585,1.3,-0.000357618,0.017030698,-0.002534824,-0.006694654,14.2377
0.003287822,0.004314959,0.008308109,0.008152838,0.01199513,0.002472126,0.00255937,0.002302155,0.003573558,0.00101462,0.004518474,0.003479402,0.002357867,0.00817664,-0.006846378,0.000831493,0.059032899,0.005591927,-0.3395,-145,-0.026958236,-0.000768854,-0.001596322,0.1,0.4,0.031427546,-0.011409378,0.029062987,0.030886873,0.027487583,0.014696323,0.001236052,-0.000258587,-0.004891757,0.00093362,-0.000406681,0.000481348,-0.001758242,0.001601433,0.001544273,0.001025754,0.000989467,0.002030458,-5.13782E-05,40.8,0,41.3,7.280697195,4.59511985,5.777652323,6.549650742,5.802118375,7.265429723,4.836281907,5.749392986,6.432940093,5.908082938,-0.011879964,0.004319384,0.040857388,0.004277775,0.002581445,-0.01,0.001306432,-0.001334905,0.000509641,-0.002680543,0.01363225,0.013756499,0.008499727,0.001086487,0.018629055,0.002049869,0.02140181,0.025063679,-0.037829031,0.008129471,0.04,-0.08,0.08,-0.05,-0.16,-0.17,-0.11,-0.1,-0.07,-0.06,-0.44,-0.53,-0.37,-0.11,0.13,1.22,1.88,0.004443374,-0.001397991,0.010859219,-0.009807746,0.005631313,-5.45901E-06,-2.51953E-06,-0.000799039,0.022340908,0.0753518,0.019603741,-0.001307181,-0.003781293,-0.005743005,0.000439888,-0.002920242,0.000777301,-0.001183373,-0.002597824,-0.002677378,-0.002009152,-0.002619164,-0.002082771,-0.004181179,-0.002144109,-0.000769511,0.002694964,-0.001610952,-2,-0.001970568,-0.04177525,0.012977017,-0.002249099,12.9719
0.001857148,0.001151004,0.006350223,0.00472834,0.008280425,0.003831798,0.003535118,0.004470178,0.00295899,0.00643163,0.001645464,0.008130074,0.00418993,0.008925599,-0.004885419,0.003670615,0.004392164,0.008139424,-0.1156,375,0.050735372,-0.000776992,-0.000799118,0,-0.1,-0.054818254,0.025594013,-0.003426128,0.029066533,-0.03241775,-0.032347834,0.001116213,0.000387856,-0.000181637,-0.002616335,0.001277584,0.0040342,-0.002937291,0.001294022,-4.17058E-05,0.001171003,0.000823809,0.00130312,0.000154127,40.5,-0.1,40.9,7.26612878,4.624972813,5.723585102,6.502790046,5.874930731,7.273786318,4.859812404,5.703782475,6.426488457,5.978885765,0.028785175,0.044668927,0.068680134,0.006964825,-0.001401515,-0.03,-0.003018945,0.000851253,0.001315371,0.00369159,0.026232331,0.024985622,-0.00538139,-0.002208559,-0.020291016,-0.000192122,0.031471071,0.029899591,-0.059984912,0.021991958,-0.2,-0.1,-0.22,-0.14,-0.12,-0.18,-0.22,-0.2,-0.19,0.04,-0.46,-0.47,-0.29,-0.09,0.11,1.22,1.89,0.0086004,0.016820234,-0.000888171,-0.014180064,0.011679716,0.002317448,0.004733093,0.003192339,0.001432974,0.025676352,0.015587223,-1.69322E-06,0.004539726,0.002871502,-0.000455524,0.002917048,-0.000779118,-0.001175082,0.001293242,0.00200334,0.001333777,0.001949681,0.0043303,0.004536401,0.000504264,-0.000765988,-0.009445354,0.002404166,2.8,0.001441327,0.032078525,-0.009924129,0.003527021,12.288
0.003428914,0.001084393,-0.004527269,-0.010032143,-0.008112705,-0.00654759,-0.011083917,-0.012586063,-0.01234156,-0.02779219,-0.006633575,-0.013074333,-0.000937648,0.002809109,-0.00713695,-0.007699496,0.022058845,0.001863485,-1.0544,-250,-0.03870154,0.000792073,0.000295748,0,-0.2,0.023390708,-0.011247775,0.017014447,0.039496138,-0.004127121,0.024358444,-0.000109875,-0.000560284,-0.000545108,0.002056268,-0.001335695,-0.000767165,-0.002208644,0,0.000458668,0.000365657,0.000322175,0.0015904,-0.000822284,39.4,-0.1,39.7,7.290974778,4.553876892,5.82008293,6.459904454,5.981414211,7.23489842,4.574710979,5.746203191,6.413458957,5.905361848,-0.030239188,-0.04684875,-0.106963221,0.010805966,0.005409617,0.05,0.002282613,0.002408265,-0.000127218,2.85452E-05,-0.043480164,-0.039075998,0.005838791,0.00467074,0.007198231,0.000387544,-0.000244103,-0.001831477,0.0173604,-0.012443411,-0.04,-0.24,-0.14,-0.21,-0.22,-0.15,-0.06,-0.01,-0.02,-0.16,-0.56,-0.64,-0.47,-0.2,0.09,1.25,1.91,0.01405058,0.015949846,0.037594823,-0.007623925,-0.001754258,-0.001562366,-0.001605852,-0.000799039,0.007722534,-0.06516485,-0.032327844,0.003884326,0.002261009,0.009302393,0.001325882,0.004346212,0.001550987,0.002333716,0.003216854,0.002655571,0.002653809,0.000299594,-0.001272111,0.003362293,-0.000523635,0.009874164,0.021527047,0.005560789,-1.7,0.003996943,-0.005130657,-0.013823987,-0.001250361,15.069
0.008331262,0.008646018,0.00764837,0.008995171,0.015730987,0.015412863,0.017165702,0.019370341,0.016468215,0.028029311,0.012191934,0.025577401,0.013232025,0.021875258,0.000595403,0.015642676,0.027077256,0.019877687,0.8436,-94,0.000490894,0.002530427,0.004099478,-0.1,0.3,-0.004413394,-0.052021185,-0.027363828,-0.049392755,-0.006639029,0.0086523,0.003585821,0.003614773,0.005437751,0.011142177,0.001219619,0.001533743,0.000736757,0.00357876,0.001749344,0.000511696,0.002323745,0.002885172,0.001797869,40.9,0.2,41.3,7.307202315,4.882801923,5.659482216,6.472346295,6.052089169,7.258412151,4.753590191,5.762051383,6.421622268,5.916202063,-0.020679716,-0.032836249,0.002586828,0.003231049,0.000551966,0,-0.000906331,-0.001226283,0.001906578,-0.007259838,-0.039768271,-0.042029774,-0.006079411,-0.002814228,-0.003231858,-0.000425113,0.055585687,0.058145485,-0.106342248,0.04777061,-0.34,-0.25,-0.17,-0.15,-0.15,0.02,0.16,0.18,0.16,-0.07,-0.39,-0.45,-0.28,0.16,0.59,1.77,2.41,0.002201123,0.012529069,0.000346035,0.004698521,0.006053773,-0.003088806,-0.005497291,-0.004789152,-0.014255023,0.018452128,-0.017559103,-0.003247357,-0.007550028,-0.005747465,-0.001786667,-0.005810271,-0.001553396,-0.000593466,-0.003230572,-0.002006389,-0.002005048,-0.000651519,-0.00175039,-0.003276784,0.000563884,-0.014424847,-0.021470177,-0.011948143,-0.8,-0.000917697,0.012998595,0.003331737,0.011494494,16.5672
0.003525111,0.002934316,0.004834044,0.0004976,0.00884253,-0.001058003,-0.002104037,-0.004443653,-0.006364334,-0.032357665,0.003088242,-0.001847606,0.000232509,-0.004553056,0.003920405,-0.001803224,-0.011846382,-0.001231093,-0.5901,115,0.015339745,0.001713436,0.001773353,0,0.9,-0.044853948,-0.003093925,0.061771367,0.016143848,0.102024399,0.023965005,0.002229374,-0.000171836,0.002888089,0.005708514,-0.002091686,-0.002301497,-0.001769129,0.002814118,0.001704747,0.001241601,0.002040438,0.001439471,0.002409207,40.6,-0.2,41.1,7.261225092,4.905274778,5.799092654,6.469250317,5.749392986,7.270312886,4.919980926,5.814130532,6.390240667,5.910796644,0.044719908,0.090024614,0.076103055,0.022519274,-0.002152066,-0.04,0.008119232,0.003000502,0.003633602,0.012806463,0.077674335,0.07651883,0.001147767,0.002455713,-0.002321272,-0.000310862,-0.00380994,0.001741191,0.024189829,-0.012022328,0.09,0.16,0.13,0.19,0.4,0.59,0.46,0.36,0.4,0,-0.35,-0.35,0.03,0.66,0.96,2.04,2.72,-0.000808249,-0.000668729,0.001435805,-0.005811123,-0.007005283,0.006149135,0.009374454,0.006389146,-0.032521042,0.103390336,0.053053709,0.001283255,0.006796164,0.000694371,-4.9077E-06,0.004325367,0.000773094,-0.000588329,0.001276702,0.000653267,0.00065284,0.001439223,0.002023219,0.003830365,0.000408308,0.001507679,0.007358555,-0.001608864,5.2,0.004323284,-0.021549785,0.003404438,-0.012460548,18.7075
0.002645023,0.001792543,0.003683644,0.008907785,0.003663375,0.00915113,0.009701482,0.01296359,0.008777671,0.045610235,-0.004720455,0.02347702,0.008450517,0.016113652,0.003190174,0.011245957,-0.008921137,-0.00478866,0.472,-94,-0.020056182,0.001718001,0.001048218,0.1,0.3,-0.024981783,0.042891565,0.000407415,-0.014337163,0.012700955,-0.072854577,0.001385594,0.001717033,0.002160606,0.005128216,0.000639591,0.003258893,-0.003399604,0.001304986,0.000539923,0.001331182,3.5635E-05,0.002442354,-0.000870746,40.8,0.2,41.2,7.323830566,4.94875989,5.777652323,6.478509642,5.993961427,7.288244401,4.976733742,5.80814249,6.455198563,5.855071922,0.015652956,-0.050637593,-0.105760609,0.001973612,0.002993052,0,-0.001701103,-0.003906052,-0.00092827,-0.008306908,-0.003029922,-0.004594762,0.002108539,-0.003715052,0.003395076,0.000152712,0.000154531,0.003355993,0.008424517,-0.005047163,-0.09,0.08,-0.01,0.1,0.2,0.33,0.24,0.15,0.16,0.17,-0.27,-0.16,0.32,1.08,1.29,2.28,2.97,0.006043706,0.018311129,0.011818688,-0.007295225,-0.004697601,-0.003088689,-0.005484855,0.000790129,0.055551289,-0.014948892,-0.00656697,0.000630481,-0.009072606,0.00559607,0.000436128,-0.000741437,-0.002321682,-5.38328E-06,-1.02335E-05,0.000646786,-1.08779E-05,-9.02871E-06,-0.004568051,0.000208724,0.000831201,0.013621047,0.002002884,0.019874154,-1,-0.007111741,0.0217021,0.001546677,0.004785551,16.7505
0.004356022,0.005102085,0.001296877,0.007579683,0.007531795,0.007262382,0.006407798,0.005104464,0.001723884,0.005027263,0.000468826,0.013135103,0.008320754,0.010998634,0.006104136,0.007674379,0.001095069,-0.001795377,0.1781,-147,-0.020389635,0.001932035,0.001982256,0,-0.6,0.088821332,-0.003824096,-0.021408804,-0.059497099,0.008869238,-0.041924435,0.002731967,0.001799718,0.001617396,0.004374779,0.001045721,0.00210305,-0.000592417,0.002958613,0.004019481,0.002348038,0.00518913,0.003151865,0.00071714,40.8,0.1,41.4,7.315883505,4.859812404,5.799092654,6.543911846,5.857933154,7.284134806,4.934473933,5.749392986,6.49677499,5.831882477,-0.000731905,0.047760312,0.083850668,0.010320914,0.001661739,-0.01,-0.009364268,0.000288034,0.001265609,0.002772456,-0.066681325,-0.065145996,-0.000549229,0.000373323,0.000371475,0.000146077,0.021492726,0.025344858,-0.037953417,0.019116459,0.02,0,0.07,0.06,0.1,0.18,0.23,0.12,0.11,0.15,-0.22,-0.12,0.4,1.24,1.5,2.38,3.06,0.004748927,0.029048525,-0.008028448,-0.000527844,0.007403369,-0.003060446,-0.002330699,0.000782581,-0.035794261,-0.202072524,0.023006047,-0.001931095,0.006051456,-0.005655418,-6.99871E-06,-0.003591181,0.000773694,0.00114871,-1.01683E-05,-0.001326178,-0.001322282,-0.001278158,-0.000721391,-0.00544445,0.000202589,-0.009839647,-0.001342699,-0.013510834,-3.3,0.000440245,-0.013886629,0.012285888,0.003158561,16.8627
0.006692883,0.007420165,0.001171917,-0.004725372,-0.001068537,0.008413304,0.00874865,0.009434177,0.007953567,0.020841264,0.003064103,0.016304171,0.007976831,0.014154357,0.002222803,0.010442883,-0.014726984,0.004003703,0.4064,380,0.077766711,0.000224413,0.002831765,-0.3,0.6,-0.080163269,-0.082955986,-0.020177229,-0.058173127,0.008061605,-0.006698729,0.002348881,0.001753749,0.001973272,0.006526492,0.000232234,0.001240636,-0.001334223,0.00249343,0.002395705,0.003158413,0.002011532,0.00299936,-5.12072E-05,41,0,41.5,7.290974778,4.8978398,5.690359454,6.504288174,5.910796644,7.264730178,4.882801923,5.726847748,6.461468176,5.857933154,-0.008993218,0.000589485,-0.012568457,0.004713144,-0.000638184,-0.01,0.006241419,0.000285238,0.001600809,0.001065961,0.0595102,0.054268022,0.000745809,0.000774306,0.00118641,0.000209282,0.01093466,0.012981455,-0.014894603,0.010678503,0.03,0.1,0.07,0.13,0.17,0.21,0.17,0.09,0.1,0.22,-0.18,-0.02,0.54,1.42,1.64,2.44,3.13,0.002703418,0.00318497,0.024317706,0.017273395,-0.002559323,0.003051108,0.00231869,-0.00714444,-0.024661318,0.065243809,-0.007490926,-3.67934E-06,-0.001518603,-0.004887057,-6.96182E-06,-5.12398E-07,0.000773694,-0.001162059,-0.003183702,-0.001315781,-0.000658968,-0.001735768,0.003286332,-0.004922047,-0.001582374,0.00299176,0.001988699,0.002351389,3,0.002147325,-0.023378383,0.009169588,-0.005003134,17.6216
-0.001958723,-0.001043921,0.002109072,0.007866008,0.001221092,-0.00131802,-0.001332314,-0.001211258,-0.006902895,0.002108661,-0.010372843,0.010531537,-0.00131173,0.003042089,0.003211744,0.002726726,-0.054967749,-0.004713468,-0.2249,-253,-0.054319352,0.004380915,0.002721369,0.2,-0.9,0.04594989,0.075692549,-0.024936804,-0.024667232,-0.025130665,-0.015312431,0.002093456,0.000811671,-0.000717103,0.004147513,-0.000174171,-0.000190767,-0.000148357,0.00240442,0.001813611,0.000670332,0.002155775,0.00299039,0.000972489,40.8,0,41.4,7.294377299,4.820281566,5.85220248,6.490723535,5.831882477,7.279318835,4.919980926,5.823045895,6.424869024,5.880532986,0.014584704,-0.006161141,0.015030754,0.009513331,0.004676264,0.01,-0.001348886,0.000416013,0.00197641,0.000947186,-0.026622937,-0.021471092,-0.001838105,-0.006714746,-0.000470848,0.000871545,-0.037228981,-0.042886416,0.101152057,-0.038026687,0.13,0.04,0.06,0.05,0.04,-0.05,-0.04,-0.06,-0.05,0.13,-0.25,-0.1,0.45,1.24,1.47,2.25,2.95,-0.004519687,-0.020804799,0.002116884,0.007367706,0.0028514,-0.003813013,-0.003866082,0.00078702,0.042329622,0.08003673,-0.134260831,-3.66526E-06,-0.000763634,-0.002096191,-6.92523E-06,-0.000715564,-0.000773694,0.00114215,0.001905367,-0.000655952,0.001306327,0.002128096,0.000990842,0.004895841,0.00132476,-0.001509313,-0.000677009,-0.0007963,2.3,0.000183268,0.035083653,-0.018288871,0.000903229,19.2709
0.003287723,0.004295998,0.003438856,0.003426639,0.000120178,0.005743781,0.00268413,2.93516E-05,-0.002690783,-0.010459337,0.000294664,0.005425348,0.009577749,0.015175366,0.002014222,0.005256628,0.011114974,0.012777932,-0.0155,12,0.037914268,-0.001714256,0.001770824,-0.4,0.6,-0.068137805,-0.064195527,-0.013146552,0.041778873,-0.054607953,-0.015550553,0.001540185,0.002601447,0.000717103,0.005205073,0.001856257,0.002762564,0.000445005,0.001282754,0.001028997,0.002532334,0.0013688,0.002130531,-0.002202249,41,0,41.5,7.350516172,4.905274778,5.857933154,6.527957918,5.96100534,7.253470383,4.990432587,5.743003188,6.440946541,5.789960171,-0.006732102,-0.039132691,-0.082810197,-0.005657465,0.002171462,0,-0.007242257,-0.002042956,0.000629948,-0.000316263,-0.006608176,-0.006212726,-0.001132562,0.011643711,-0.001913225,0.000217225,0.028484803,0.025191096,-0.043170006,0.027598944,-0.18,-0.11,-0.1,-0.17,-0.18,-0.25,-0.23,-0.19,-0.17,0.2,-0.17,-0.09,0.45,1.17,1.42,2.24,2.96,-0.005929216,-0.023903557,-0.012208938,-0.001998131,0.001823554,0.003806047,0.004629041,0.003184081,-0.015075188,-0.012085699,0.071962986,-0.000639581,-0.003063327,0.002793298,-0.000443284,0,0.001545595,-0.000583428,-0.000637136,0.00065338,-0.001311467,-0.001160995,-0.000260593,-0.002582426,-0.000821226,-0.000752102,-0.000670349,-0.001568612,0.6,-0.003714914,-0.027422498,-0.003698744,-0.004611129,16.145
0.002910735,0.003886056,0.001271222,0.003053217,0.013305554,0.006856145,0.009101571,0.010812257,0.010979045,0.010929501,0.010994864,0.011860066,0.004020878,0.009110067,0.001702126,0.008400573,0.000471817,-0.00577402,0.2421,225,0.024108694,0.003433013,0.002858177,0.1,-0.5,0.011551612,0.012270093,-0.020950176,0.003984069,-0.04115143,0.032468941,0.001770361,0.000766349,-0.003410828,0.004287252,-0.000173878,0.000475534,-0.00118712,0.002013912,0.001562051,0.002796195,0.001817465,0.00255066,0.003224901,41,0.1,41.6,7.296413269,4.94875989,5.743003188,6.520621128,5.837730447,7.238496841,4.96284463,5.713732806,6.393590754,5.85220248,0.01475491,0.050402299,0.093458354,0.005443447,0.000726771,-0.01,0.00484216,0.000636079,-0.000671958,-0.000874421,0.010085736,0.008675321,0.010504609,-0.001350038,-0.003823635,-0.000363239,0.018242678,0.019600536,-0.020373791,0.015778472,0.08,0.1,0.04,0.11,0.16,0.21,0.19,0.2,0.17,0.22,-0.21,-0.06,0.53,1.3,1.53,2.36,3.05,0.007867747,0.0257687,0.018964107,0.00604659,-0.002042604,-0.002284553,-0.003087015,0.003176493,-0.028897629,0.058837443,0.040985606,0.001902539,0.010691129,0.004187026,0.000430682,0.003570157,-2.38518E-06,-8.17264E-06,0.001895327,0.002605855,0.001952057,0.00186072,-0.000130474,0.005350788,0.000970331,-4.97507E-06,0.001307963,0.000776079,-0.6,0.001202608,0.025300045,-0.001494751,0.004492098,17.046
0.000211336,0.000820847,0.002965003,0.007797751,0.008194161,-0.000545033,-0.003035626,-0.005032148,-0.00613324,-0.022235632,2.5651E-05,-0.003252603,0.002573729,0.001690779,0.003323781,-0.001464825,0.006033176,0.023265724,-0.5735,-201,-0.033092572,0.003013705,0.002771842,0,-0.5,-0.019192912,0.0527827,0.02139119,0.074675831,-0.025022156,-0.011001211,0.002165051,0.002083201,0.001078361,0.005865119,0.000926999,0.001330293,0.000296912,0.002184892,0.002789173,0.003399009,0.003618038,0.001979359,-0.000664605,41,-0.1,41.4,7.238496841,4.882801923,5.655991811,6.400257445,5.918893854,7.213768308,4.955827058,5.720311777,6.364750757,5.799092654,0.004934003,-0.001064383,-0.004806408,0.013280568,0.003701626,0,-0.004710699,0.002090861,0.001427372,-0.001313727,-0.016869049,-0.014386516,-0.004486587,0.001374446,0.000170236,-7.1674E-05,0.03862898,0.035550225,-0.070906519,0.036025652,-0.06,-0.09,-0.1,-0.13,-0.28,-0.33,-0.3,-0.27,-0.28,0.19,-0.25,-0.13,0.31,1.03,1.29,2.15,2.83,0.003348967,0.019495984,0.022320466,0.017167258,-0.013675678,0.004541445,0.006129696,-0.004766325,0.015684201,-0.051183734,-0.013490692,-1.00526E-05,-0.005345564,-0.002100069,-6.8231E-06,-1.27007E-05,-0.002314518,-0.000576793,-0.001270216,-0.000663978,-0.000659301,0.000208685,0.000188169,0.000462593,0.000109474,-0.002227999,-0.003293158,-0.003894993,1.8,0.000965981,-0.024294109,-0.007010646,-0.000375324,17.6269
0.003256111,0.003666631,0.002484435,0.007370386,-0.000438891,0.008744424,0.010473025,0.011410457,0.011455316,0.013577342,0.010645613,0.014779918,0.006561176,0.010676339,0.003357971,0.008603835,0.043327242,0.004218161,0.2474,334,0.02983911,0.000637207,-0.00093092,0.2,-0.4,0.164535466,-0.055949407,-0.049253234,-0.067741678,-0.032620918,-0.007699179,0.002441458,0.001612561,0.005195748,0.004420483,0.000521059,0.001233689,-0.000593912,0.002642281,0.001718846,0.001704143,0.001751621,0.002257337,0.000562387,41,0.1,41.5,7.305860033,4.844187086,5.826000107,6.513230111,5.855071922,7.252762418,4.941642423,5.746203191,6.455198563,5.777652323,0.008578612,0.032837448,-0.01980838,0.014609603,6.77006E-05,-0.01,0.007596315,0.000480372,0.001927913,0.000316191,0.032764905,0.032451998,-0.001856999,-0.00139727,0.002827792,4.1116E-05,0.047617771,0.042180878,-0.086841316,0.043137044,0.07,-0.02,0.04,-0.04,-0.13,-0.3,-0.33,-0.29,-0.28,0.1,-0.28,-0.24,0.11,0.66,0.89,1.79,2.48,-0.01012675,0.013103037,-0.001036901,0.046797925,-0.009446312,-0.004546033,-0.005372505,-0.000795227,0.040518825,-0.08620163,0.034414149,-9.98917E-06,0.002282238,0.002765739,0.000426207,0.000694853,-5.95374E-07,0.000562199,0.001254284,-1.05278E-05,0.000640302,-0.001237835,-0.002706811,-0.000748881,-0.001128773,0.002962965,0.000655522,0.005447175,2.7,0.001643977,0.002807914,0.007991366,0.001953609,17.1635
0.003959207,0.004392302,0.003950172,-0.00722816,0.004641574,0.006530768,0.006229026,0.007310948,0.002855405,0.015527674,-0.002034421,0.018358722,0.006903949,0.010844259,0.01243711,0.008916125,-0.013102764,-0.010640503,0.2691,-40,-0.006935008,0.000784836,0.000696316,0,-0.3,-0.108027692,0.090892974,-0.016344048,-0.043375433,0.00695655,0.049582557,0.001412494,0.000593447,0.000535954,0.001234242,0.000405081,0.001137441,-0.000742887,0.001610728,0.00089917,0.000770395,0.00261471,0.002111636,0.000306623,41.2,0,41.7,7.222566019,4.983606622,5.686975356,6.487684018,5.605802066,7.252053952,4.955827058,5.733341277,6.444131257,5.802118375,-0.011767884,-0.050750124,-0.040624125,-0.001789271,0.000188144,0,-4.12276E-06,0.000263056,0.002801415,0.003607899,0.025539832,0.025770325,0.00057886,0.003228554,-0.004050619,-0.000409129,0.010250813,0.01134746,-0.009781145,0.004771938,-0.02,0.1,-0.12,-0.03,0.05,0.1,0.1,0.1,0.1,0.22,-0.38,-0.25,0.18,0.78,1.01,1.91,2.6,0.01717123,0.041323751,0.014895307,0.000962059,0.017850342,0.002259318,0.00227991,0.0063467,0.023715377,0.117429399,0.036875628,-0.000638264,-5.19675E-06,0.002725708,-0.002169477,-0.002132917,0.001543806,-0.000573814,-9.87647E-06,-1.04598E-05,-0.000655413,-0.000637258,-0.002000596,-6.83669E-05,-0.000540583,0.002201192,0.001307181,0.001530525,-2.3,0.00114251,-0.004908227,0.006826427,-0.004726601,19.9415
0.00584265,0.004273351,0.004719701,0.012814459,0.006689559,0.001372711,-0.000226462,-0.001110444,-0.003079724,-0.006861767,-0.001596288,0.004879267,0.003378908,0.00422079,-0.000152536,0.000810696,-0.011190157,-0.005947501,-0.3942,-41,0.002220988,0.002535399,0.003419768,-0.1,0.4,0.050949855,-0.085470458,0.017732616,0.042387778,-0.003472226,-0.041883378,0.001904943,0.000847171,0.007118734,0,0.000751858,0.001325381,-0.000148644,0.002160657,0.000571779,0.001073979,-0.002334735,0.001966845,0.001123481,40.6,0,41.4,7.211556733,5.056245805,5.517452896,6.390240667,5.866468057,7.231287004,5.075173815,5.686975356,6.380122537,5.82008293,0.020416616,-0.003115757,0.0295423,-0.001026803,0.003119613,0,0.001940035,-0.001595862,0.001877151,-0.003568614,-0.040042767,-0.039593782,-0.003676283,-0.003536475,0.001288484,-0.000488398,0.030436873,0.03157077,-0.053141613,0.018802337,-0.04,-0.19,0.12,0.06,0.14,0.26,0.28,0.22,0.2,0.07,-0.22,-0.15,0.36,1.08,1.33,2.17,2.84,0.017935917,0.045811782,0.033910208,-0.003250665,-0.009440991,-0.002262158,-0.003047038,-0.003177109,-0.017105061,-0.077161082,-0.017757376,-0.000633477,0.000750971,-0.008264981,0.001726368,-0.001413926,-0.002316305,0.001123544,-0.000634619,-0.001940274,-0.000650368,0.000146951,0.004573633,-0.002224894,0.000116288,-0.001491733,0.008437506,-0.002336025,0.5,-0.003165018,0.011097868,-0.005427891,0.009465161,21.0313
0.003223796,0.004702028,0.002110596,0.020214064,0.008647802,0.011926258,0.010082009,0.009070629,0.005575294,0.016731004,0.001180155,0.016704626,0.01423263,0.023665187,0.00987876,0.014000932,-0.003771803,0.004670265,0.6798,177,0.029662652,-0.000413504,0,-0.1,-0.2,-0.078804654,0.06033298,-0.01022789,0.018600634,-0.036303234,-0.055338104,0.002534292,0.002875023,0.004423612,0.008247831,0.001097854,0.001795927,0,0.002451958,0.000897849,0.002608542,0.000188939,0.002383123,0.000255161,41,0.1,41.6,7.303843225,4.844187086,5.883322388,6.467698726,5.874930731,7.275864601,5.153291594,5.707110265,6.411818268,5.891644212,0.006719868,0.050569729,0.073096948,0.005044098,0.002904137,-0.02,-0.002129738,-0.000717516,0.001166229,0.001188414,-0.040508919,-0.041362427,0.003846908,-0.00157159,0.000350095,-0.000253185,0.041127865,0.034289946,-0.071947199,0.028293446,-0.06,-0.04,-0.02,-0.04,-0.08,-0.13,-0.16,-0.11,-0.15,0.09,-0.18,-0.13,0.34,1.01,1.23,2.12,2.75,0.029176901,0.044148591,0.041934202,-0.020036601,0.004584112,-0.003010349,-0.004563322,-0.00237123,-0.129372425,-0.116407585,-0.015297454,-3.54215E-06,0.002249046,-0.002064456,-0.000867656,0.001407954,0.002316901,-0.001699216,-0.000629886,-1.65851E-06,-3.73165E-06,0.000805624,0.001657548,-0.000229697,0.001005489,-0.001475426,-0.009118412,-0.003084043,2.3,0.001060237,0.001477991,-0.006983297,-0.005158689,21.6478
0.004798054,0.004766483,0.002677056,0.000455188,0.003272934,0.006873931,0.008734744,0.01030702,0.007897491,0.012868436,0.00592044,0.015715989,0.004534557,0.011211559,0.003768183,0.010237678,-0.056272815,0.011735658,0.3646,-40,0.003477491,0.003619733,0.004611403,0,-0.3,0.020579255,-0.01453017,-0.014117882,-0.018600634,-0.009968365,-0.004217768,0.002560674,0.002235109,0.000353045,0.005055358,0.001385042,0.002263938,0,0.002639344,0.002525974,0.002655145,0.002334294,0.002936038,0.000510126,41.3,0.1,41.8,7.284134806,4.997212274,5.697093487,6.464588304,5.910796644,7.26961675,5.030437921,5.703782475,6.472346295,5.81711116,-0.005093692,-0.015708354,-0.019966024,-0.001819963,-0.000360206,0,-0.003634717,0.000848078,0.003241629,-0.001324917,0.041413528,0.037730906,-0.000470661,0.006504376,-0.000260569,-0.00033482,-0.007833808,-0.008519673,0.021510849,-0.020994239,0.2,0.14,0.13,0.2,0.27,0.34,0.27,0.24,0.24,0.03,-0.25,-0.13,0.41,1.15,1.3,2.16,2.79,0.008502874,0.006375343,-0.00153254,-0.009891277,0.012389734,0.001504323,0.003803732,-0.002376864,0.008108664,0.068613667,-0.000352329,-0.001254311,-0.009798542,0.001372673,0.001715246,-0.004226842,-5.96294E-07,0.000559102,-0.001249609,-0.001287001,-0.001287414,-0.001051818,-0.001131768,-0.003562211,-8.14386E-05,-4.81622E-06,-0.003877223,0.003841726,0.3,0.001287412,-0.017489534,0.009729583,0.012221225,22.3035
0.000836978,0.001616676,-4.50596E-05,0.00333584,-0.00685931,0.000274124,-0.002969837,-0.004723965,-0.010761378,-0.02610954,-0.004600399,0.007194426,0.004345312,0.006439519,0.001813295,-0.001529715,0.055378673,-0.00760642,-0.6171,-40,0.005900522,0.000919432,0.001953232,-0.1,0.1,-0.064692261,-0.05895791,0.030800382,0.056664221,0.006354992,0.023515935,0.002390602,0.001094645,0.003699467,0.002257925,0.000518896,0.00150645,-0.001041125,0.002703446,0.001382507,0.002044463,0.000983802,0.004596428,-0.00025503,41.3,0,41.8,7.307872781,4.9698133,5.669880923,6.561030666,5.860786223,7.259116128,4.859812404,5.743003188,6.470799504,5.811140993,0.000910219,0.037976357,0.028734322,0.003990209,0.004206503,0,-0.00219403,0.000295366,0.00352062,0.002382757,0.017437619,0.017664231,0.002187736,5.99308E-05,0.010516457,0.001239186,-0.03628723,-0.029049894,0.074612766,-0.049322422,0.12,0.18,0.02,0.11,0.19,0.22,0.2,0.18,0.16,0.09,-0.35,-0.14,0.48,1.25,1.38,2.22,2.83,0.011880675,-0.001093942,0.02305873,0.012164774,0.01568688,-0.005297592,-0.007651147,-0.000805924,0.084045237,-0.005916281,-0.024507612,-3.91603E-07,0.009042969,-0.003460917,-0.001295761,0.000701988,-0.003089401,-5.04988E-06,-3.88679E-07,0,-4.12499E-07,-6.82074E-05,-0.007711259,0.004279391,-0.000139795,-0.001462521,0.005812083,-0.004608891,1.4,-0.002490274,-0.014018759,0.007031589,0.002650318,21.5077
0.004590103,0.005435531,0.000615639,-0.000245842,-0.00753449,0.005778425,0.00730707,0.007911928,0.007581358,0.011158807,0.006175301,0.011617289,0.003865244,0.010744408,-0.00042232,0.007374452,0.014808019,0.02433033,0.1058,-258,-0.017797055,0.000756977,0.002482533,-0.2,-0.2,0.035444709,-0.060710242,-0.025600653,-0.000934143,-0.050103243,-0.00983413,0.002148299,0.00184975,0.004211271,0.005018614,0.000749042,0.001504184,-0.000446528,0.002220297,0.001218274,0.002146628,0.000613514,0.002775467,-0.00010203,41.2,0,41.7,7.273786318,4.804021045,5.736572297,6.463029457,5.910796644,7.254177846,4.882801923,5.666426688,6.426488457,5.926926026,0.004219002,-0.031919591,-0.031269357,0.000306749,0.003860033,0.02,0.007956972,-0.001125193,0.00305495,-0.002500014,-0.046997421,-0.043943592,-0.003632609,-0.001404673,-0.01066245,-0.000169102,0.086665518,0.089011928,-0.160009657,0.075882706,-0.01,0,-0.11,-0.07,-0.12,-0.19,-0.18,-0.15,-0.14,0.1,-0.45,-0.2,0.37,1.07,1.21,2.08,2.7,-0.017235419,-0.019828623,-0.052663374,0.001778323,-0.009947462,0.003772685,0.004574221,0.002379363,0.009200423,0.117173691,0.009612401,-0.000625587,-0.002268386,-0.002114854,0.000422674,-1.99496E-06,0.002317498,-0.000564468,-0.000623247,-0.000643294,-0.000642055,-0.001436768,0.004752834,-0.004584056,-0.001566812,0.002910678,-1.49459E-05,0.003832302,1.8,-0.000811689,0.050102473,-0.00844906,-0.019922222,21.9276
0.003620679,0.003904653,0.00492645,0.013372446,0.013933845,0.004855447,0.004002543,0.004764713,-2.58197E-05,0.019084105,-0.007769128,0.016617749,0.005934481,0.010922933,-0.002602893,0.006625813,-0.061494669,-0.001241702,0.0259,399,0.045503156,0.000675651,-0.000401737,0.1,0.1,0.013755375,0.053837363,-0.01711882,-0.058698907,0.02350837,0.00523642,0.002151836,0.001049472,0.00087512,0,0.001438891,0.00262689,-0.000446728,0.002417451,0.00154102,0.002354213,0.001086669,0.001938253,0.003005529,41,-0.2,41.6,7.309212366,4.736198448,5.720311777,6.56667243,5.897153868,7.245655068,4.94875989,5.707110265,6.436150368,5.81711116,0.002129435,0.036356628,0.06626995,0.0031332,0.006015048,-0.01,0.002253725,0.001274939,0.002470154,-0.001034528,0.053233422,0.049755413,-0.001749337,8.50237E-05,0.001454722,-9.3617E-05,0.050555407,0.048498087,-0.085713311,0.038247209,0.06,-0.04,-0.12,-0.17,-0.18,-0.19,-0.22,-0.17,-0.18,0,-0.63,-0.43,0.13,0.82,0.93,1.85,2.46,-0.005636588,0.006468463,-0.042037541,0.007750794,0.002821284,0.0007567,0.000763002,0.001593626,-0.038928018,-0.137808604,0.012417968,0.001874415,-0.003754601,0.009045453,-0.001285614,0.002120391,-0.002322881,0.001113876,0.001867414,0.002571935,0.001923694,0.001744758,0.000753131,0.000105808,0.002542174,-0.002187906,-0.001294422,-0.001536084,1.3,0.002741352,-0.000647477,0.008320861,0.009594894,22.7433
0.004452909,0.004984077,0.009292434,0.010076586,0.011637039,0.0075006,0.006736047,0.007190759,0.008130134,-0.000207263,0.011569797,0.005338792,0.008469668,0.007011903,0.010180219,0.006614336,0.030949124,-0.030891383,0.0093,-149,-0.007937416,0.001950948,0.003163168,-0.1,0.9,-0.06448648,-0.037952552,0.016175424,0.031222048,0.001857011,-0.016260521,0.002464027,0.001174103,0.003841457,0.004134373,0.000115022,0.00177861,-0.002535234,0.002774375,0.00133633,0.003265468,0.001106353,0.005104515,0.001321608,41.1,0.1,41.6,7.270312886,4.990432587,5.703782475,6.487684018,5.80814249,7.272398393,4.912654886,5.659482216,6.489204931,5.883322388,0.021603884,0.022800743,0.028443948,0.004158355,0.002054141,-0.01,-0.002722684,0.000262495,0.003325058,0.004643191,-0.018283983,-0.016670115,-0.001121754,-0.004076455,-0.003268752,-0.000463901,0.054410116,0.056423262,-0.085487818,0.042700384,-0.04,-0.05,0.12,-0.01,-0.15,-0.26,-0.27,-0.27,-0.27,-0.01,-0.47,-0.4,0.02,0.6,0.7,1.62,2.23,0.011101493,0.027354003,0.00949404,0.014784688,-0.004924335,-0.001529038,-0.00077966,-0.002395211,0.026940784,0.106760149,-0.050871525,-0.000626754,0.003003004,-0.004182644,-1.63805E-06,-0.001413927,-0.000782711,-7.78513E-06,-0.000624406,-0.001928641,-0.001283284,-0.000698382,-0.000137638,0.002615135,-0.002003892,-0.000727007,-0.002564104,-0.000765402,2.6,0.000468724,-0.006280218,-0.013921704,0.003819976,23.2477
0.005886555,0.006421851,0.006063978,-0.002837869,0.00264622,0.010412708,0.010441011,0.012737682,0.009149294,0.021665255,0.004042864,0.02262099,0.01038452,0.01796508,0.002736189,0.012617106,-0.013584171,0.017714793,0.4871,71,0.015438542,0.001032608,0.001447089,-0.1,-0.4,0.049939339,0.012339976,-0.055799096,-0.11382833,-0.002786811,0.030596591,-0.000178702,0.003764592,-0.002093511,0.004973002,0.003616433,0.005316929,0.000895522,-0.001128998,-0.004502046,0.001813461,0.002000848,0.003297159,-0.003511186,41.1,0.1,41.7,7.237059026,4.779123493,5.645446898,6.456769656,5.860786223,7.278628942,4.94875989,5.733341277,6.439350371,5.92157842,-0.008414171,-0.008748884,0.00261011,0.005451533,0.00119914,0,0.009718477,0.003964214,0.006047005,-0.001367006,0.010338454,0.007248222,0.003433025,-0.000790325,0.001683651,-0.000457553,0.00210523,0.001420735,0.002645659,-0.00942816,0.02,-0.01,0.09,0.07,0.02,0.04,0.08,0.08,0.07,-0.04,-0.4,-0.35,0.02,0.62,0.76,1.68,2.28,0.020851705,0.020299842,0.021891495,-0.04027554,0.009393133,0.006863542,0.007730377,0.003992655,0.005633818,-0.008545325,0.040007255,0.001243001,-0.006012788,0.00765849,0.000423808,0.004236794,0.000770052,-0.001673946,0.000618612,0.001924928,0.001917136,0.000213954,-0.000457736,0.003062944,-0.000661137,0.004337876,0.005108568,0.004565635,-2.7,0.004325917,-0.013529831,-0.000998713,-0.012837313,25.1538
0.003022478,0.0033761,0.000205913,0.008051795,0.004364472,0.008867932,0.00750642,0.006793615,0.006981859,0.008072764,0.006551669,0.007720745,0.01059983,0.013143694,0.008261972,0.008688569,0.002408645,-0.005278736,0.1444,240,0.031187066,0.000417135,6.9223E-05,0.1,-0.1,-0.020404789,-0.008526816,0.034333927,0.07364654,-0.000930665,-0.046332557,0.004045454,0.001835322,0.00400872,0.004778166,0.000744623,0.00111576,0.000149176,0.004578647,0.008419739,0.001652138,0.001005858,0.003012875,0.00315554,41.2,0,41.7,7.343426229,5.036952602,5.755742214,6.573680167,5.886104031,7.309212366,4.927253685,5.717027701,6.483107351,5.986452005,-0.008723782,0.003001661,-0.003957863,0.005575546,0.006188866,0,-0.016997965,-0.004578835,0.001506055,-0.002453031,-0.018294946,-0.010901115,0.001715654,0.005020311,0.001611641,-0.00014725,0.010492195,0.005526213,-0.011141073,-0.000832405,0,0.01,-0.19,-0.1,-0.04,-0.05,-0.09,-0.07,-0.12,-0.03,-0.59,-0.45,-0.02,0.57,0.67,1.61,2.16,-0.004389835,-0.028563792,0.024794053,-0.001372941,-0.002376068,-0.00229152,-0.002326434,-2.54776E-06,0.009236345,-0.022216501,-0.014275913,-6.18798E-06,0.00601731,-0.000721191,-2.89478E-06,-0.001417898,0.000775477,0.00166312,0.001233399,0.001275074,-6.52436E-06,0.001603869,0.001584554,-0.000164969,0.002235933,-0.002901139,-0.001294196,-0.004570272,1.6,-0.003832285,0.000107682,0.00488087,0.018250638,25.5928
0.005263044,0.006096263,0.005090189,-0.002900287,-0.0020689,0.00865149,0.013231729,0.014524014,0.016038758,0.012307111,0.017571676,0.014118909,0.002816034,0.011951285,-0.001759022,0.008848188,0.070987031,-0.001005023,0.1411,-94,0.007550243,-0.000307346,0.001229833,-0.2,0.2,0.036511992,-0.066888251,-0.061649737,-0.087738914,-0.03795522,-0.016793677,0.002779351,0.002372579,0.000695531,0.001531003,0.002744584,0.004080503,0.000596481,0.002877325,0.002697101,0.003068536,0.002866343,0.004093892,0.002993634,41.1,0,41.8,7.326465614,4.753590191,5.780743516,6.551080335,5.940171253,7.312553498,4.8978398,5.693732139,6.517671273,5.96870756,0.01185906,-0.000191207,0.017664649,0.006288072,0.003745872,0.01,0.006623219,0.000838449,0.002924216,0.002816601,0.003804711,0.004072879,-0.004222866,-0.00454482,0.001650058,-9.0049E-05,0.014977666,0.010321749,-0.018360289,0.004416485,-0.04,0.04,0.02,0,-0.06,-0.18,-0.18,-0.15,-0.13,0.05,-0.53,-0.41,-0.04,0.43,0.53,1.5,2.07,-0.006612625,-0.01273205,0.001409379,0.019603015,-0.000216286,0.000756128,0.00076184,-0.002392027,0.03022314,0.078699988,-0.027121263,-0.000625161,-0.003012049,-0.005536823,0.000844573,-0.002111933,0.001560063,-7.6819E-06,-0.001242595,-0.001922863,-0.000642017,-0.001112635,0.000861513,-0.002595524,-0.000970662,0.004296417,-1.44942E-05,0.00755233,-0.4,-0.000435509,-0.019920007,-0.002685976,-0.00588055,25.6252
0.007091878,0.007912716,0.004103124,0.010581276,0.002624514,0.008752991,0.006650817,0.007574539,0.002984463,0.024903324,-0.005966658,0.01926119,0.011453045,0.020417599,0.005337717,0.010665656,-0.001580406,-0.028496481,0.2798,298,0.063770306,0.002397715,0.003634527,-0.1,-0.7,-0.034493013,0.030555846,-0.070642583,-0.041231467,-0.097440106,0.014729693,0.002409514,0.002449913,-0.001565626,0.002716009,0.00245231,0.003971741,0,0.002399785,0.002168501,0.001714276,0.002678894,0.003805904,0.001164587,41,0.1,41.8,7.31986493,5.141663557,5.616771098,6.501289671,5.986452005,7.292337176,4.94875989,5.693732139,6.480044562,5.937536205,0.011185605,0.072587059,0.153451857,0.024361989,0.001765781,-0.01,0.006180622,0.000826338,0.00441073,0.001603615,0.027742929,0.026971212,0.002346521,-0.001786119,-0.005327036,-0.000724214,-0.012952014,-0.012245606,0.027116657,-0.017832759,0.02,0.09,0.17,0.08,0,-0.13,-0.15,-0.13,-0.15,0.12,-0.38,-0.35,-0.06,0.28,0.36,1.35,1.9,0.006115956,-0.031277694,0.035072264,0.033658615,0.01850251,-0.004554082,-0.005375463,0.002390756,-0.024150128,-0.124281634,0.018765876,-0.000621689,0.001506024,-0.004853173,0.000838136,-0.000703482,-0.002344667,-7.63949E-06,-0.001235711,-0.000639181,-0.000638357,-0.001241733,-0.004254954,-0.001605414,-0.000513468,-0.004314956,-0.000644306,-0.005306082,1.6,0.000212592,0.016987146,0.002746565,0.012584779,31.5452
0.006038728,0.006129689,0.005681462,-0.002521954,0.003210429,0.003015956,0.000568816,-0.000931496,-0.004895905,-0.002910183,-0.00570748,0.005143494,0.006156763,0.007087403,0.006884248,0.003757776,-0.015968662,0.016232937,-0.3035,-319,-0.069439064,0.001415459,0.000198981,0.1,0.5,0.021943829,-0.045416483,0.045193274,0.042322575,0.047875948,-0.004300397,0.002556271,0.002981616,0.003649322,0.006589531,0.001821079,0.002853594,0.000149065,0.002453818,0.001362944,0.001798577,0.002265927,0.003926618,0.000252992,41.3,0.1,42,7.356279877,4.890349128,5.80814249,6.561030666,5.973809612,7.283448229,5.003946306,5.726847748,6.431331082,5.937536205,-0.012992211,-0.095519421,-0.226810221,-0.007232455,0.005156289,0.01,-0.003654938,-0.001099849,0.003908852,-0.00088967,0.01156195,0.005568184,-0.00095481,-0.002716462,0.008700325,0.00034981,0.024668714,0.016096818,-0.034186872,0.022779487,-0.02,0.06,0.02,0.07,0.07,-0.03,-0.07,-0.11,-0.1,0.2,-0.34,-0.26,0.03,0.27,0.31,1.26,1.82,0.023441787,0.022768182,0.034124287,-0.017440566,0.010070862,0.000756128,0.000764802,-0.003187252,-0.083296405,-0.043571972,-0.011726718,-0.000619386,0.002258187,0.004153199,0.000409206,0.000703482,0.001561888,-0.001107708,0.000615573,-0.001275917,-0.001270648,-0.000266869,0.002294947,0.000313395,-0.000990729,0.001418902,0.002499485,-0.001506011,-5.1,0.000640127,0.005676781,0.011678593,-0.013877456,26.4731
0.008898073,0.009685618,-0.000884244,0.001940453,0.001754659,0.005211129,0.006655456,0.008375471,0.005308255,0.004978522,0.005447636,0.013967839,0.003338753,0.007945982,-0.000157554,0.008380297,-0.084357561,-0.003639119,0.079,189,0.041695021,-0.000437557,0.000359595,-0.1,-0.3,0.020699821,-0.004138651,-0.036426095,-0.090089372,0.01111684,0.025062388,0.002181323,0.003220083,0.004154411,0.007549738,0.001761014,0.003486882,-0.001043919,0.001930887,0.001161045,0.004282587,-0.001142653,0.003237995,0.000202347,41.1,-0.1,41.9,7.329749689,4.997212274,5.843544417,6.467698726,5.96100534,7.349230825,5.153291594,5.81711116,6.484635236,5.96870756,-0.015183347,0.002976518,0.031546038,0.001452238,0.002683163,0.01,0.000277664,0.001240739,0.004534427,-0.002074146,-0.038275074,-0.032773749,0.006184972,0.002148457,-0.012474544,-0.001361667,0.001028182,0.007337315,0.003535022,-0.001512249,0.06,-0.26,-0.12,-0.21,-0.29,-0.35,-0.27,-0.15,-0.13,-0.12,-0.52,-0.53,-0.32,-0.14,-0.02,1.05,1.63,0.012514046,0.024365503,-0.001439362,-0.014994059,0.009623505,-0.003820573,-0.006189552,-0.004806396,0.005627249,0.004216976,-0.002564591,0.000617093,-0.00150659,-0.003492342,-0.002531104,-0.000703978,0.001565558,0.000546574,-0.001232286,0.001275917,0.001269036,0.000707144,0.000212649,-0.000678001,0.0013211,-0.003562526,-0.004402709,-0.002248595,4.5,0.000881909,-0.000104217,-0.031000367,0.012058782,24.4275
0.006845477,0.007310434,0.006461568,0.013941863,0.000418761,0.00115102,0.001572743,0.000783194,-0.001513771,-0.002009296,-0.001310091,0.003726318,0.000585577,0.004632937,-0.005806708,0.001140575,0.013951543,-0.019436759,-0.523,133,0.028466498,0.000123994,0.000619425,0,-0.2,-0.005815097,-0.005718757,-0.013179762,0.016568426,-0.038939346,-0.006872879,0.001584888,0.000865177,0.000345423,0.00233723,0.000453952,0.001190095,-0.000746324,0.001758439,0.000560022,0.001076464,-0.000509796,0.003227544,0.00080898,41.1,-0.1,41.7,7.367708572,5.247024072,5.929589143,6.536691598,5.793013608,7.40671073,5.135798437,5.92157842,6.555356892,5.993961427,0.015462842,0.039278529,0.029783299,-0.000922491,0.006358616,0,0.001947809,0.002273987,0.008054912,-0.001275515,-0.042945592,-0.041047108,-0.004561863,0.007673689,0.007652944,-0.000216249,0.060790693,0.061853115,-0.09031776,0.059326793,-0.05,0.01,0.05,0.04,0.07,0.07,0.03,0.06,0.06,-0.06,-0.42,-0.44,-0.2,-0.02,0.06,1.16,1.74,-0.009517396,-0.007964915,-0.028944174,0.003541123,-0.005218674,0.004576082,0.006951917,0.003184585,0.037078984,0.052310383,0.014589479,-0.001235331,-0.001503194,0.000678532,0.001674859,-0.000705466,-6.12264E-07,-0.001101316,0,-0.001914283,-0.001269036,-0.001013982,-0.001176784,-0.001866187,-0.000713645,0.004258346,0.000623238,0.004490464,3.8,0.001904972,-0.032898173,0.009069867,-0.011195838,20.3863
0.006124994,0.006358844,0.004442439,0.004939878,0.006020239,0.000737433,0.00182678,0.001844069,0.001406992,0.002707279,0.000880806,0.00513377,-0.000709834,-0.003987631,-0.004567939,-0.001238786,0.045351433,0.007340907,-0.7123,-36,-0.019669936,0.000903961,5.35125E-05,0.1,-0.9,0.080999302,0.02776528,-0.020665354,0.002344667,-0.041606001,-0.012618464,0.001159059,-0.000782747,-0.002420471,-0.004679935,0.000567151,0.001280059,-0.000597461,0.001626533,0.000719568,0.001803083,-0.000103369,0.004821868,0.000303199,40.9,0,41.6,7.356918242,4.990432587,5.739792912,6.568077911,5.983936281,7.380879036,5.003946306,5.755742214,6.616065185,5.973809612,-0.008014002,-0.024482175,-0.036731955,-0.009649416,0.004926277,0,-0.004367314,-0.001792541,0.006255464,0.002609949,0.060310311,0.056470922,-0.003375131,0.0010757,0.003349286,0.00014069,0.050558952,0.047718086,-0.070484513,0.05016701,-0.02,0.04,-0.06,-0.03,0.08,0.12,0.08,0.05,0.07,0,-0.46,-0.45,-0.1,0.12,0.16,1.23,1.83,0.003863173,0.018285759,0.02534675,0.012777598,-0.01178961,-5.86292E-07,-6.02793E-07,-0.000818453,0.006666286,-0.027273428,0.00494797,0,-0.00150659,-0.002135651,-0.000426216,-0.001415417,-0.002347112,0.001641282,0,0.000637551,0,0.000680469,0.00219865,-0.002207676,0.001387382,-0.002135954,0.001242595,-0.000758268,-3.9,-0.001147988,0.052177031,0.007870442,0.007781609,20.5431
0.003710346,0.004323983,0.005322129,0.001354953,0.012377868,0.003620499,0.004452288,0.004804248,0.006426942,0.003558902,0.007572988,0.002733423,0.002488542,0.004762057,0.004635091,0.004793174,-0.009415053,-0.00326114,-0.2028,21,0.064981767,-0.000626854,0.003015005,-0.4,0.2,-0.059460008,-0.02776528,-0.182773126,-0.363051874,-0.03887219,-0.012779727,0.002234388,0.003127317,-0.007645563,0.01331356,0,0.00082203,-0.001345593,0.002019563,0.001238044,0.001505855,0.001287901,0.00320171,0.001211877,40.6,-0.3,41.3,7.339537695,4.882801923,5.828945618,6.536691598,5.934894196,7.344072851,4.941642423,5.717027701,6.536691598,6.023447593,-0.010557854,0.02252185,0.04651851,0.004221824,0.002072928,0.01,0.000463878,-1.46881E-05,0.004999912,-0.001790367,0.012548654,0.011695881,-0.006419357,-0.00655789,0.002554887,0.000553058,0.032318496,0.030375229,-0.037227686,0.033049484,-0.04,-0.01,-0.08,0.02,-0.01,0,-0.01,-0.03,0.01,0.03,-0.5,-0.39,-0.07,0.16,0.19,1.24,1.88,0.00471661,0.010016109,0.020483326,0.006238398,0.00927494,0.002297384,0.002329494,0.003225156,0.023975325,0.09452796,0.027703113,0.001233806,-0.000760683,0.002090984,0.001242938,0.002117397,0.002347724,-7.48151E-06,0.001230769,0.001277547,0.000633914,0.001080025,0.001467727,0.006450417,-0.000915545,-0.002122392,-0.001251929,-0.005219154,2.2,0.001988805,0.015532066,0.002796146,-0.025753187,22.5381
0.0045969,0.005390232,0.007208237,0.003409425,0.004604066,0.006396019,0.005714359,0.004407782,0.003741889,0.007014003,0.002430716,0.005969287,0.007259176,0.007359304,-0.001178945,0.005267773,0.013412832,-0.009804792,-0.149,21,-0.010970257,0.001617357,0.000883695,0.1,0,0.004934533,0.016546396,0.009440394,0.091630323,-0.051114494,0.00064288,0.003199239,0.000862405,-0.005948233,0.00626238,-0.000737359,0,-0.001946837,0.003760943,0.003187889,0.001848924,0.003147336,0.003456991,0.002972968,40.9,0.1,41.5,7.336936914,4.990432587,5.683579767,6.561030666,5.96100534,7.348587531,4.955827058,5.771441123,6.583409222,5.908082938,0.014941071,-0.001554423,0.004826127,0.000440381,-0.000851265,-0.01,0.002783828,-0.00047192,0.003332487,-0.00344553,-0.057477585,-0.058223964,0.015351051,-0.004695706,-0.005560838,-0.000143877,-0.003404458,0.003196016,0.013851161,-0.002009804,0.04,0.02,0.05,0.08,0.06,0.02,0.01,0,-0.03,0.01,-0.49,-0.35,-0.05,0.14,0.16,1.2,1.81,0.003806947,-0.017493157,0.0235706,-0.020601846,0.010713146,-0.003062788,-0.002328892,-6.54581E-07,-0.020984707,-0.065867404,-0.046074703,0.001229249,0.00603774,0.006376204,-1.40275E-05,0.003534321,-0.003132956,-0.000551658,0.001839543,0.001912248,0.002529644,0.000131558,-0.007983047,0.003972086,0.000472568,0.003527341,-3.47641E-06,0.005960703,-2.2,-0.000869996,-0.049036337,-0.002952251,0.018609529,21.4485
0.005790994,0.006098968,0.006622026,-0.004007831,0.007965659,-0.006308801,-0.00580018,-0.007644888,-0.011647115,-0.047926128,0.002347007,-0.000284602,-0.007036585,-0.012941186,0.000935387,-0.007841699,0.042208725,0.002964251,-1.193,-94,-0.036725571,0.000604016,-0.000616981,0.1,-0.6,-0.036634133,0.064057636,0.079319679,0.235660888,-0.061444386,0.082610103,0.001770298,0.001066711,-0.002283708,0.0070394,-0.000908265,-0.000365263,-0.001800451,0.001939101,0.001272315,0.000880061,0.001405539,0.003577347,0.000201238,40.8,0,41.4,7.403061091,4.934473933,5.762051383,6.64898455,6.021023349,7.346655163,5.043425117,5.749392986,6.532334292,5.978885765,-0.034635342,-0.047880174,-0.013336276,-0.003412635,0.000459622,0.01,-0.00501045,-0.000990932,0.003516453,0.004806925,0.038605242,0.037599955,0.003741216,0.000408776,0.006707524,0.000680615,-2.70659E-05,-0.001291106,0.009060799,0.002807937,0.07,0,-0.02,-0.02,-0.03,-0.11,-0.15,-0.16,-0.17,-0.06,-0.58,-0.44,-0.15,-0.04,-0.06,0.97,1.57,0.017079075,0.010693131,0.039496244,0.007419605,0.013948761,0.000764817,-6.02793E-07,-0.002434734,-0.015430696,-0.04591268,0.006319562,-0.001233799,0.001492416,-0.000711478,-0.001253849,-0.00212139,0.002350177,-0.000548072,-0.001844822,-0.001914282,-0.001900932,-0.002223821,0.00352035,-0.004104043,-0.002738813,-0.004231814,0.00123416,-0.005212495,-0.9,-0.001169402,0.014041932,0.016066817,-0.014793279,22.2231
0.001846006,0.002662303,0.000633076,-0.005859909,-0.006549389,-0.003456653,-0.003240108,-0.006782315,-0.009033794,-0.042031625,0.003018653,-0.005467636,-0.003800947,-0.003634772,-0.000133445,-0.003668702,0.015214968,0.001007958,-0.8081,21,-0.002473759,0.000967122,0.000647439,0,0,0.018292006,-0.036242948,-0.022571491,-0.087452781,0.039756789,-0.014903406,0.001030568,-0.006128554,-0.007768401,0.006828185,-0.010619569,-0.015370051,-0.00285736,0.002739822,0.001310382,0.000120732,0.001848189,0.004355005,0.002562236,40.8,-0.1,41.4,7.437206367,5.023880521,5.743003188,6.688354714,6.06610809,7.383989458,5.062595033,5.746203191,6.599870499,6.001414878,-0.010333676,-0.010097912,-0.022787817,-0.002853114,0.001932246,0.01,0.001482574,-7.04176E-05,0.002259624,-0.004767016,-0.014012689,-0.011996953,-0.009772171,0.00261184,-0.001795973,0.000557862,0.042558863,0.040762888,-0.054191301,0.046017159,-0.02,0,-0.02,-0.09,-0.05,-0.06,-0.04,0.02,0.02,-0.04,-0.58,-0.51,-0.18,-0.08,-0.08,1.01,1.61,0.006263679,0.012431604,0.003250596,-0.004067885,0.014496935,0.003064548,0.003104989,0.002431445,0.028505625,0.114484682,0.003111193,0.001224733,-0.003012035,0.000703965,0.000406299,0.001407954,0.002350177,-2.65832E-06,0.000609934,0.001271051,0.000628329,0.003326532,0.004635618,0.001834842,0.003583497,-0.000705964,0.002453494,-0.005235875,-0.4,-0.001729645,0.014127868,-0.010746138,0.0096003,20.2518
0.00384231,0.00435765,0.004560355,0.010850245,-0.004356367,0.020348572,0.021787501,0.027680917,0.028978458,0.111859481,-0.002280631,0.030779879,0.018342307,0.03842539,-0.002146524,0.024029501,-0.023781585,0.004785278,1.4461,81,0.023126924,-0.000130834,0.000464374,0,-0.4,0.001541426,-0.021170145,0.030598703,0.067844309,-0.003660773,-0.063218072,0.002690322,0.007480819,-0.003729029,0.00694279,0.008060641,0.01354173,-0.000904023,0.001548261,0.001586043,0.00112039,0.000943312,0.001578948,0.001454035,40.9,0,41.4,7.386470849,4.882801923,5.755742214,6.658011046,5.958424693,7.410951876,5.056245805,5.733341277,6.672032945,5.986452005,0.035280983,0.049075348,0.041756585,0.001605509,0.002181749,-0.01,0.001859393,0.001235005,0.004736401,0.005534721,0.013678965,0.013561212,-0.000338169,0.001395658,-0.006993233,-0.000289084,-0.073500264,-0.060829354,0.11181711,-0.069351541,0.01,0,-0.06,-0.08,-0.15,-0.19,-0.12,-0.03,-0.01,-0.05,-0.65,-0.6,-0.34,-0.28,-0.21,0.97,1.59,0.015183336,-0.013502483,0.027273456,-0.00579641,0.031576345,-0.004595942,-0.00465658,-0.001629326,-0.042880663,-0.082773679,0.007086457,-0.001229249,0.010414516,-0.002825359,0.000402767,-0.001409939,-0.002350177,0.000538915,-3.36261E-06,-0.000637949,-0.000632302,-0.00109354,-0.00406072,-0.000537443,-0.000682404,0.009143341,-0.002480118,0.015679254,-0.8,0.003807325,0.016206845,-0.002936309,0.012757334,31.4885
0.003536989,0.003384935,0.00740646,0.009483605,0.009142483,-0.001924524,-0.004501258,-0.005758439,-0.008619609,0.000598316,-0.012333671,0.000273544,0.00151438,0.00793586,-0.009277302,-0.00224084,-0.00085729,-0.024842821,-0.6543,-212,-0.048956193,0.005191126,0.004525857,0.1,0.7,0.010342938,0.011144999,0.037421385,-0.045577508,0.113154028,-0.027896717,0.001721171,-4.09509E-05,-0.007679295,0.001607717,-0.000341686,-0.000366066,-0.000301523,0.002142051,0.002374358,0.0012912,0.00232713,0.002363757,0.001301823,40.6,-0.1,41.3,7.366445148,4.976733742,5.749392986,6.56948142,6.01615716,7.363279587,5.087596335,5.765191103,6.562444094,5.96100534,-0.002188369,0.013255663,-0.001283737,0.000837147,0.004166248,0,0.002967084,0.003234898,0.008561564,0.002464574,-0.01427082,-0.013549404,0.002283866,-0.002365037,0.005255448,0.000519156,-0.051537229,-0.040527696,0.085690513,-0.046742233,-0.04,-0.18,-0.29,-0.32,-0.5,-0.65,-0.53,-0.12,-0.05,-0.19,-0.9,-0.88,-0.8,-0.89,-0.7,0.89,1.58,-0.039903965,-0.064516199,-0.0731052,0.029008517,-0.008375916,0.002297971,0.001550987,-0.000823305,0.016010922,0.164936314,0.019604234,-0.000612932,-0.026828287,-0.002122891,-1.08118E-05,-0.002110942,-0.003920036,-4.69016E-06,-0.001832062,-0.002539683,-0.001258653,-0.001964874,0.000516858,-0.003620896,-0.001894847,-0.007032868,-0.00675582,-0.004507537,-3.5,0.003335708,-0.025621691,0.007312599,-0.011260663,39.2471
0.001951951,0.002186798,0.003371187,0.008444657,0.01662482,0.008021445,0.007087754,0.00768127,0.005273981,0.018189726,1.57449E-05,0.011339904,0.0092308,0.015791599,0.001691799,0.009806801,-0.00576188,0.003941445,0.3391,-37,-0.003509756,-5.0621E-05,9.84904E-05,-0.1,-0.3,0.073100278,-0.039039369,-0.064854527,-0.065575328,-0.065412265,0.021478209,0.00158433,-0.000532514,-0.008461658,0.005926181,-0.002566371,-0.001648956,-0.00407948,0.002088723,0.000513702,-0.000567923,0.000654169,0.003143009,0.00080028,40.8,0,41.4,7.44716836,5.117993812,5.872117789,6.725033642,5.886104031,7.449498005,5.159055299,5.823045895,6.670766321,6.035481433,0.009261083,-0.016085959,-0.04660879,-0.009507143,0.00224623,-0.01,0.001921854,0.000195775,0.006926534,-0.000187488,0.009884829,0.011181351,0.011328682,0.004112231,-0.0024516,0.000129223,0.011524108,0.013357372,-0.016512913,0.015701156,-0.44,-0.23,-0.65,-0.58,-0.59,-0.44,-0.28,-0.03,0.09,0.02,-1.11,-1.02,-0.95,-0.89,-0.54,1.3,2.11,-0.034076472,-0.045819581,-0.105227089,0.007166791,0.015259507,0.003827023,0.005432082,0.002447313,0.050769813,-0.150623911,-0.014056861,0.001831688,0.011904736,0.004244285,-0.000419154,0.003517907,0.002347709,-4.66991E-06,0.001828711,0.003173999,0.002512564,0.002772187,0.001380366,0.004428927,0.002503065,0.003489915,0.012263992,-0.004447746,-3.5,0.001743981,0.004790063,-0.008416481,0.012876486,37.454
0.004856809,0.004838782,0.002710891,0.004283829,0.007156386,-0.000627099,-0.002398256,-0.004284314,-0.006376032,-0.002371812,-0.008040433,0.00030028,0.001717329,0.008865819,-0.001817735,0.001721573,-0.064382293,0.023196569,-0.3018,259,0.064425707,0.000737367,0.002126541,-0.1,0.4,-0.117517396,0.045567135,0.005044147,-0.011126679,0.019619787,0.017236303,0.00214784,-0.000491803,-0.007986973,0.006208728,-0.002687482,-0.002846258,-0.002425346,0.002774953,0.001933893,0.001891823,0.001905553,0.002220337,0.002147585,40.8,0.1,41.4,7.414572881,4.955827058,5.783825182,6.673297968,5.996452089,7.421775794,5.159055299,5.799092654,6.575075841,6.11146734,-0.009429618,0.021462227,0.024881542,-0.004611353,0.004058012,0,0.002529036,-0.00034067,0.007825301,-0.003423714,0.002355313,0.00268493,-0.008992292,0.007770732,-0.000393382,2.645E-06,0.102952707,0.102268936,-0.151734974,0.109206366,-0.24,0.06,0.45,0.37,0.41,0.36,0.3,0.04,0.16,0.32,-0.42,-0.41,-0.3,-0.29,0,1.58,2.51,0.009107651,0.035191878,-0.00629078,-0.019848662,-0.003111229,-0.004591257,-0.005429073,-0.000820006,-0.03018491,-0.075011931,-0.012494341,-0.001223983,0.003009784,-0.002122892,-0.000823173,-0.002813435,0.0023588,0.000533129,-0.000611426,-0.001270244,-0.001258645,-0.002135211,-0.000939362,-0.003620125,-0.001876307,-0.00210154,-0.006749773,0.002216477,5.3,-0.001845901,-0.001536034,0.001049058,0.000613894,25.038
0.002460215,0.002204876,0.008129958,0.007671152,0.009123552,0.003652732,0.000622707,-0.000275028,-0.000284281,0.007943597,-0.003685094,0.001715457,0.007703905,0.014616231,0.004127677,0.005374352,-0.002972732,0.013492785,0.0095,-95,-0.006630974,0.001826616,0.002431272,0,-0.5,0.03021615,-0.101032225,-0.019689426,0.055758833,-0.085869172,0,0.002880139,0.002456601,-0.004749735,0.012146218,-0.000916538,-0.000551826,-0.001518834,0.00298057,0.002520282,0.002351186,0.002783739,0.002215418,0.001744636,41.1,0,41.5,7.491087594,5.087596335,6.056784013,6.637258031,6.086774727,7.462789157,5.187385806,6.011267174,6.620073207,6.003887067,0.007952188,-0.022039337,-0.063873815,-0.011187023,-0.000374982,0,-0.008070485,-0.002391691,0.004794,-0.000199972,0.023114697,0.020598387,-0.014877147,-0.007978253,-0.002143116,-7.0957E-05,0.039088627,0.043807225,-0.052805264,0.045652714,-0.15,-0.11,-0.02,-0.02,-0.01,-0.09,-0.18,-0.19,-0.11,0.36,-0.29,-0.28,-0.16,-0.23,-0.03,1.54,2.55,-0.008278247,-0.018065759,-0.027121603,0.00582252,0.001880858,0.004579576,0.0061818,-0.004116227,-0.033800954,-0.017122856,-0.01131189,0.000606972,-0.005289019,-0.002127407,0.000402597,0.00281047,-0.002360037,-0.000543563,0.001212849,0.001265421,0.000624016,0.000953248,-0.001547859,0.004106828,0.000369517,-4.35237E-06,0.001211729,-0.001478742,-2.2,-0.003526357,0.024948378,0.000604194,-0.016358643,25.4768
0.002283832,0.001222834,-0.001439589,-0.001339387,0.001370091,0.004717229,0.005982725,0.00669517,0.010593988,0.000313321,0.014766532,0.000505894,0.002945435,0.003037672,0.002124551,0.003084163,0.070603695,0.022123135,-0.1609,322,0.061399666,0.002658149,0.003199955,-0.1,-0.6,-0.049524875,0.098526586,-0.04526847,0.024821653,-0.117471752,0.031768477,0.00091645,-0.002169687,-0.016990252,-0.003298001,-0.001261613,-0.001565162,-0.000760283,0.001646665,0.00094347,0.000325641,0.001558224,0.002859745,0.000248985,40.7,0,41.3,7.466227556,5.010635294,5.717027701,6.72982407,6.124683391,7.457032089,5.117993812,5.771441123,6.689599269,6.086774727,0.011132327,0.04441326,0.083892076,0.003069647,-9.56244E-05,-0.01,0.002735722,-0.000385209,0.004433764,0.004970323,0.009857798,0.008985339,0.001825429,-0.00187844,0.004887254,0.000385928,0.048163744,0.053646647,-0.057337588,0.051378768,-0.05,-0.23,-0.05,-0.07,-0.01,0.15,0.07,0.02,0.06,0.18,-0.29,-0.3,-0.12,-0.03,0.09,1.61,2.66,-0.007914113,0.018354485,-0.032828831,-0.012648485,-0.015607461,-0.000773515,-0.001562827,0.004929486,0.045831036,0.230607079,0.010155848,-3.32996E-06,0.001493948,0.002124896,-5.9537E-06,-4.43214E-06,-0.000791435,-0.001075842,-0.001217278,0.000627513,-3.52003E-06,0.000818292,0.002761316,0.001181924,0.000282593,-0.001390336,-0.00243346,0.00147221,3.4,-0.002114991,-0.039668563,-0.006662148,-0.00189654,28.6168
0.004028642,0.004489408,0.005009043,0.015342039,0.010685291,0.005145777,0.003829427,0.004650104,0.003833223,0.008700289,0.001843676,0.006804633,0.00688751,0.010340761,0.006036185,0.008057414,-0.061881384,0.008607391,0.2527,87,-0.0048419,-0.000259021,-0.00128628,0.1,0.4,0.041374238,-0.023865057,0.040123764,-0.034124046,0.114977985,-0.078740674,0.00320488,0.00135149,-0.013312281,0.011262437,-0.001837919,-0.000645191,-0.003810109,0.003642076,0.004078117,0.003575067,0.004552339,0.001167542,0.002982999,40.8,-0.1,41.4,7.420578905,5.164785974,5.700443573,6.747586527,5.840641657,7.45007957,5.170483995,5.837730447,6.687108608,5.988961417,0.023065471,-0.005273171,-0.026603784,-0.002300345,0.005223641,-0.01,-0.004102793,-0.001102695,0.005160433,-0.001942995,-0.060553044,-0.057060598,-0.000596427,-0.002521853,0.003830982,0.000838886,-0.001755265,0.00237503,0.008975745,0.002139225,0.13,0.01,0.1,0.11,0.19,0.31,0.28,0.16,0.1,0.06,-0.32,-0.32,-0.06,0.15,0.24,1.64,2.63,0.014461177,0.029581224,0.02938482,-0.013547531,-0.014384922,-0.00684556,-0.010003283,-0.002481046,-0.031053216,-0.137880637,0.002611445,-0.001823155,-0.001542342,-0.004988046,0.000803137,-0.004908101,-0.001589138,0.00053404,-0.001819101,-0.003789476,-0.002498829,-0.002062322,-0.002580379,-0.007191567,-0.000144908,0.002076363,-0.00060698,0.000729072,4.2,0.00149535,0.021212557,0.004819492,-0.005635971,29.5663
0.001302973,0.000685492,0.004304656,-0.001472972,0.004586293,0.001610654,-0.002074773,-0.002586993,-0.002910125,-0.003158342,-0.002822273,-0.001279843,0.006573685,0.009121111,0.001857197,-0.000666017,0.07110744,-0.007799852,-0.4372,-213,0.011876118,-0.001706897,0.000684718,-0.2,-0.4,-0.036916278,-0.021293975,-0.052277864,0.011944402,-0.114977985,0.004137366,0.000834708,-0.002294519,-0.00472993,-0.004208564,-0.001553376,-0.000276638,-0.003671413,0.001570593,0.001251467,0.000580383,0.00121226,0.001166181,0.001190713,40.5,0.1,41.3,7.444248649,5.056245805,5.866468057,6.705639095,5.948034989,7.417580402,5.117993812,5.857933154,6.606650186,6.011267174,-0.0044665,-0.0046295,-0.00927694,0.001625268,0.006747167,0.01,0.001184556,-0.003592539,0.000969281,-0.000486918,-0.024433693,-0.024315069,0.011133636,0.00241985,-6.14851E-05,0.001025721,0.027752311,0.018864892,-0.029433776,0.029181179,0.05,0.02,0,0.03,0.08,0.23,0.23,0.22,0.14,0.03,-0.37,-0.34,-0.03,0.33,0.42,1.81,2.72,0.020644278,0.026823121,0.023754682,-0.003878241,0.013199542,0.006087707,0.010012172,0.005786153,0.028942087,0.236969184,0.004879008,0.00060698,0.002274623,0.010685563,-0.000816917,0.002805051,0.001574128,0.001065229,0.001818366,0.001894139,0.001872854,0.001017016,6.33996E-05,0.003243443,0.000451362,0.000681765,0.004842624,0.001453376,-2.4,-0.008139946,-0.021768077,0.000591345,0.012241676,26.3073
-0.00170185,-0.000563838,0.005665814,-0.001666664,0.00719479,0.002843278,0.001470504,0.000770841,-0.000171562,0.011834599,-0.005057415,0.005618841,0.004659604,0.010909305,-0.000346677,0.004159904,-0.006606885,0.022067561,-0.034,-35,-0.037877221,0.001649327,6.01725E-05,0.1,-0.1,0.117378587,-0.030378035,0.005420067,0.031171355,-0.02266386,0.018814461,0.002896567,0.001926112,-0.012019605,0.012110069,-0.001382807,-0.000830373,-0.002301497,0.003124206,0.00253723,0.00136428,0.003191982,0.001552795,0.003415422,40.7,0,41.3,7.347943823,4.955827058,5.84932478,6.510258341,5.97126184,7.377758908,5.111987788,5.831882477,6.551080335,5.973809612,-0.00547388,-0.009225429,0.007438111,-0.003983379,0.002626699,0,0.004640371,0.004884468,-0.000223597,-0.002172695,0.060384322,0.055802609,-0.006118601,-0.000202087,-0.004302989,0.000468178,0.040595388,0.039954971,-0.05705401,0.03730923,-0.07,-0.04,-0.15,-0.1,-0.09,-0.06,-0.05,0.02,-0.05,0.06,-0.45,-0.37,-0.05,0.34,0.44,1.9,2.74,0.001298637,0.0209923,0.002502036,-0.007677581,-0.019630001,0.002268385,0.002281419,0.004104021,0.012076517,-0.031489785,0.031265852,0.006045599,0.012982749,0.015414151,0.000798647,0.011173301,0.002380009,-7.11873E-06,0.006029914,0.006915693,0.004970486,0.003830841,0.004989208,0.015954026,-0.000768305,0.000674703,-0.002430078,-0.001474813,-1.1,0.008804469,0.021455686,-0.001713425,-0.007009907,24.6938
0.002455205,0.002396877,0.004248582,0.014561,0.008903634,0.006825658,0.007731108,0.009020534,0.009448163,0.009216429,0.009546947,0.011449448,0.005549457,0.00885101,0.00267024,0.008710369,-0.016332607,0.001213063,0.3425,88,0.045068643,0.001064496,0.002674019,-0.1,0.1,-0.102129495,-0.032447169,0.01675081,0.006373508,0.028250466,-0.022620207,0.001639224,0.000818498,-0.011000786,0.00554018,-0.000634426,-0.000184621,-0.001383445,0.001831529,0.001947344,0.001107109,0.002024143,0.001550388,-0.000395394,40.7,0,41.4,7.384610383,4.990432587,5.85220248,6.559615237,6.01615716,7.402451521,5.075173815,5.84932478,6.568077911,6.042632834,0.010314524,0.016099828,0.021245448,-0.004256638,0.002729322,-0.02,-0.002554081,-0.00102393,0.004833442,0.005421149,0.018473269,0.022120195,-0.00810141,0.002361251,0.001790126,0.000662824,-0.002017377,-0.001869832,-0.003529006,9.28763E-05,0,0.03,0.21,0.19,0.16,0.36,0.36,0.29,0.24,0.09,-0.24,-0.18,0.11,0.7,0.8,2.19,2.98,0.000528553,0.007121731,0.018424506,0.004031888,-0.018310562,-0.0030395,-0.004607104,-0.004126376,0.039700739,-0.14452373,0.043471306,-0.006049989,-0.009919959,-0.021795421,-0.000812272,-0.011867986,-0.001589825,-0.001600707,-0.006640893,-0.007547206,-0.005599155,-0.004110819,-0.003766369,-0.01724304,0.000535729,0.002031523,0.005985823,0.002167792,2.2,-0.003447576,-0.03295142,0.01547403,0.001186153,27.3765
0.003645053,0.003623053,0.004324418,0.001019383,0.002798992,-0.001653256,-0.006465342,-0.008703426,-0.010590721,-0.005951728,-0.012465817,-0.004008133,0.004862154,0.007754658,0.004707284,-0.003462467,0.016077622,-0.002520315,-0.6291,-218,-0.059496934,0.001594622,0.000502458,0.1,0.9,0.003974568,-0.008983777,0.076099344,0.031272092,0.123030771,-0.025521869,0.002047195,-0.000450091,-0.00701074,0.004746239,-0.002194757,-0.001385746,-0.00354419,0.00263114,0.001749374,0.001156896,0.001645783,0.001934611,0.002123405,40.8,0.1,41.3,7.351799869,5.111987788,5.866468057,6.523562306,5.883322388,7.439559309,5.164785974,5.823045895,6.635946556,6.056784013,0.005460139,-0.018304527,-0.013621891,-0.006299819,0.002621788,0,-0.005625531,-0.00056275,0.004847104,-0.006526601,-0.084676149,-0.084968793,0.012905316,-0.002196071,-0.003348459,0.000193208,-0.007172432,-0.002030127,0.00275384,-0.007519811,0.02,0.21,0.07,0.26,0.25,0.37,0.36,0.3,0.3,0.28,-0.19,0.06,0.34,1.05,1.14,2.47,3.26,0.008581612,0.019441043,-0.010505856,-0.012708868,0.00573263,-0.000757287,0.000759574,0.000809967,-0.056432222,-0.015513163,-0.084758017,-0.000602591,0,-0.001399569,0.000394288,-4.82924E-07,0.002385054,-1.13053E-06,-3.61155E-07,0,-0.000619771,-0.000289111,1.71409E-05,0.001726832,-0.001076007,-0.001394542,-0.004225487,-0.000746971,0.5,-0.001473432,0.043608347,-0.004660359,0.007733241,24.1236
0.001821668,0.002064438,0.001753975,0.001299054,0.007826051,0.006314521,0.001529129,-0.000489537,-0.003900142,0.003248648,-0.006797835,0.007656722,0.012740329,0.02185864,-0.005620361,0.004602996,0.022980235,0.014295279,0.0278,89,0.004720682,0.000789187,0.000269873,0,-0.7,0.047258987,0.005624312,-0.070797807,-0.03892519,-0.103719826,0.013513719,0.00253766,0.001635725,0.002732242,0.003659098,0.00075138,0.001847234,-0.001081165,0.00274812,0.002056456,0.002615091,0.002396922,0.002059468,0.003299602,40.8,-0.1,41.4,7.419979924,5.187385806,5.796057751,6.597145702,6.059123196,7.427738841,5.087596335,5.82008293,6.646390515,6.023447593,-0.001938157,0.03494287,0.060552048,0.006664517,0.004793812,0,0.002993745,0.001192819,0.001843862,-0.001736323,0.039800994,0.034937487,0.001403934,0.000844517,0.001924943,0.000340073,0.043238942,0.048570912,-0.045832617,0.037486722,0.23,0.1,-0.02,-0.24,-0.07,-0.13,-0.11,-0.04,-0.07,0.15,-0.44,-0.41,0.04,0.69,0.8,2.2,2.96,0.002935172,0.006483425,-0.011614136,-0.012554974,0.013182547,0.001507725,0.000754369,0.003236111,0.001024026,0.107127884,0.089282798,0.004208001,-0.001519757,0.013919977,0.000789608,0.005551231,-6.31886E-07,0.002118639,0.002996345,0.004376375,0.003710579,0.002439013,0.001902993,0.004713734,0.001705946,-0.002051668,-0.002389821,-0.000737389,-1.3,-0.000421255,-0.030307563,-0.004971804,-0.005648943,21.4866
0.004821635,0.004673136,0.005376608,0.007863405,0.010717024,0.004249121,0.007734068,0.010680081,0.013465757,0.022862898,0.009630833,0.006532342,-0.00046989,-0.000331124,0.002894188,0.006185425,-0.008037584,0.001608161,0.1532,28,0.031160362,-6.45464E-05,0.001325818,-0.1,-0.5,-0.037391135,0.022734553,-0.039088534,-0.043172172,-0.036165276,-0.024629695,0.001189244,-0.000286059,-0.002341464,0.002280156,-0.001214048,-0.001569932,-0.000618334,0.001532991,0.00139443,0.002083775,0.00119298,-0.000128593,0.001768434,40.8,0.1,41.5,7.40731771,5.192956851,5.82008293,6.599870499,5.981414211,7.421177529,5.111987788,5.840641657,6.642486801,5.976350909,0.01190791,0.001749024,0.002515346,-0.000839003,0.001658856,-0.01,0.000727661,-0.002257725,0.001399065,0.003340012,0.019891582,0.022885075,0.001794724,0.006073745,0.001766039,0.000302591,-0.039510692,-0.03382759,0.053826571,-0.047203946,0.08,0.14,0.17,0.29,0.17,0.16,0.15,0.21,0.2,0.21,-0.35,-0.2,0.13,0.77,0.87,2.33,3.08,-0.020640067,-0.024930136,-0.052504068,0.019303312,0.002816714,0.003747239,0.004522505,-0.000847507,0.047999713,-0.057383055,-0.056287102,-0.001811356,-0.003053422,-0.002176534,-0.000410087,-0.001401827,-6.30883E-07,-0.001066055,-0.000609374,-0.001884161,-0.000628913,-0.000895656,-0.001017686,-0.000895989,-0.000835444,-0.002035047,-0.002377062,-0.00216423,-1.5,0.000414537,0.034898413,0.001983779,0.00168345,24.7277
3.88282E-05,0.000131014,0.004738874,-0.001814883,0.004168374,-0.00420009,-0.005324889,-0.007365496,-0.00779511,-0.015298063,-0.004661999,-0.004126227,-0.00270792,-0.006441599,0.002652543,-0.004124306,-0.008934161,0.012284665,-0.6687,-158,-0.037831915,0.001376088,0.000867945,0,0,0.02520979,0.00601259,-0.004132237,-0.012105057,0.004240289,-0.004308494,0.001734994,0.000735414,-0.004503189,0.004091225,-0.000347142,0.000277226,-0.00139265,0.001967541,0.002049379,0.001724721,0.001258084,-0.000771903,0.001422301,40.9,0,41.4,7.399398083,4.912654886,5.877735782,6.629363253,5.953243334,7.346655163,5.036952602,5.81711116,6.525029658,5.937536205,0.009688957,-0.002664384,0.00526621,0.004032521,0.005726432,0.01,-0.002550333,-0.000255652,-0.000625656,0.007351014,-0.011723692,-0.010834429,-0.004730636,0.002321985,-0.004323962,0.000160656,-0.00704553,0.003769108,0.01504435,-0.019667845,0.15,0.04,-0.04,0.01,0.05,-0.04,-0.02,-0.01,0.05,0.1,-0.54,-0.34,0.03,0.58,0.7,2.17,2.98,-0.013743948,0.011135019,-0.057731088,0.011701109,-0.010840762,0.001452185,0.002184526,-0.001635667,-0.012768859,0.058612706,0.018145864,0.001783713,0.006862382,-0.001439015,-1.01022E-05,0.002733478,-6.29882E-07,0.000522544,0.001774161,0.002473657,0.001216774,0.001744294,0.000209143,0.003548606,0.001415275,0.004721305,0.005336155,0.002861219,2.7,-0.002913039,-0.06019883,-0.002851385,-0.000702436,26.0494
0.006661505,0.007352894,0.002063738,0.008748038,0.001915376,0.013166203,0.013827393,0.015416026,0.019603976,0.03247015,0.014371071,0.008482943,0.012260914,0.019447494,0.007390962,0.014987495,-0.014637821,0.00686623,0.8614,216,0.056740509,0.001066598,0.002136721,-0.1,0.2,-0.029145253,0.00651822,-0.007620404,-0.035816501,0.020935866,0.003103986,0.003030935,0.000816493,0.002547772,0.004074555,-0.000520939,-0.000369652,-0.000774533,0.003545095,0.002199372,0.000810605,0.002770186,0.000128692,0.002594162,40.9,0,41.4,7.38274645,4.927253685,5.963579344,6.577861358,5.891644212,7.407924323,4.983606622,5.837730447,6.64898455,5.96100534,0.018466107,0.029403068,-0.016551748,0.008961621,0.00315977,-0.01,0.008641754,0.001647709,0.003381237,0.003071156,-0.00505849,-0.003769919,-0.003065504,0.002429141,0.000517482,-0.000311395,-0.013872454,-0.015987928,0.017956073,-0.025766162,-0.02,0.61,0.18,0.1,0.18,0.23,0.19,0.16,0.18,0.73,-0.34,-0.22,0.23,0.83,0.91,2.35,3.18,-0.010821061,-0.024273358,-0.008552948,0.019806248,0.000338444,-0.008206492,-0.011242511,-0.001616103,-0.06305847,-0.169536951,-0.011295455,-0.002394112,-0.000765974,-0.003437806,-0.000799928,-0.00481785,-0.000793336,-0.000532564,-0.002982026,-0.002492152,-0.002461893,-0.001909553,-0.000449588,-0.006847243,-0.00045647,-0.004053134,-2.23819E-05,-0.004298001,-4,0.003951891,0.032109587,-0.004751737,0.002462731,25.37
0.007462161,0.008632371,0.004706822,0.005155507,0.011948136,0.00478864,0.000526237,-0.001325581,-0.001023614,-0.007582419,0.001731693,-0.00014746,0.010440623,0.012712393,0.010904882,0.006269913,-0.050578658,-0.019465412,0.1675,-34,0.003522506,0.001815609,0.002355556,0,-0.4,0.010200167,-0.039762278,-0.042620087,-0.02269601,-0.059761735,-0.03023913,0.002217372,0.002282641,0.001173709,0.00705338,0.000578804,0.000554426,0.000619675,0.002202238,0.0016175,0.0024784,0.000875297,0.000385976,0.001904623,41,0,41.4,7.40731771,5.003946306,5.905361848,6.583409222,6.013715156,7.421775794,5.129898715,5.934894196,6.602587892,5.96100534,-0.01291017,-0.041722568,-0.018549191,-0.002376307,0.011203703,0,0.000502358,-0.001047843,0.00234544,0.00775704,0.02018408,0.02000345,0.019076811,-0.006818957,0.001199767,-0.000184113,0.067650956,0.063929512,-0.082377028,0.053889434,0.22,-0.08,0.21,0.22,0.12,-0.06,-0.08,-0.19,-0.23,0.43,-0.35,-0.22,0.13,0.55,0.61,1.94,2.73,0.010484539,0.042517656,-0.012501736,-0.022394688,-0.006927023,0.004457106,0.005967933,0.0015904,0.080023003,0.151279886,-0.003737147,-3.18499E-06,-0.004572012,-0.004751062,0.000782402,-0.002739726,-0.002381899,0.001568317,-0.000595053,-0.001856243,-0.000614054,-0.000717078,-0.000420584,-0.002363646,-0.000187792,-1.80657E-06,-0.004719773,0.001428572,4,0.000108272,0.005213502,0.002041791,-0.011584347,22.2295
0.008448842,0.009186788,0.013119569,0.004321851,0.018316681,0.007585344,0.008608626,0.008790368,0.010580788,4.46782E-05,0.014902938,0.007629291,0.006227482,0.007564164,0.001189168,0.006642936,0.028255435,0.004296005,0.2012,94,0.026398321,0.001084932,0.001592073,-0.1,0,0.030748003,-0.095084853,-0.002179441,-0.00143575,-0.00293686,-0.011602094,0.002373043,0.000854649,0.001562806,0.003284566,-0.000115734,0.000554119,-0.001239734,0.00272481,0.003687348,0.001783341,0.005209378,0.000128626,0.002144459,40.8,0,41.4,7.443078374,5.023880521,5.932245187,6.672032945,5.963579344,7.428333194,5.159055299,5.891644212,6.6147256,5.993961427,0.000164883,0.050917012,0.076533878,0.014272754,0.007876993,0,0.003615839,0.001821239,0.003617301,0.014588396,0.010658933,0.007610152,-0.021518982,0.015037959,-0.001038374,-0.000580514,0.026728028,0.046084287,-0.030767562,0.010712571,-0.12,0.08,0.13,0.24,0.29,0.22,0.25,0.19,0.04,0.63,-0.1,0.14,0.54,0.89,0.98,2.25,2.89,0.004223829,0.018991139,-0.019922216,-0.00451496,0.003265753,-0.001491935,-0.00150251,-0.000810495,-0.104803088,-0.054463218,0.005068812,0.000589419,0.005336241,0.009452683,0.000775002,0.005473836,-5.68699E-06,-0.002103311,0.001771124,0.002464192,0.00121802,0.001530338,-0.001173661,0.007839325,-0.000186494,0.002006903,0.004111606,0.002133954,-1.8,0.001234566,0.012953596,0.000935193,0.016534729,23.2213
0.009987891,0.010884404,-0.003354966,0.007932307,-0.006763277,0.000172041,-0.001665264,-0.003447568,-0.01223485,0.018390184,-0.02469367,0.016660882,0.002584234,0.013207696,-0.009555815,0.001108709,-0.006508169,-0.030337815,-0.2434,281,0.040527625,0.014799664,0.015021568,0,0.2,-0.038978502,0.080328626,0.003629768,-0.054626126,0.058546339,0.034930346,0.001665419,0.001869539,-0.001953889,0.006388849,0.000231455,0.001291751,-0.001551831,0.001618169,0.001226101,0.000823301,0.001028088,-0.000643294,0.001508112,40.9,0,41.5,7.400009517,5.093750201,5.755742214,6.658011046,5.934894196,7.454141078,5.257495372,5.932245187,6.587550015,6.068425588,0.02430087,0.025226128,-0.008245924,0.009706196,0.002426577,-0.01,-0.010300597,0.000115038,0.003095358,-0.054035431,0.04354561,0.046411902,0.001837608,-0.010327533,-0.002100356,-0.001027447,-0.002165178,0.002524484,0.009047262,-0.02386477,0.15,-0.12,0.12,0.06,0.28,0.39,0.38,0.23,0.14,0.36,-0.13,0.05,0.67,1.13,1.21,2.33,2.88,-0.00138518,0.003906255,0.026090532,0.016720331,-0.016160308,-0.0022214,-0.003713885,0.001573421,0.072247943,-0.002180961,0.017429866,0.000585227,-0.006867619,-0.006760847,-0.001188412,-0.002739716,0.000792689,0.002605102,0.000579696,-0.001237215,0.000601776,0.000446849,0.003035507,-0.004308899,0.001620275,0.00132126,-0.001185061,0.001403784,6.6,-5.29567E-05,-0.002275006,-0.001275777,-0.010405914,24.843
0.004052643,0.004475973,0.009605674,-0.018159416,0.014724447,0.002769818,0.003821375,0.004953121,0.006158856,-0.002760302,0.009899047,0.006226959,0.001390582,0.003025255,-0.001577064,0.001691062,0.046516317,0.016654642,-0.1933,98,-0.007432262,0.001327606,0.00028555,0.1,-0.5,0.02449102,0.089105619,-0.059719235,0.018045602,-0.136507881,0.01838066,0.000999447,-0.000771777,0.003124392,-0.003263614,5.78553E-05,0.000460936,-0.000621408,0.00140906,0.000803812,0.000369425,0.000744045,0.000128692,0.001360214,41.1,0.1,41.5,7.459914766,5.141663557,5.950642553,6.617402978,6.073044534,7.43366654,5.170483995,5.902633333,6.599870499,6.02827852,-0.012760893,-0.090642406,-0.107530985,-0.00187799,0.00560869,0.02,-0.012193086,-0.003222451,-0.001273399,-0.011463842,-0.109459508,-0.103617274,0.010251323,-0.00678838,0.00527591,0.00017107,-0.026095296,-0.021718301,0.037456725,-0.051630726,0.28,0.09,0.23,0.22,0.1,0.1,-0.14,-0.1,-0.04,0.17,-0.18,-0.01,0.49,0.95,0.79,1.95,2.56,0.022803623,0.027597795,0.038130334,-0.024936485,0.001793228,0.010301784,0.014016646,0.003906745,0.015844024,0.035498466,-0.021534517,0.001168441,0.00228219,0.004003973,0.000772531,0.00475197,-2.54776E-06,-0.00157459,0.000573538,0.003057519,0.000596283,0.000365706,-0.002374896,0.005047301,-0.000664108,-0.00201177,0.00231975,-0.004258847,-0.7,-0.007663752,0.006184049,-0.003169994,-0.007157059,25.456
0.002688061,0.003150565,0.005686073,0.011753576,0.011593443,0.003801818,0.00224816,0.001304773,-0.003341548,-0.003986364,-0.003031371,0.013393071,0.005832952,0.010042721,0.003104286,0.006355176,-0.094608285,0.031789323,0.1833,-94,0.004015255,-0.000154446,0.000753753,-0.1,0.1,0.065402203,-0.07097481,0.009188426,-0.007479466,0.026668247,-0.066867472,0.003554808,0.003893423,-0.000194989,0.011963809,0.000983028,0.001841621,-0.000466309,0.003476569,0.001834863,0.002481682,0.001723005,-0.000514867,0.006484103,40.9,-0.3,41.4,7.380255788,5.010635294,5.743003188,6.675823222,5.855071922,7.409136444,5.159055299,5.902633333,6.572282543,5.981414211,0.018352991,0.043720281,0.078465533,0.003486569,0.003683778,-0.02,0.011200351,0.003721923,0.000727855,0.022961854,-0.007962435,-0.015037201,-0.003317483,0.010003279,-0.001239488,7.0184E-05,0.037686192,0.039444163,-0.03791094,0.009382443,0.12,0.13,0.14,0.13,0,-0.18,-0.26,0,0.08,0.18,-0.16,0,0.37,0.65,0.41,1.83,2.52,0.003739762,0.017463456,-0.028570868,-0.012642075,0.00659343,-0.005190418,-0.006702766,-0.001630856,-0.01894631,-0.058579708,-0.030772042,0.001738972,0.001530806,0.017698454,0.001152511,0.003995083,0.004789786,0.000511254,0.002314187,0.001799242,0.002997952,0.00104251,0.004717667,0.005466164,-0.001389636,-7.05459E-06,-0.000605916,0.001411929,-4.2,0.00785138,-0.029803436,-0.001179017,0.016450088,24.7678
0.005031953,0.004452446,-0.001232239,0.008276411,-0.015180488,0.007328088,0.009457963,0.009360632,0.009441064,0.013478874,0.007831265,0.012981146,0.004560487,0.00912074,0.001322584,0.007475629,0.059637456,-0.03022778,0.2764,34,0.049429498,0.002223119,0.00415373,-0.2,-0.3,-0.102168175,0.035304273,-0.039647634,-0.006024115,-0.075537906,-0.011531198,0.002223885,-0.000688357,0.00757653,-0.002499083,-0.000231214,-0.000276027,-0.000155485,0.00289571,0.00297449,-0.001994921,0.005504204,-0.000386324,0.003322502,41.1,0.2,41.6,7.39387829,4.955827058,5.932245187,6.546785411,6.01615716,7.375882148,5.117993812,5.84932478,6.533788838,5.978885765,0.003227072,0.015052948,0.030396317,-0.000541775,0.005966525,0.01,0.008279889,0.005227222,0.01236503,0.006718331,0.078771139,0.076160719,-0.000852012,-0.001969245,-0.001363179,0.000239571,0.01319085,0.000609453,-0.016597086,-0.007816689,0.17,0.12,-0.03,-0.04,-0.07,-0.24,-0.27,-0.04,0.03,0.13,-0.36,-0.21,0.13,0.24,-0.03,1.62,2.38,0.007000831,0.001261527,-0.006420877,0.001517931,0.00552959,-0.008028946,-0.010217413,-0.007813146,-0.036552872,-0.167709204,-0.010668956,-0.006450086,-0.003077514,-0.033530148,-0.001954799,-0.014143573,-0.003989471,-0.001042713,-0.007005621,-0.00791628,-0.007839895,-0.005245137,-0.003451708,-0.016760012,-0.001492958,0.001972528,0.001705185,0.002105965,2.1,0.002763639,-0.000135345,0.008686017,-0.004941518,29.8331
0.003419559,0.000603256,0.004740924,-0.005321056,0.001283091,0.001593664,-4.83812E-05,0.001776787,0.00035183,-0.004458214,0.002333692,0.006739912,0.00373593,0.004179025,-0.004506932,-0.001476052,0.054477148,0.002613699,-0.4429,-355,-0.109260042,-0.002546128,-0.004673247,0.2,0.2,0.021285786,0.035147388,0.049507402,0.031229304,0.070883126,0.038462807,0.001658997,-0.001662106,0.005789287,-0.003538783,-0.001098997,0.000368019,-0.003582837,0.002422211,-0.002821737,-0.002251156,-0.003548053,-0.000257632,0.016448916,40.7,-0.2,41.2,7.362010551,5.056245805,5.796057751,6.588926478,5.891644212,7.341483852,5.087596335,5.758901774,6.538139824,5.92157842,-0.009028376,-0.033564991,-0.026974611,-0.002717209,0.005532582,0.01,-0.016834196,-0.014433027,-0.004357305,0.001105769,0.002296636,0.004151937,0.007504721,2.41337E-05,0.001020249,0.000343303,-0.029781633,-0.036711267,0.03321823,-0.050388846,0.25,0.42,0.13,0.29,0.18,0.43,0.45,0.35,0.5,0.3,-0.48,-0.17,0.06,0.42,0.17,1.72,2.63,0.030628935,0.031497271,0.025180405,-0.047432305,0.018080503,0.003647774,0.003645647,-6.07501E-07,0.050498965,0.261112273,0.026389008,0.00233884,0.003073967,0.009155943,0.000378538,0.004032264,0.003981846,0.000511324,0.001746386,0.002430134,0.003007881,0.001694808,0.001614898,0.00229815,0.001503431,-0.00462505,-0.006920774,-0.004225358,1.5,-0.013856432,0.024726559,-0.000153159,-0.002130789,29.429
0.002566384,0.004440394,0.002119727,0.006589107,0.00744475,0.000985482,0.000573513,0.001540872,0.001055687,-0.003901694,0.00306161,0.001999805,0.00152889,0.008374418,-0.004271058,0.002070521,-0.002582548,0.001841005,-0.1537,-97,-0.000496121,0.001424667,0.002266331,0,-0.3,0.005833188,-0.086298059,-0.064689476,-0.103247896,-0.025198184,0.030530064,-0.000272523,0.001013808,-0.001347839,0.001180986,0.00098337,0.003306092,-0.002969448,-0.000567761,0.000763417,-0.000185022,0.000727657,0.000643956,-0.012371096,40.7,0,41.3,7.351799869,4.96284463,5.683579767,6.6147256,5.929589143,7.360103973,5.075173815,5.762051383,6.542471961,5.991464547,0.0149759,0.1528076,0.122988959,0.05300206,0.008800704,0,0.007372734,0.006376931,-0.002095376,-0.002002914,-0.078641136,-0.07949195,-0.006009247,-0.002522408,0.012265801,0.001525434,0.030192125,0.030124905,-0.036424409,0.007009067,0.26,0.02,-0.1,-0.13,-0.16,-0.39,-0.34,-0.32,-0.42,0.06,-0.84,-0.56,-0.36,-0.23,-0.43,1.14,1.95,-0.025416537,-0.045827715,-0.020472069,0.000132529,-0.012581321,0.007266941,0.010897311,0.009323468,0.047339083,-0.010905959,-0.002618874,0.004070255,-0.002318093,0.020202274,0.001143655,0.007380107,-0.005572302,0.002047801,0.005792405,0.005441539,0.004187118,0.002561602,-0.003228724,0.010877272,0.000794754,0.003290559,0.001150417,0.004907125,-4.3,0.005322462,-0.006502752,0.008705233,0.000605669,24.3177
0.004988478,0.005481728,0.0005866,-0.006321759,-0.002900825,-0.00144459,0.000555431,5.51331E-05,-0.004348345,-0.015248109,-3.86349E-05,0.007227716,-0.004026181,0.004916086,-0.012607807,0.00124855,-0.028332485,-0.008599696,-0.214,100,0.002703141,-0.002197502,-0.002991179,0,1.1,-0.031911315,0.039703286,0.078182934,0.046003353,0.107272562,0.013652089,0.001308945,0.001822269,0.002693863,0.002357797,0.001502109,0.002015022,0.00062588,0.001190997,0.000915332,-0.001784693,0.001636929,-0.000257533,-0.000957992,40.9,0,41.5,7.288244401,4.983606622,5.765191103,6.455198563,5.891644212,7.340835554,5.068904202,5.758901774,6.538139824,5.926926026,-0.00932662,-0.149319634,-0.114735939,-0.000353548,0.000945678,0.01,0.002990227,-5.58231E-05,0.000795315,-0.000432825,0.068114689,0.067876344,-0.004719674,-0.003186515,-0.006766446,0.000601429,0.007523136,0.005361589,-0.016708089,-0.010961253,0.01,-0.05,0.27,0.03,-0.09,-0.12,-0.05,-0.02,-0.13,0,-0.58,-0.54,-0.46,-0.36,-0.49,1.11,1.81,0.008978817,0.00601113,0.019465289,-0.001060727,0.000541492,-0.007273284,-0.011620115,-0.006226243,-0.102783215,-0.167636606,0.029335713,-0.002924735,-9.57029E-06,-0.022128577,-0.000783262,-0.006044102,0.001590455,-0.00053218,-0.004648413,-0.003645462,-0.003009224,-0.000865427,0.001288585,-0.006580687,0.00072024,-1.07923E-05,0.004586833,-0.002811421,1.9,0.004608804,0.014152292,-0.001007465,0.003302692,22.66
0.004807803,0.004519642,0.005289336,0.000347179,0.001055819,-0.002943714,-0.005210269,-0.005505826,-0.004769278,-0.002289957,-0.005759746,-0.00512445,4.48503E-06,-0.005460962,-0.009117576,-0.006930175,0.018351271,0.001328716,-0.8611,-297,-0.066726469,0.00165735,0.000959029,0.1,-0.5,0.020602947,0.037130981,0.037271395,0.060168521,0.015636424,0.058428793,-0.000113425,-0.001376518,0.001536099,0.000294334,-0.002022596,-0.001556706,-0.002819551,0.000176668,0.000533557,-0.001635958,0.000725939,0.001415611,-0.001438711,40.6,-0.1,41,7.340186835,4.96284463,5.693732139,6.559615237,5.978885765,7.347299701,5.043425117,5.720311777,6.527957918,6.011267174,-0.0261943,-0.002830727,0.026139008,0.003874757,0.006693707,0.02,-0.003810885,0.00217305,0.005872938,-0.00294058,-0.022925457,-0.021183287,-0.002540545,-0.001548711,0.000175644,0.000932199,0.008423351,-0.006362144,-0.017519759,-0.006788496,-0.04,-0.05,0.13,0.07,0.1,-0.12,-0.22,-0.1,-0.09,-0.01,-0.41,-0.43,-0.32,-0.44,-0.67,1.05,1.76,0.015753388,0.037428629,-0.001212251,-0.01248139,0.003377697,-0.002896977,-0.001448749,-0.004634996,-0.015679271,0.114465806,-0.013957341,-0.002899393,0.003098376,-0.006512898,0.001132074,-0.005349389,-6.35924E-07,-0.001035041,-0.002884672,-0.004214513,-0.003578176,-0.002517281,-0.002286852,-0.0076783,-0.000707348,-1.07217E-05,-0.001165462,-4.38279E-06,-1,0.000512324,-0.016017044,-0.002497124,-0.009459779,20.4843
2.02523E-05,-5.1245E-05,0.007957401,0.010731309,0.016822507,0.003844999,0.005258595,0.007255233,0.009010507,0.002790159,0.011385663,0.009462977,0.002017346,0.005451239,-0.000326041,0.004460912,0.029007124,0.021053331,0.049,167,0.062756831,2.8067E-05,0.001688875,-0.2,-0.7,0.008201569,-0.080835415,-0.077535094,-0.061720112,-0.093056023,-0.04095523,0.001088345,-0.001662443,0.008787067,0.001617291,-0.003302723,-0.003488482,-0.002984842,0.001718557,-0.000152416,-0.002450505,0.001378486,0.002696977,-0.004907159,40.6,0,41.1,7.317876199,5.030437921,5.726847748,6.492239835,5.958424693,7.358830898,5.129898715,5.717027701,6.562444094,5.963579344,0.041976914,0.057734909,0.073872203,0.011731069,0.000164784,-0.03,0.002540399,0.001515722,0.002153162,0.002574082,0.001947461,0.004753872,-0.001715069,-0.00124863,-0.001512751,0.000810619,-0.011789499,-0.02362189,0.004966842,-0.03144474,0.02,-0.02,-0.09,-0.09,-0.05,-0.13,-0.03,0.07,0.09,-0.05,-0.52,-0.54,-0.39,-0.59,-0.72,1.1,1.83,0.015732754,0.025163268,-0.011566406,-0.037848829,0.002424897,0.010118275,0.012265367,0.010021696,0.103364564,0.034208215,0.019716773,0.005197817,0.004643971,0.022067229,-0.00115965,0.012024107,0.000797766,-9.34252E-06,0.006900212,0.007804054,0.005944966,0.004394702,0.00560966,0.014815548,0.000416193,-1.06518E-05,-1.59091E-05,0.000690321,-0.5,0.002435856,-0.007393324,0.006676262,0.006201707,22.3365
0.001283751,0.001372459,-0.00064182,-0.007660785,-0.002239958,-0.003003951,-0.004464772,-0.004766793,-0.009516958,-0.011216494,-0.008911476,0.001281027,-0.001092737,-0.002450782,5.69068E-05,-0.0031056,-0.012959342,-0.026976898,-0.5449,-32,0.008664723,0.000729466,0.001423457,0,0.5,-0.029204917,-0.012680285,0.03578608,0.097566244,-0.029852963,0.002661346,-0.000113314,-0.000162338,0.005689376,0.001027825,-0.000754783,0,-0.002047406,-0.000102102,0.000838,-0.000152298,0.000535203,0.00166592,0.000385747,40.8,0,41.1,7.34536484,5.153291594,5.774551546,6.572282543,5.826000107,7.363279587,5.075173815,5.799092654,6.543911846,5.97126184,-0.007177669,-0.071456556,-0.132420104,-0.002537274,0.005441192,0.02,-0.000455186,-0.004079844,0.001576044,0.005292658,-0.00302342,-0.004032472,0.003490713,-0.006519568,-0.00186132,0.000787069,-0.054530528,-0.060056016,0.060701584,-0.069722891,-0.01,0.05,0.11,0.06,-0.12,-0.15,-0.06,-0.07,-0.01,0.01,-0.4,-0.47,-0.5,-0.73,-0.77,1.04,1.83,0.015903916,0.009000655,0.014914779,0.011788501,0.017406822,-0.00435448,-0.005798889,-0.004639062,-0.029843743,-0.105661954,-0.042218498,-0.003471198,-0.006963261,-0.016197201,-0.000390257,-0.010007397,-0.000798403,0.00100286,-0.005178202,-0.006002777,-0.004164361,-0.00286997,-0.003371038,-0.012186385,0.000548327,0.001933053,-0.001147005,0.002758537,-1,-0.006196833,0.013879218,0.014118587,-0.018230687,28.214
-7.07045E-05,0.000429786,0.00075504,-0.007307057,-0.003248001,0.000192859,0.002065347,0.002569086,0.003624853,-0.020835958,0.012701992,-0.002616985,-0.002251935,-0.005506304,-0.00970091,-0.002735913,0.044048238,0.012262078,-0.5048,-167,-0.046135922,0.002381087,0.001705478,0,-0.3,0.005989237,0.037568448,-0.016591632,0.018144252,-0.055752142,0.104778951,0.001675738,-0.000609001,-0.004358957,0.000440173,-0.000871612,0.000459707,-0.003158064,0.002197528,0.000799254,-0.000982036,0.000795747,0.001663149,0.000819218,40.5,-0.2,41.1,7.346655163,5.003946306,5.749392986,6.516193076,6.021023349,7.386470849,5.105945474,5.669880923,6.597145702,6.054439346,0.000103128,0.017223166,0.048148043,0.007623581,0.005964094,0.01,-0.004840799,-0.001078124,0.000500948,-0.005084763,0.00852832,0.010550857,-0.00234296,0.005627081,0.000544458,0.00102823,-0.008742262,-0.015636208,0.008612923,-0.018273261,0,0,0.06,0.02,0.08,-0.08,-0.02,-0.1,-0.06,0.01,-0.34,-0.45,-0.42,-0.81,-0.79,0.94,1.77,0.00911905,0.001914199,0.005211267,-0.017244204,0.019705394,0.001414705,0.002113072,-0.003065136,-0.044453908,0.063023694,-0.035994213,-2.97608E-06,0.00231929,0.00516421,-0.000764463,0.003328231,0.001596806,-0.002033521,0.001141547,0.001193673,0.001180631,-0.000128739,0.002125257,0.004060254,-0.002071498,-0.001960425,0.003372278,-0.002781558,1.8,-0.001486024,-0.039666823,-0.023919749,0.009708787,29.2119
0.002062158,7.16131E-05,0.004943983,0.007808755,-0.0008626,-0.002664532,-0.000472664,0.00182564,0.005215318,-0.015359167,0.012554957,-0.006495624,-0.005557284,-0.006405654,-0.013945534,-0.005504637,0.046840561,-0.021780205,-0.7083,-7,-0.000496,0.001998533,0.002124132,0,0.1,-0.014031098,0.019364367,0.010590114,-0.05107493,0.079393905,0.034549559,0.001032727,-0.001951299,-0.000379939,-0.003674043,-0.001221534,-0.001563866,-0.000632811,0.00171202,0.00193839,-0.003291765,0.002565557,0.001915587,0.002117218,40,-0.3,40.4,7.33432935,5.135798437,5.468060141,6.542471961,6.06610809,7.341483852,5.036952602,5.590986981,6.519147288,6.09356977,-0.004109557,-0.003877789,0.045714311,0.001746725,-0.000956149,-0.01,0.002265909,0.006937568,0.006880475,0.00096772,-0.005670591,-0.007294053,0.002102853,-0.00377025,-0.002924517,0.000442478,-0.034784254,-0.048021135,0.040097856,-0.038792319,-0.11,-0.19,-0.4,-0.38,-0.49,-0.53,-0.48,-0.24,-0.26,-0.07,-0.63,-0.72,-0.8,-1.23,-1.16,0.81,1.62,-0.019248332,-0.053370637,0.028928169,0.025687707,-0.01350975,-0.002867859,-0.00428109,0.004580161,0.097365993,-0.228684666,0.086686496,0.000569936,-0.000774293,-0.001292406,0.001125018,-0.000666443,0.000796493,0.001506117,-0.000575182,0.000592211,-0.000595031,2.36805E-05,-0.001135658,-0.001715614,0.000877867,-0.00387639,-0.006768532,-0.004136982,-9.2,0.008943285,-0.010793096,-0.001185051,0.015616444,30.1045
0.007160658,0.005600598,-2.50347E-05,-0.008054851,0.01097329,-0.006448741,-0.003707969,-0.005165102,-0.00891986,-0.018518354,-0.005615219,-0.001340631,-0.010100082,-0.01126719,-0.002447424,-0.005823804,-0.013372071,0.00954321,-0.7201,649,0.053462142,0.003846051,0.00119103,0.3,0.2,0.066756488,0.069321585,0.03184275,0.013015368,0.051604772,-0.017493157,-0.000188374,-0.001710516,0.003792912,0.004700361,-0.004491768,-0.005354024,-0.003011334,0.000157174,-0.003004204,-0.004019079,-0.001236376,0.001020148,0.001488989,40.2,0.1,40.6,7.377758908,4.828313737,5.762051383,6.606650186,6.033086222,7.437795122,5.010635294,5.799092654,6.606650186,6.171700597,-0.014392662,-0.063475086,-0.132246002,-0.007252715,0.001713566,0.02,0.010897847,0.001085754,0.004501877,0.004031543,0.039748643,0.042152299,0.003653156,-0.00043443,0.001285717,-0.000376983,0.003525145,0.003275859,-0.011788842,-0.003094935,-0.42,-0.82,-0.62,-0.73,-0.79,-0.31,-0.08,-0.06,-0.09,-0.47,-0.83,-1.03,-1.17,-1.12,-0.82,1.17,1.95,-0.010887864,-0.033175539,0.039002518,0.009930703,-0.012363385,0.006367144,0.009140819,0.00149427,0.071224822,0.228155836,-0.05691746,0.003417459,0.003095378,0.001287414,0.002611716,0.000663789,-0.001594897,0.005486241,0.005106368,0.004142485,0.004108477,0.003204523,0.000207407,0.002381979,0.004103704,0.001935692,0.005614521,-1.9025E-06,-3.7,0.006370311,0.002065337,-0.004050153,0.00132935,27.83
0.002869758,0.002611034,0.001300976,0.004402726,-0.000218792,-0.0060968,-0.007386431,-0.005323788,-0.006072214,-0.002959992,-0.007196204,-0.005368829,-0.004378686,-0.007974694,-0.002794582,-0.006107933,-0.042719911,0.012799303,-0.7297,-727,-0.129086681,-0.000688693,-0.001205563,0,0.1,0.073865172,-0.103317614,0.083177506,0.11009069,0.054689886,0.087930073,0.000557485,-0.00240782,0.006603175,0.00248811,-0.004453306,-0.00380211,-0.005571045,0.001228802,0,-0.00319612,0.001405445,0.002545826,0.003401934,40,-0.1,40.5,7.393263095,4.976733742,5.786897381,6.646390515,5.950642553,7.412160335,5.241747015,5.799092654,6.580639137,6.03068526,0.011449173,0.018022943,0.023391874,-0.00847522,-0.005310647,-0.02,-0.00331838,-0.002579216,0.005396743,-0.002107349,-0.043588557,-0.04726245,-0.007895296,0.006397329,-0.001152646,0.000354752,-0.022625502,-0.028600405,0.02004569,-0.022714722,-0.49,-0.32,-0.27,-0.24,-0.13,0.03,-0.06,-0.05,-0.06,-0.3,-0.61,-0.78,-0.81,-0.6,-0.39,1.61,2.38,0.013215836,0.023098235,-0.003762902,-0.017065261,0.012166244,-0.00709422,-0.00847052,-0.00834802,-0.020848678,-0.03758518,0.022815834,-0.003435724,-0.000776682,-0.003220198,-0.001897708,-1.76364E-06,0.001592357,-0.006027019,-0.005686346,-0.00475375,-0.00353699,-0.003123982,-0.00265622,-0.00055187,-0.004110237,0.001928219,-0.005051933,0.006202869,-4.1,0.002484274,0.04100354,0.002109822,-0.020325203,26.1594
0.003595677,0.002917906,-0.001188325,-0.012059192,-0.008367858,-0.002665947,-0.001753721,-0.001016392,-0.000889038,0.02384798,-0.009590848,-0.006016426,-0.003897593,-9.80445E-05,-0.014723227,-0.002494222,-0.022339966,-0.0022561,-0.4388,-95,-0.021947447,0.00155063,0.001241853,0.1,0,-0.061479951,0.15463647,0.019920977,0.059943036,-0.025533302,0.042065665,-0.000210904,-0.002659413,0.005625366,0.003065025,-0.005299429,-0.006525005,-0.003197445,0.000341579,-0.001867912,-0.003429653,-0.002226201,0.002412546,0.001863755,40.1,0,40.5,7.371489295,5.030437921,5.837730447,6.559615237,5.96100534,7.41397029,5.062595033,5.81711116,6.590301048,6.079933195,-0.019277589,0.01066537,-0.008219267,-5.17639E-05,-0.004653307,0.02,0.002963391,0.003841733,0.010950483,0.000137062,-0.029124853,-0.029133977,-0.002238397,-7.15334E-05,-0.000400212,0.000378609,-0.096317771,-0.10359685,0.116003008,-0.090882628,-0.18,-0.38,-0.46,-0.43,-0.38,-0.25,-0.21,-0.12,-0.03,-0.5,-0.89,-1.03,-1.01,-0.67,-0.42,1.67,2.53,0.023399506,0.013216838,0.044352595,-0.005522969,0.024089728,-0.006355697,-0.009804942,-0.003814709,0.087978592,-0.084439346,-0.017054172,-0.001707293,-0.002316305,-0.005176316,-1.68092E-05,-0.003318512,-0.003981844,-0.001000465,-0.000566411,-0.002953861,-0.002341921,-0.001334999,0.000149984,-0.004970741,-0.000393442,0.000630084,0.003911712,-0.002762874,0.9,-0.002856977,-0.002341739,-0.00390921,0.004419246,32.4231
-0.002368449,-0.004684942,0.000100124,-0.007918409,0.015641189,-0.002869936,-0.003349815,-0.002619959,0.004274651,0.001881267,0.005082403,-0.022298308,-0.002236835,-0.001641788,-0.002244322,-0.003162809,0.003283788,-0.007015187,-0.4699,338,0.038495453,-0.002469627,-0.003518954,0.1,-0.4,0.103045268,-0.034085789,-0.014569794,-0.047155138,0.022728251,0.024365004,-0.002103938,-0.006370365,0.000373902,-0.002626588,-0.008061692,-0.009301519,-0.005942361,-0.001145211,-0.004704271,-0.002769442,-0.005600388,0.000507164,0.002241458,40,0,40.4,7.407924323,5.187385806,5.730099783,6.613384218,6.033086222,7.418180823,5.062595033,5.80814249,6.612041035,6.06610809,-0.002846368,-0.058532377,-0.083475722,-0.006082383,-0.001378611,0.01,-0.000139015,0.001040531,0.010831868,0.000669317,0.067043674,0.067046563,-0.000560269,0.000395742,0.00033639,0.000918656,0.003359027,7.29046E-06,-0.01236025,0.010639863,-0.51,-0.34,-0.55,-0.43,-0.32,0.12,0.25,0.22,0.23,-0.33,-0.93,-0.95,-0.82,-0.04,0.34,2.4,3.27,0.010640199,0.013102805,0.01847767,-0.006737774,-0.000577571,0.010594992,0.013316906,0.005324649,0.072405988,0.08964709,-0.026622648,0.001134108,-0.009317434,0.010347647,-0.000386426,0.004645653,0.000793318,-3.93677E-06,0.001128986,0.003542611,0.00233645,0.001747645,0.001807379,0.006629427,3.64731E-05,-0.003848626,-0.010065578,0.001363755,-3.1,0.001799522,0.049209811,0.006766522,0.007866915,32.245
-0.002861096,-0.003788308,0.003872101,0.008608307,0.002447076,-0.006144671,-0.005086269,-0.00482618,-0.000614714,0.007728127,-0.003578028,-0.017066348,-0.007595036,-0.006947916,-0.011317877,-0.006515411,-0.033029917,0.013014835,-0.6978,-351,-0.05072775,-0.001749818,-0.001508796,-0.1,-0.3,-0.095613052,0.027263151,0.001999334,0.108278744,-0.131927543,-0.005687219,-0.000309554,-0.005581641,0.000560591,0.0007303,-0.008427268,-0.010056057,-0.005653839,0.000868264,-0.00069029,-0.002656227,-0.000183507,0.001393375,0.001761025,40,-0.1,40.4,7.380879036,4.844187086,5.85220248,6.570882962,6.03068526,7.417580402,5.030437921,5.811140993,6.628041376,6.045005314,0.027334957,0.033750439,0.013183974,-0.00570984,-0.001964892,-0.02,-0.005308605,-0.013171259,-0.005695464,0.002685226,-0.005453054,-0.010040793,-0.001991088,-0.000880536,-0.001669126,0.000680969,0.065489352,0.070301377,-0.091932891,0.07786146,-0.59,-0.51,-0.25,-0.23,-0.2,0.17,0.25,0.09,0,-0.25,-0.59,-0.59,-0.43,0.72,1.18,3.08,3.86,0.000894161,0.022909915,-0.016313847,-0.005801575,-0.010778122,-0.003539285,-0.002821199,0.002290368,-0.023497386,0.037675003,0.069358732,0.003386941,0.003829535,0.014042716,-0.000382205,0.003950762,-0.001603833,0.001477195,0.00393304,0.002931297,0.002320136,0.000874153,-0.002542957,0.004169486,0.000369594,0.005745308,0.011749851,0.000669287,3.6,-0.010014981,-0.0498106,-0.009646594,0.00275232,26.095
-0.001375838,-0.001684903,0.000112192,-0.013723505,-0.003897516,-0.005966028,-0.003574932,-0.002852116,-0.000742728,-0.006738206,0.001342177,-0.011463274,-0.009251796,-0.011072672,-0.009776175,-0.00652854,-0.004184807,0.006682195,-0.674,-270,-0.07071993,0.000272085,-0.001598745,0.2,0.6,0.038850411,-0.009828089,0.019776518,-0.064766597,0.129114602,0.006820792,-0.000914122,-0.006405479,0.000186794,-0.001314925,-0.0088016,-0.009965586,-0.006827075,0.000304637,-0.001574108,-0.003408219,-6.55463E-05,0.000253133,0.005122622,39.9,0,40.3,7.400009517,4.8978398,5.826000107,6.643789733,5.978885765,7.39387829,5.017279837,5.857933154,6.577861358,6.00635316,-0.03050894,-0.007901786,-0.002241103,-0.003827257,-0.00758553,0.01,0.005250037,0.008462119,0.005592199,-0.004245904,-0.053443291,-0.049531429,-0.006631205,-0.004899802,0.002604209,0.000922274,-0.025237681,-0.028648618,0.024220108,-0.004168755,-0.24,-0.27,-0.13,-0.17,-0.2,-0.12,-0.11,-0.11,-0.1,-0.28,-0.48,-0.52,-0.39,0.84,1.31,3.21,4,0.009082896,0.018539984,0.004774726,-0.017324103,-0.01082996,-0.005630338,-0.009074577,-0.003053436,-0.065739263,-0.080885001,-0.056295377,-0.002835547,0.006259801,-0.019831584,0.000723479,-0.006605044,0.001596153,0.000479595,-0.003385323,-0.00412024,-0.002336399,-0.000869659,0.004310956,-0.007219461,0.000327143,-0.001933359,-0.001697345,-0.000694879,0.6,0.006162483,-0.026588527,0.01668977,-0.000534089,23.3004
-9.33096E-05,-0.000327098,0.001967549,0.003807334,-0.003204118,-0.005668482,-0.004212766,-0.005622909,-0.005029813,0.003432943,-0.007983086,-0.009388838,-0.007698586,-0.008799818,0.000427758,-0.004478447,0.002258635,0.005283319,-0.5022,219,0.023340643,0.002069608,0.001445551,0.1,0.2,-0.06093628,0.076961041,0.076017748,0.145773667,-0.011331566,0.002012073,-0.000816617,-0.005355437,0.00186602,0.000730727,-0.008085888,-0.009579637,-0.005561022,0.000184584,-0.002308048,-0.001595644,-0.003263074,-0.001393022,0.002268325,40.2,0.2,40.7,7.420578905,5.117993812,5.765191103,6.672032945,5.976350909,7.376508126,5.075173815,5.823045895,6.563855527,5.96870756,0.000737131,-0.035913684,-0.072125201,-0.008408632,-0.006954888,-0.01,0.004353119,-0.002062028,0.007442118,0.005462775,0.064454759,0.063835444,0.003670181,-0.001091511,0.000224434,0.001061104,-0.028047484,-0.031476234,0.037412731,0.003196397,-0.2,-0.07,0.02,0,0.04,-0.05,-0.04,-0.05,0,-0.15,-0.26,-0.32,-0.15,0.99,1.47,3.36,4.2,0.000688625,-0.016146684,0.017396492,0.00908839,0.004123987,-0.00854127,-0.009939464,-0.009998573,0.028096271,-0.005571045,-0.004380266,-0.003943187,-0.000785238,-0.01929684,-0.002579003,-0.006605044,-2.57647E-06,-0.002465836,-0.005045632,-0.004693463,-0.004640373,-0.002140196,0.000250817,-0.008240531,-0.000497722,-0.000646387,-0.005010988,0.002014837,-0.2,-0.005796529,0.029687573,-0.011178169,0.000834847,24.859
-0.000877732,-0.00018404,0.00526095,0.008228314,0.006806737,-0.001361347,-0.004808504,-0.004205669,0.002228195,-0.006827384,0.005434112,-0.018896782,0.003367701,-0.003629208,0.004189679,-0.004736485,0.03427597,-0.015285681,-0.5023,-365,-0.096377875,-0.002578956,-0.006073663,0.3,0.4,0.115678038,0,0.118522159,0.054233238,0.199504515,0,-0.001105006,-0.007157323,-0.003548421,-0.00263312,-0.009198569,-0.008887211,-0.009724016,0.000221455,-0.000308143,-0.001285303,0.000282739,0.003289477,0.001556494,39.8,-0.2,40.3,7.356918242,5.049856007,5.860786223,6.523562306,5.937536205,7.387090236,5.081404365,5.793013608,6.56667243,6.02827852,0.029692334,0.002084478,0.025811666,-0.008646108,-0.001241065,-0.01,-0.00142774,0.000732546,0.006504919,0.002540448,-0.023237146,-0.019907525,-0.000100015,-0.000884886,0.000942123,0.001249212,-0.021780588,-0.020627105,0.030128844,0.01318125,-0.12,-0.18,-0.15,-0.16,-0.15,-0.19,-0.27,-0.11,-0.12,-0.21,-0.29,-0.36,-0.18,0.92,1.32,3.37,4.2,-0.022689077,-0.044337939,-0.025471442,0.015708598,0.005927005,0.016334672,0.020492381,0.009204207,0.047753588,0.080397956,-0.001923562,0.001689665,-0.006309786,0.017298494,0.00401612,0.00328609,-2.58476E-06,0.001466622,0.002803478,0.001755905,0.002320187,0.000262654,-0.005435062,0.0041382,4.83939E-05,-9.98917E-06,0.005554331,-0.003390488,-0.9,-0.00530206,0.035921633,0.006692756,0.002354711,24.2604
0.00160872,-3.06766E-05,-0.010274617,-0.021247531,-0.019118174,-0.003829107,-0.004598383,-0.006463119,-0.004401877,-0.008524861,-0.002913894,-0.013304228,-0.002800908,-0.004921266,0.006736516,-0.002101873,-0.030963815,0.020029415,-0.2942,-159,-0.030482346,0.004908233,0.00443083,0.1,-0.1,-0.044467088,0.071884586,0.046715395,0.119110176,-0.045353835,0.088894026,-0.001894974,-0.005508022,-0.001310493,-0.002052787,-0.007109987,-0.007779841,-0.005980084,-0.001107767,-0.003125304,-0.001756935,-0.00069713,0.000252589,0.001130476,39.7,-0.1,40.2,7.35372233,4.934473933,5.65248918,6.59441346,6.008813185,7.355641103,5.003946306,5.771441123,6.549650742,5.981414211,-0.037872087,-0.038025304,-0.08100625,-0.010372298,-0.00547906,0.02,0.037342462,0.014434923,0.017031141,0.027355988,0.364116918,0.361387587,0.010885489,0.005453225,-0.002688936,0.001025338,-0.120570115,-0.119888536,0.172557294,-0.082472899,-0.58,-0.6,-0.72,-0.66,-0.65,-0.45,-0.24,0.15,0.18,-0.23,-0.43,-0.44,-0.25,1.05,1.66,4.1,4.96,-0.003833786,-0.028361281,-0.02296388,0.018339018,0.018019665,-1.81852E-05,0.000679435,0.003869072,-0.037612307,-0.097462372,0.026003876,0.00393812,0.002336886,0.020710832,-0.002207764,0.011266016,-0.00080937,-0.00245062,0.003922672,0.006465587,0.004056801,-0.00325844,-0.004249305,0.014882478,-0.009388156,-0.001896126,-0.006105417,0.000667736,-9.7,0.02637088,-0.056247344,-0.011110289,0.002593209,42.6457
-0.000332266,-0.003513574,0.023881105,0.02927753,0.06470965,-0.004340739,-0.003514291,-0.002001657,0.003911718,-0.009668245,0.008748988,-0.015591662,-0.005515063,-0.012749662,-0.004037804,-0.005805186,0.013878406,0.02074416,-0.5442,-370,-0.088019868,0.000673436,-0.003323113,0.3,0.1,0.092197062,0.074199153,0.065499598,0.036462373,0.10426101,0.100001353,-0.002491664,-0.006778242,-0.00752166,-0.001321877,-0.009037426,-0.011234398,-0.00534582,-0.00156219,-0.003135102,-0.002807056,-0.00198224,0.000757385,0.001552321,39.6,-0.1,40.1,7.339537695,4.990432587,5.789960171,6.597145702,5.80814249,7.356279877,5.111987788,5.736572297,6.561030666,5.948034989,0.002572115,0.044142032,-0.046794439,0.006015293,-0.015821303,-0.04,-0.002001631,-0.023475929,0.000266951,-0.050476843,0.004473136,-0.002371948,-0.017169387,-0.004461051,0.008996917,0.001529977,0.03012631,0.032938773,-0.044715552,0.084374728,-0.58,-0.55,-0.48,-0.51,-0.49,-0.21,-0.16,-0.14,-0.12,-0.2,-0.33,-0.37,-0.16,1.42,2.08,4.54,5.42,0.007971153,0.001162257,0.023677164,-0.009403275,0.002420692,-0.020666682,-0.024829282,-0.014782903,-0.049392425,-0.093303801,-0.025362508,-0.00674948,0.004758137,-0.036879013,0.000713418,-0.016559238,0.002418381,0.000976801,-0.007845345,-0.009989824,-0.00753305,0.006954721,0.013417842,-0.022732912,-0.001130906,0.000626754,0.004434285,-0.002689981,0.9,-0.017757715,0.08436632,0.006610146,0.00223043,34.4469
0.001358329,0.000410383,-0.005017879,-0.004874099,-0.025545917,-0.005000446,-0.003426282,-0.002591772,0.000309602,0.017339945,-0.005736564,-0.007592287,-0.00722528,-0.006659728,-0.007825256,-0.00272548,-0.047197575,-0.006952765,-0.3078,-218,-0.045330626,0.001068235,-0.001129736,0.2,1,-0.006773127,0.013733785,0.107375775,0.03353206,0.196160088,-0.071670847,-0.00226154,-0.007255275,-0.003782153,-0.002943776,-0.009246221,-0.010654438,-0.006891363,-0.001184823,-0.003261632,-0.003130167,-0.00139189,0.001890955,0.002394311,39.8,0,40.1,7.379008128,5.129898715,5.888877958,6.548219103,5.924255797,7.409136444,5.081404365,5.869296913,6.629363253,5.937536205,0.005452066,-0.046044854,0.046223771,-0.010574864,-0.011269707,-0.01,0.0382781,0.010671826,0.008703506,0.007651217,0.146393081,0.076808124,0.003792775,0.010987571,0.002654345,0.00220713,0.048135768,0.052733159,-0.068708691,0.10293061,-0.4,-0.29,-0.29,-0.24,-0.15,0.06,0.08,-0.06,-0.1,-0.09,-0.22,-0.21,0.09,1.88,2.56,4.88,5.72,0.013028471,0.009249746,0.007807007,-0.010049639,0.012958872,0.012807749,0.014149366,0.00852163,0.148855944,0.031479826,0.025098735,0.002248138,-0.003184716,0.002255521,-1.58499E-05,0.001266567,0.000806777,0.002432723,0.003361032,0.002338738,0.002895698,-0.004234273,-0.00613989,0.002314284,-0.006148805,0.002501147,0.001095488,0.004690126,1.2,0.001843908,-0.008211247,0.017363443,-0.002158137,28.2542
0.001832016,0.00055375,-0.00178066,0.001965378,-0.011933935,0.000328176,0.00215158,0.001497013,0.005894698,0.023168499,-0.000457953,-0.00808862,-0.002264679,0.005036003,-0.008389654,0.002852365,-0.023661748,-0.02319615,0.1048,-2,-0.013310748,0.000450536,-0.001402942,0.2,0.2,-0.017300905,0.086199148,0.052931296,0.083018806,0.017921627,-0.071070047,-0.001350223,-0.004967291,-0.003416211,0.000147395,-0.007229864,-0.00862643,-0.004903214,-0.000574404,-0.003116238,-0.002613051,-0.003292826,-0.000755953,0.001358919,39.9,0,40.2,7.357556201,4.94875989,5.81711116,6.555356892,5.96100534,7.426549072,5.141663557,5.831882477,6.64898455,5.981414211,0.008658698,0.009072879,0.00381727,-0.011401485,-0.006913587,0,0.005913241,0.001707212,0.010397567,0.010431782,0.132609479,0.127075209,-0.001749195,-0.002141404,-0.011475332,0.000767021,0.013409093,0.017411984,-0.018558386,0.07317099,-0.27,-0.19,-0.18,-0.1,0.04,0.42,0.44,-0.2,0.24,-0.01,-0.13,-0.04,0.4,2.57,3.27,4.95,6.23,0.005137084,0.003446715,0.041517963,0.003962604,-0.008451643,-1.3033E-05,-2.54712E-05,-0.002398559,-0.125671776,0.104011666,0.025619424,-3.17397E-07,-0.000810495,0.011136322,-0.001093504,0.00129517,-0.000806777,-0.001469686,-0.000562587,0.00058386,-0.000581564,-0.000438772,0.000349418,0.00167213,-0.001362185,-1.91648E-05,0.000534107,-0.001353453,4.9,-0.000122848,-0.08240572,-0.016219509,0.008062989,24.5395
0.001007773,-0.00055375,0.002982347,-0.000969665,-0.000694624,0.006311587,0.003360259,0.00556434,0.010044799,0.003298251,0.012652477,-0.003783872,0.01043319,0.007756289,0.015504217,0.005744585,0.041105403,0.039183786,0.3237,374,0.049517578,-0.002928646,-0.002546478,0,0.2,0.002302254,-0.070730936,0.053377863,0.042338295,0.066146907,-0.020114576,-0.001138043,-0.005775719,0.003984447,-0.001474927,-0.00792387,-0.010553917,-0.003565671,-0.000148287,-0.002578227,-0.001229969,-0.00236721,0.000755953,0.001029673,39.8,0.1,40.1,7.437206367,5.111987788,5.863631176,6.684611728,5.940171253,7.417580402,5.141663557,5.840641657,6.643789733,5.945420609,-0.009936936,-0.016019563,-0.071472303,-0.012626695,-0.001079656,0,-0.004215199,-0.006070654,0.002092735,0.005610439,0.03854942,0.040320147,0.002383856,-0.011876865,-0.007137527,-0.000265825,-0.004131044,-0.007580466,0.005398583,0.052441202,-0.09,-0.09,-0.04,-0.05,-0.06,-0.05,-0.05,-0.22,-0.18,-0.01,-0.08,0,0.43,2.61,3.31,4.82,6.14,0.014490143,0.008595094,0.039107819,-0.006333761,0.013151047,0.001440361,0.002156883,0.003934716,0.116727805,0.034872678,-0.00130039,0.002253204,-1.60258E-05,0.007350068,0.002855011,0.006050439,-0.006472515,0.0009617,0.002810094,0.002959107,0.002904782,0.001803246,-0.0013,0.010085308,-0.000409371,-0.001880618,-0.002207464,-0.000675328,4.2,-0.009840581,-0.009290088,-0.017594172,-0.023228539,23.6152
-0.000570016,-0.000574583,0.00447521,0.003631183,0.005438295,-0.000200925,-0.004217855,-0.006388058,-0.007629529,0.002412297,-0.011425943,-0.001534495,0.005415523,0.009296739,0.002806263,-0.000402054,0.003456252,-0.00121362,-0.1055,-387,-0.048954469,0.005337302,0.005416363,0,0.3,-0.019907758,-0.011190547,0.01156974,0.013723581,0.009102256,-0.023530497,-0.000978683,-0.003708798,-0.009130746,-0.001329296,-0.004629936,-0.004335714,-0.005115973,-0.00039863,3.91137E-05,-0.00269364,0.000623843,-0.001134144,0.000607945,39.8,0,40.3,7.511524648,5.003946306,5.953243334,6.748759547,6.091309882,7.488293515,5.351858133,5.905361848,6.694562059,5.993961427,-0.010873481,0.054802991,0.092257144,0.003647671,-0.004665652,-0.01,-0.006234749,0.001632614,0.00371687,-0.000156645,-0.091571797,-0.093270212,0.014158429,0.007709679,0.012780397,0.001458632,-0.035293371,-0.032257768,0.049277258,0.018831812,0.01,0.08,0.07,0.09,0.07,-0.04,-0.13,-0.04,0.02,0.06,-0.02,0.08,0.49,2.56,3.17,4.77,6.15,0.007044513,0.015499583,0.007203987,-0.006655249,-0.002065017,0.004352559,0.005805519,0.00158477,-0.058169315,0.035533231,-0.017391743,-2.85015E-06,0.005617663,-0.004696868,-0.00359269,0,-0.000859494,-1.14577E-05,-2.83737E-06,-3.50543E-07,-0.000582574,0.000899717,-0.003400991,0.000631889,0.001902925,0.000613214,-0.000551396,0.001979034,-2.3,0.003205917,0.044520626,0.018177274,0.001829103,24.6684
-0.001309689,-0.00084195,-0.000146411,-0.00494437,-0.002782288,0.007999124,0.008021231,0.006882391,0.008648302,0.010045149,0.00815431,0.005125904,0.007939393,0.012652023,0.004685705,0.00755314,0.04596948,-0.003559794,0.4814,179,0.017156586,-0.00118976,-0.001914789,0,0.4,0.029714963,-0.005447484,0.041680522,-0.002873565,0.09125825,0.040280495,-0.000130053,-0.003942014,-0.012305481,-0.001627099,-0.004651472,-0.005706298,-0.002910712,0.00067665,-0.000939151,-0.001870446,-0.000218964,-0.000252207,0.001914949,39.9,0.2,40.5,7.40367029,5.105945474,5.82008293,6.605297921,5.993961427,7.433075349,5.017279837,5.831882477,6.663132696,6.03068526,0.001747391,-0.01680702,-0.053323855,-0.0007859,-0.003501173,-0.01,0.002265197,-0.003234746,-0.00061852,-0.007242973,-0.02405663,-0.024762017,-0.009524217,-0.003606929,-0.005920932,0.000654593,0.04713309,0.038736322,-0.06609936,0.098919473,-0.01,0.07,0.07,0.18,0.34,0.44,0.37,0.3,0.22,0.14,0.06,0.27,0.84,3.01,3.55,5.08,6.38,-0.009009961,-0.013466819,-0.019506209,0.000210844,-0.005464666,0.003604083,0.005755303,0.00873808,0.067552546,0.110368695,0.021791483,0.001118236,0.00399583,0.016059082,0.001417897,0.004709057,0.004056002,-0.001453342,0.001115741,0.002952117,0.002312133,0.001119641,0.004769079,0.003136338,-0.000334862,-0.001244916,0.002178336,-0.002658218,5,-0.004435074,-0.021889575,-0.01184282,0.013562092,21.014
0.001430096,-0.000164366,0.005050977,0.011434332,0.015952318,0.00413409,-0.00094487,-0.002841522,-0.001844703,0.0147235,-0.008424598,-0.00526833,0.011225319,0.013641412,0.008799286,0.002061351,0.035761537,0.016654751,0.0992,-79,-0.023857361,0.001687379,-0.000374583,0.2,0.9,-0.047294861,0.113830204,0.047756337,0.003590668,0.091200585,0.032797588,-0.00063521,-0.004266087,-0.002712129,-0.00668402,-0.003307932,-0.003439474,-0.003091193,0.000129716,-0.000234926,-0.001449352,0.000245502,0.000882446,0.00055978,40.1,0.2,40.6,7.372746366,4.844187086,5.648974238,6.685860947,5.940171253,7.419979924,5.105945474,5.811140993,6.626717749,6.02827852,0.017917732,0.014400742,0.013517793,-0.005745698,-0.001367043,-0.02,-0.007642909,-0.002155055,-0.004471214,0.000845637,0.067854049,0.068053572,-0.006618886,0.003167684,-0.003138416,-0.000304521,-0.036954932,-0.046893306,0.060317753,0.01421751,0.02,-0.04,-0.08,-0.08,-0.09,-0.09,-0.07,-0.05,-0.08,0.08,-0.04,0.17,0.73,2.9,3.46,5.01,6.28,-0.007266154,-0.012077659,-0.002209044,0.013887658,-0.003912664,-0.006501084,-0.009376712,-0.000836554,-0.012834413,-0.090313131,-0.034050005,0.001666728,-0.0071997,0.001169281,0.00104913,0.001979931,0.00163397,0.000955991,0.002219361,0.001748565,0.000563525,0.001544802,0.000595096,0.005413065,0.000450674,-3.43784E-06,-0.001100313,-0.0006629,-2.7,-0.001601446,-0.012378942,0.006113891,-0.007518211,21.8145
0.002180893,0.002032125,-0.003807165,0.002072879,-0.013531431,0.004171086,0.004251545,0.004061521,0.003479712,0.004498936,0.003103907,0.004932768,0.004035912,0.002208804,0.012299078,0.005056877,0.000710246,-0.011196234,0.3276,124,0.024378328,0.001470675,0.003029361,-0.1,0.5,-0.030824951,-0.105670065,0.039530839,-0.00143472,0.077240623,-0.048324344,0.000130136,-0.003753344,-0.00700801,-0.00388234,-0.003579684,-0.003451345,-0.003791147,0.000944567,-0.000705108,-0.00024766,-0.001400835,-0.000504159,0.003305634,39.9,0,40.6,7.475339237,5.099866428,5.894402834,6.710523109,6.03068526,7.44775128,5.192956851,5.846438775,6.642486801,6.047372179,0.009431819,0.003732206,0.038672938,-0.004311539,0.003626599,0,0.007397745,0.004641055,0.003559013,-0.000184388,-0.031168799,-0.032419777,0.002167731,-0.001089953,0.002963297,0.000450482,-0.029830889,-0.032116167,0.052374248,0.019859289,0,-0.03,0.02,-0.06,-0.13,-0.16,-0.05,-0.01,0.06,0.05,-0.02,0.11,0.6,2.74,3.41,5,6.34,-0.027996551,-0.040275555,-0.034200142,0.011644463,-0.019989809,-0.001444563,-0.002161123,-0.007095642,-0.032299596,-0.044875406,0.014154257,-0.003356952,-0.002407367,-0.011236231,-0.000373321,-0.008690991,0.000820006,-0.000486636,-0.003351001,-0.005292573,-0.002885664,-0.003608457,0.000231643,-0.015556654,-0.000359755,0.000612149,-0.00271961,0.003284495,3.9,0.003805775,0.015191694,-0.001760986,0.002732851,22.63
0.001762695,0.002294002,0.003649328,0.003252127,0.008460308,0.009499198,0.009633264,0.010824843,0.011573855,0.011783578,0.011517489,0.008680275,0.009293749,0.014717444,0.007613817,0.011206651,-0.008244913,0.002026662,0.7889,-231,-0.027216862,-0.000897338,-0.000908578,0,0.1,-0.047542262,0.02672935,0.018698374,-0.007927969,0.041685662,-0.054773801,0.000390307,-0.001150901,-0.005484833,0.002540158,-0.002546109,-0.003358173,-0.001209294,0.000712465,-3.91873E-05,0.000689759,-0.000691181,0.000630159,0.001625526,40.1,0,40.7,7.448333861,5.187385806,5.85220248,6.65544035,6.023447593,7.471932078,5.170483995,5.84932478,6.705639095,6.035481433,0.002211581,-0.033374837,-0.077575322,-0.014430428,0.001687503,0,0.00117003,-0.000130058,0.003968517,0.000682508,-0.026504816,-0.025600462,0.002385259,0.009643845,0.000460709,0.000498901,-0.062343727,-0.063931572,0.104811653,-0.021934952,0,-0.02,-0.03,-0.07,-0.15,-0.3,-0.23,-0.12,-0.14,0.03,-0.05,0.04,0.45,2.44,3.18,4.88,6.2,-0.026375583,-0.031324474,-0.024710318,0.016239528,-0.01194044,0.005051289,0.005759543,0.0023588,-0.044726762,-0.085264603,0.010339712,-0.000557879,-0.001629007,-0.001965281,-0.001773177,0.002002003,-0.00082406,-0.000960833,-0.000557252,0.000586338,-0.000575539,0.000507464,-0.002392727,0.004767237,-0.00037001,-6.05919E-06,0.002712234,-0.002637188,-4.5,-0.002033329,0.007869896,0.011793195,-0.000195056,28.599
-0.003524264,-0.004223395,0.006450972,-0.002791186,0.010430085,-0.002379493,-0.002806854,-0.002176736,-0.001550256,0.010783342,-0.006721561,-0.004626316,-0.001793058,-0.003324655,-0.003806629,-0.003471285,0.007378568,0.002545136,-0.2788,46,0.005626077,-3.45291E-05,-1.46613E-05,0,0,0.064284893,-0.073065098,-0.019035472,0,-0.035352519,-0.003103986,-0.000589345,-0.002527774,-0.002950725,-0.001941893,-0.002749233,-0.003053116,-0.00224972,-0.000185007,0.000587648,-0.000583611,0.000126309,0.000503842,-0.000232056,39.8,0,40.4,7.411556288,5.049856007,5.891644212,6.610696045,5.976350909,7.460490306,5.176149733,5.863631176,6.679599186,6.023447593,-0.011602764,0.042941354,0.054239519,0.00176408,0.005898231,0.01,0.001993028,0.003159574,0.005471483,-0.000400883,0.062916907,0.061932508,-0.000630607,-0.003489655,0.000337602,0.00113389,-0.11530219,-0.115893145,0.184344441,-0.08493174,-0.02,-0.02,-0.02,-0.1,-0.24,-0.38,-0.28,-0.1,-0.05,0.03,-0.05,-0.04,0.23,2.08,2.92,4.8,6.17,-0.024636523,-0.045231338,-0.044714185,0.047900743,0.00896867,-0.004327966,-0.002161123,0.00156493,0.049668312,0.111264587,-0.027315846,0.001667747,0.002400185,0.003266909,0.003842127,0.001335114,0.000822028,0.00142822,0.001106189,0.001755583,0.001147117,0.000789969,0.001541739,0.000867115,0.000655799,0.000606153,0.003228912,-3.8598E-06,-4.3,0.003510854,0.00329074,-0.005328667,0.000672053,38.4972
-0.000720589,-0.001058642,0.001000826,0.009557421,0.007769727,-1.28717E-05,-0.001134504,-0.002223403,-0.005093489,-0.00751296,-0.004059923,0.005070283,0.001554398,0.009605512,0.00087924,0.00224388,-0.021126291,0.001831536,0.147,79,0.01372396,0.001421611,0.002138271,-0.1,-0.4,0.012375545,0.023238225,-0.026996343,-0.05121713,-0.006968669,0.019497796,-5.35941E-05,-0.003202137,-0.000394089,0.001941893,-0.005587158,-0.005285983,-0.006082215,0.000601148,-0.002234901,-0.001912385,-0.003315913,0.001132717,0.00208657,39.9,0,40.5,7.398174093,5.135798437,5.80814249,6.64509097,5.888877958,7.43543802,5.105945474,5.831882477,6.643789733,6.042632834,0.019834975,0.017149751,0.079143731,0.003870057,0.001273288,-0.02,-0.015492029,-0.000112072,0.004799262,-0.003143737,-0.009880823,-0.012407191,0.003265095,0.005067377,-0.003785028,0.000292733,0.009867161,0.008513571,-0.026098321,0.026691708,0.01,-0.05,-0.06,-0.09,-0.2,-0.52,-0.39,-0.16,-0.32,-0.03,-0.12,-0.14,0.02,1.55,2.52,4.63,5.84,0.013870575,0.017110556,0.009232973,-0.012737378,0.015281196,0.002163202,-5.16085E-07,-0.000790757,0.003527462,-0.002077212,-0.028594665,0.000549232,0.009690475,0.001288907,-0.003515347,0.000664221,0.000824063,0.000466775,0.001098853,-5.47178E-06,0.001141206,-0.000139723,-0.000435689,0.00107576,-0.000498787,-0.000619678,-0.005941146,0.000648258,-0.5,-0.00212823,-0.021802267,-0.013326875,0.009425043,37.2527
5.10714E-05,-0.000462865,-0.00318683,-0.008607014,-0.014594277,0.001422395,0.003306476,0.002220266,0.00184883,-0.000118318,0.002673917,0.000974711,-0.00122503,0.000179511,-0.001055738,0.001150281,0.009963093,-0.013885972,0.0714,-182,-0.019358282,0.003737602,0.00435756,0,1.1,-0.054408926,0.000395961,0.028680696,0.057708318,0.004440223,0.039601738,-0.000513117,-0.002319048,-0.002960626,0.00014922,-0.00343348,-0.004887907,-0.00104639,-0.000138694,-0.001453403,0.00100977,-0.000974223,0.002261592,-0.001993741,39.9,-0.1,40.5,7.497761701,5.170483995,5.945420609,6.695798917,6.079933195,7.497207223,5.214935758,5.888877958,6.672032945,6.148468296,0.016154112,-0.05674976,-0.124664067,-0.01216187,0.00723563,0.02,0.017862478,-0.003242424,0.002663459,-0.000480732,-0.035403523,-0.02916195,-0.002038739,0.002474857,-0.003111983,-0.000203506,-0.050270082,-0.045567675,0.080439917,-0.043938732,0.01,0.03,0.01,0,-0.04,-0.35,-0.39,-0.22,-0.18,-0.01,-0.12,-0.15,-0.03,1.19,2.12,4.4,5.65,0.001820413,-0.002742201,0.017372819,0.012608877,0.00426006,0.00287718,0.002864816,0.004660145,0.006061451,-0.007620738,0.038702403,-0.001113257,-0.013723729,-0.003257958,0.000339403,-0.001999334,-0.001650165,-0.000958018,-0.002212384,-0.001170269,-0.001720013,-0.000101999,0.000957503,-0.002385849,0.000471255,0.000602865,0.003762434,-0.000657206,-1.5,-0.003537166,0.040616775,0.00209525,-0.005538429,41.656
0.001796264,0.002055541,0.003500136,-0.00462082,0.004034705,-0.002996139,-0.000971836,-0.002248561,-0.001922556,-0.005472361,-0.000455712,-0.004441563,-0.005846374,-0.002807777,-0.004373156,-0.003628449,0.043631623,-0.031227214,-0.2749,227,0.02462362,-0.001636493,-0.002143561,0,0.2,-0.002528446,-0.005557775,0.023616597,-0.002159051,0.045166972,-0.004895971,0.000865254,-0.003219895,0.001382716,-0.001941603,-0.003910009,-0.004483834,-0.002970732,0.001709221,0.000471605,-0.000318765,0.000387134,0.002757239,0.000603178,39.8,0,40.3,7.40731771,4.983606622,5.768320996,6.546785411,6.184148891,7.494986234,5.147494477,5.883322388,6.678342115,6.159095388,0.003623207,0.01051478,0.035308946,-0.007687779,0.001419102,0,-0.000969908,0.003540017,0.005656323,0.007008959,0.019826415,0.019331004,0.002769332,0.004869909,0.001301047,-0.000275525,-0.01530417,-0.011193579,0.038981363,-0.021961269,0,-0.03,-0.05,-0.04,-0.07,0.01,0.07,0.17,0.33,-0.04,-0.17,-0.19,-0.1,1.2,2.19,4.57,5.98,0.004815239,6.69725E-05,0.023101968,0.000770762,0.001204781,0.002132254,0.00425464,-4.87517E-05,-0.006706679,-0.072478204,0.000976651,0.000549275,0.004020131,0.007097412,0.002754583,0.001995345,-2.72755E-06,0.000466868,0.001648497,0.001162109,0.001138946,9.52529E-05,-0.000803436,0.002019197,-0.000380466,-9.26119E-06,-0.003226097,0.003237684,-5.5,0.00284275,-0.061409483,0.001010916,0.00606864,41.3973
0.002384057,0.002450843,0.002899442,0.010656661,0.006567332,0.005127549,0.003748366,0.00594746,0.007804278,0.023237707,0.001339681,0.003323744,0.007069119,0.00397938,0.003056797,0.004487949,0.008191809,0.04422768,0.3257,-120,-0.024723125,-0.001880457,-0.003560869,0.2,-0.2,0.064764535,-0.002790514,0.006553103,-0.050989988,0.053015948,-0.038269019,4.59218E-05,-0.001927949,-0.000197414,0.003581559,-0.004525497,-0.005471823,-0.002979583,0.000452224,-0.001179431,-0.002109949,-0.001021556,0.001625712,0.001019935,39.7,0,40.4,7.469083885,4.9698133,5.918893854,6.698268054,6.054439346,7.479299638,5.081404365,5.823045895,6.661854741,6.194405391,-0.004376101,0.006185532,-0.002443977,-0.007083709,0.00186664,-0.01,-0.001860192,0.000862863,0.007081081,-0.00642159,0.018897023,0.013489621,0.001196917,-0.006315819,0.00343851,0.000212936,0.062699047,0.062582149,-0.102691352,0.057206355,-0.41,-0.34,-0.35,-0.29,-0.16,0.1,0.11,-0.01,-0.11,0.03,-0.11,-0.07,0.15,1.71,2.71,4.97,6.28,-0.01423222,-0.0185203,-0.018734999,0.008694039,-0.004127645,-0.005730675,-0.007837589,-0.006187775,0.018792617,-0.065655948,0.043255222,-0.000555686,0.004059434,-0.009038564,-0.001064101,-0.001995345,-0.002491332,0.000462888,-0.001104039,-0.001166175,-0.000573861,-0.000862785,-0.002074459,-0.001980334,-0.000262309,-0.000614349,0.001606139,-0.003251581,3.6,0.016399053,-0.018533462,0.000959518,0.000237585,32.005
0.002790072,0.002138294,0.006239504,-0.007792372,0.008414363,-0.004822483,-0.005968177,-0.007046361,-0.008560514,-0.015305684,-0.005756924,-0.010661975,-0.003210896,-0.008687824,-0.000303305,-0.00500902,-0.024459311,-0.000697727,-0.3669,-472,-0.060196596,0.00017235,-0.000696106,0.1,0.9,-0.038705592,0.032982966,0.066027451,0.021006024,0.098798586,0.054697743,-0.001301934,-0.004182507,-0.000197453,-0.001938419,-0.005350468,-0.005826516,-0.004574251,-0.000710729,0.000393298,-1.77495E-05,0.000828008,0.001747816,0.000324307,39.9,0.1,40.5,7.488852956,5.075173815,5.950642553,6.665683718,6.12905021,7.547501683,5.176149733,5.996452089,6.752270376,6.133398043,0.002280467,-0.036313112,-0.014790642,-0.006136679,0.006336609,0.02,0.004001614,-0.005030815,0.00205459,-0.000676356,0.012679064,0.021301673,-0.000430982,-0.002508069,-0.000163504,0.000155039,-0.011884437,-0.013567211,0.031371161,-0.015967919,-0.1,-0.05,-0.04,-0.03,-0.04,-0.02,-0.02,-0.1,-0.17,0.08,-0.05,0,0.21,1.79,2.79,4.97,6.21,-0.009910932,-0.018591736,0.002340856,0.009628249,-0.007857708,-0.002145156,-0.00213144,-5.92628E-07,-0.015374028,0.206929501,-0.029680595,-2.73206E-06,-0.004067359,-4.14093E-07,-0.001733393,-0.001329787,0.000816435,-0.000480235,-2.70813E-06,-1.34894E-06,-0.000570933,-0.000123691,-0.000292174,-0.001101448,0.00025116,0.002406684,0.00691218,0.001284904,2.5,-0.012931056,0.052062689,0.004921448,0.003072767,31.8309
-0.001940998,-0.002537813,-3.58168E-05,0.005862505,0.004416202,0.00578932,0.005967167,0.005197578,0.006544398,0.015768869,0.002676911,0.002039127,0.005549371,0.013287944,-0.004973914,0.004973613,-0.009951717,-0.026431145,0.3703,881,0.108201291,0.00598621,0.007237755,-0.2,0,0.006322466,-0.002707408,-0.032626787,0.042157405,-0.089092543,-0.047583891,0.00081965,-0.001939777,-0.001778832,0.000596837,-0.003089532,-0.004881498,-0.000176351,0.00138407,-0.001810454,-0.000408326,-0.001609903,0.000872764,0.00175869,39.8,-0.1,40.3,7.524561226,4.983606622,5.945420609,6.704414355,6.232448017,7.499976541,5.129898715,5.905361848,6.679599186,6.165417854,0.021994902,0.035759334,0.008683517,-0.000863944,-2.28133E-05,-0.02,-0.002923198,0.001991639,0.001325339,0.005760155,0.03584741,0.033836939,-0.005008733,-0.002690109,0.000559409,0.000607556,-0.003721411,-0.00790464,0.01224459,-0.01523436,0,-0.05,-0.02,-0.04,-0.09,0.02,0.02,-0.04,-0.1,0.03,-0.07,-0.04,0.12,1.81,2.81,4.93,6.11,-0.026209471,-0.044265387,-0.025589437,0.019477487,-0.011481775,0.012116749,0.01555446,0.009942129,0.05421393,-0.000234102,-0.019157235,0.002739258,-0.001647289,0.017880011,-0.001033909,0.007961111,-0.000847581,0.00046012,0.003817224,0.004046072,0.003398145,0.001848814,-0.002117627,0.010860972,-0.000401492,-0.003626833,-0.013838082,-1.03657E-05,-4.3,-0.006271032,-0.001555838,-0.001017935,-0.020162132,30.6685
-0.002814543,-0.002965519,-0.003564213,-0.01111509,-0.013918695,0.003178094,0.004979421,0.007384037,0.009362927,-0.015216215,0.019434538,-6.14876E-05,0.000676567,-0.000493662,-0.003680095,0.001221866,0.064813879,0.001447913,0.0974,-443,-0.056507888,0.001116297,0.000472901,0.1,0,-0.020517168,0.011168997,-0.001580528,-0.079983397,0.057410907,0.03970745,-0.001118568,-0.005569531,-0.001782002,-0.00553438,-0.005734154,-0.006764892,-0.004064687,-0.0002121,-0.001300826,-0.000319676,-0.002201944,0.001743245,-9.24855E-05,39.5,0,40.3,7.395721609,4.9698133,5.627621114,6.630683386,6.107022888,7.525100746,5.111987788,5.799092654,6.694562059,6.309918278,0.008175264,0.023315315,0.000736377,0.004060714,0.007532493,0.01,0.003040223,0.000551407,0.000788059,0.005087102,-0.084476038,-0.087642305,-0.001395852,0.00466886,0.000315608,0.000606685,-0.067901913,-0.061255368,0.132401931,-0.085170268,0.02,-0.02,0,-0.02,-0.06,-0.15,-0.15,-0.22,-0.29,-0.01,-0.09,-0.08,0.04,1.64,2.64,4.69,5.8,-0.01109226,-0.011912298,0.004405612,-0.005952768,-0.019191681,0.001304073,0.00120629,0.007388386,-0.025701621,-0.027799443,0.037107646,0.001070724,0.002441945,0.000330021,-0.001027569,0.002579267,0.002500329,-0.000944001,-0.000571525,0.002266608,0.001105018,0.0012245,0.002995689,0.000392408,0.001078218,0.000599333,0.007974919,-1.02993E-05,-2.5,0.003078692,0.010128037,-0.01344556,0.010070248,36.5405
0.001896924,0.001735229,0.005961109,0.009074792,0.017559839,-0.002264464,0.000239177,0.000966148,0.000380492,0.002881417,-0.000646015,0.002571231,-0.005758591,-0.005634639,0.002965373,0.001450976,-0.057105875,0.007401385,0.1169,-329,-0.036938804,-0.000534023,-0.000349198,0,-0.4,0.01172513,-0.016995388,0,0.049634247,-0.03604978,0.039127128,-0.001595741,-0.003548039,-0.007159935,-0.001951806,-0.004067526,-0.004168958,-0.003903483,-0.001199672,-0.001737071,-0.000604112,-0.001750286,0.001616011,-0.000647638,39.9,-0.1,40.4,7.453561872,5.017279837,5.855071922,6.689599269,6.045005314,7.471363088,5.099866428,5.826000107,6.685860947,6.115892125,0.005914242,-0.001428777,0.039501556,0.001622586,0.000641617,-0.01,-0.007792717,-0.002720215,0.001888812,-0.007997525,-0.010569877,-0.010265874,0.004862238,-0.008835548,-0.000261156,0.000168376,0.011403851,0.01367004,-0.015999399,-0.006419566,-0.01,-0.04,-0.04,-0.05,-0.06,-0.12,-0.09,-0.06,-0.11,-0.04,-0.12,-0.12,-0.01,1.53,2.56,4.64,5.7,-0.007319017,0.000881834,-0.005468347,-0.015923105,-0.024095939,-0.002206891,-0.003625072,0.000412149,0.077073502,-0.152077995,-0.02565812,-0.003828857,-0.006612201,-0.017566324,0.000339841,-0.009865685,0.001675042,0.001390874,-0.00326529,-0.004613851,-0.003954306,-0.001655952,0.000902938,-0.011304278,0.001156928,0.000596094,-0.002129921,-0.002564513,-2.3,-0.003866115,-0.042246234,0.014034491,-0.002640855,35.1947
0.004131393,0.004084877,0.004966268,-0.00289845,-0.002449636,-0.006996199,-0.009140356,-0.008618453,-0.008467464,-0.009743713,-0.007970321,-0.010633372,-0.003980583,-0.008345221,-0.00550661,-0.008422286,-0.020484447,-0.012762527,-0.6065,288,0.022362993,0.003090643,0.00144692,0.1,1.3,-0.013155745,0.03596409,0.057474719,0.041672696,0.069289453,0.020495131,-0.000376291,-0.003697875,-0.006006024,0.005246209,-0.007637269,-0.008501293,-0.006241661,0.000295437,-0.000316156,-0.000622261,0.000939232,0.003224209,-0.000694364,39.5,0.1,40.1,7.404279118,4.990432587,5.777652323,6.576469569,6.120297419,7.497207223,5.147494477,5.869296913,6.70930434,6.124683391,-0.038090317,-0.021880645,-0.043324985,0.002777831,0.000940353,0.03,0.007466115,0.002880518,0.010231789,0.000874265,0.046860481,0.046196283,0.001775961,0.003252969,0.004004599,0.000975721,0.049991407,0.042896931,-0.095293117,0.037936279,0.01,0.02,0,0.01,0.03,0.15,0.15,-0.15,-0.1,-0.03,-0.13,-0.12,0.01,1.67,2.7,4.48,5.59,-0.003574343,0.012337274,0.010125741,-0.005449259,-0.012200676,-0.021647557,-0.026861171,-0.042269804,-0.057694913,-0.105078978,-0.041914389,-0.005446333,0.005752722,-0.019466863,0.000678645,-0.009223156,-0.002517836,-0.003262862,-0.005963097,-0.008586988,-0.005623988,-0.004285442,-0.000577892,-0.010751058,-0.00281056,-0.001800539,0.001587437,-0.001279181,8.4,0.001989597,0.056366801,0.003539272,0.001555505,27.1423
0.007577515,0.007613191,0.002284741,0.008732519,0.002736442,0.000200879,0.000722759,-0.001457424,-0.002899214,0.000869545,-0.004412578,5.79429E-05,-0.000510624,0.009394782,-0.00780968,0.000950598,0.014927933,-0.00446078,0.084,-107,-0.016795846,0.00017749,-0.000646856,0.1,-0.4,0.067130006,-0.01133799,-0.009000961,-0.022776785,0.001037344,-0.028482018,8.44857E-05,-0.001464665,0.004008021,0.002538262,-0.0035658,-0.003999561,-0.002866358,0.000396857,-0.001067764,-0.001281299,-0.00065066,0.001855403,-0.001297438,39.8,-0.1,40.2,7.467942332,5.017279837,5.886104031,6.679599186,6.095824562,7.51479976,5.176149733,5.880532986,6.70930434,6.173786104,0.007478146,0.006935358,0.02875083,0.001336412,-0.00418749,-0.01,0.00641136,0.003767871,0.011821639,-0.002743895,0.000349443,-5.29426E-05,-0.009262568,0.000657097,-0.001151535,0.000276705,0.05031757,0.048717597,-0.091119248,0.035284289,0,-0.03,-0.06,-0.06,-0.09,-0.41,-0.39,-0.52,-0.47,-0.06,-0.19,-0.18,-0.08,1.26,2.31,3.96,5.12,-0.048327781,-0.049984376,-0.02130121,0.030349919,-0.052224941,0.010466849,0.013073355,0.018484531,0.18477728,0.168042,0.060265644,0.002174783,0.000822625,-0.001680994,0.002030424,-0.001436347,-0.002536935,0.003710363,0.002162122,0.000544542,0.001680783,0.000655138,-0.003513292,-0.000787085,0.001916651,0.003583875,-6.99871E-06,0.004471013,6.1,0.004201732,-0.015419364,-0.011595077,0.009731152,22.5485
0.00355378,0.003451578,0.005659725,0.009317273,0.010791399,0.00165491,0.001646304,0.002934618,0.002437611,0.009592381,-0.00042513,0.004211399,0.001684988,0.008453973,-0.000419272,0.004968581,-0.055519993,-0.010638483,0.3815,101,-0.001136688,0.003788038,0.001786921,0.2,0.9,-0.027826702,0.042417073,0.068148633,0.045046321,0.084935611,-0.005320734,-5.37628E-05,-0.002017424,0.002596626,0.002531835,-0.004406203,-0.004350986,-0.004495198,0.000341355,-0.001266976,-0.001693118,-0.000718229,-0.000370805,0.001806685,39.8,0,40.3,7.532088144,5.093750201,5.886104031,6.721425701,6.242223265,7.536363938,5.141663557,5.958424693,6.755768922,6.126869184,0.020519507,0.018461706,-0.00119105,0.004741618,-0.002750651,-0.02,-0.005748501,-0.004040145,0.005032692,-0.001557837,-0.008954495,-0.011005911,0.004584416,-0.00277948,-0.003838244,-3.254E-06,0.054109957,0.053197971,-0.09277896,0.034467935,-0.04,-0.18,-0.15,-0.16,-0.17,-0.25,-0.24,-0.25,-0.19,-0.2,-0.3,-0.3,-0.21,1.05,2.11,3.75,4.97,-0.011356784,0.006462181,0.008153731,0.02345309,-0.023023125,0.007733874,0.010419853,0.010546164,0.029033337,0.091623262,-0.030763707,0.002731793,0.007484422,0.022442355,-0.001029183,0.013320615,0.001670673,-0.003249874,0.002720793,0.007489657,0.003386643,0.002280455,0.002312714,0.015751696,-0.00223844,-0.002395546,-0.001060148,-0.001921202,-2.4,0.000228679,0.008745015,0.004975562,-0.003105377,22.349
0.000930394,0.000696966,0.004902718,0.007573204,0.010362443,0.00431754,0.005835361,0.007049137,0.00879582,0.02454647,0.002436555,0.003914434,0.002218562,0.003998159,-0.003898526,0.002301593,0.044706804,0.004352206,0.1879,-64,0.003079743,-0.003890432,-0.002295979,-0.1,-0.2,-0.066145685,-0.048134641,0.022547928,0.133789446,-0.062889089,-0.024603701,0.000145921,-0.003678503,0.001793722,0.001783326,-0.006298688,-0.006505912,-0.005964771,0.000912783,-0.000911631,-0.001731726,-0.000564205,0.001358948,0.001248873,39.7,0,40.1,7.54802897,5.236441963,5.96100534,6.768493212,6.11146734,7.5416831,5.214935758,5.929589143,6.739336627,6.173786104,0.017712021,-0.011231269,-0.017133246,-0.002886843,-0.002321112,-0.02,-0.003727032,0.001639369,0.004520058,0.000841107,0.031094484,0.035205311,0.011721029,0.003813802,0.000424328,0.000150968,0.004584616,0.001960289,0.006619034,-0.016629532,-0.21,0.01,-0.02,0.03,0.11,0.6,0.65,0.52,0.43,0.02,-0.11,-0.06,0.11,1.86,2.97,4.48,5.61,0.019440602,0.030964536,0.00309588,-0.023638018,0.02164935,-0.004921415,-0.006944951,-0.00377158,-0.069134297,-0.08642062,0.017262645,0.002178644,-0.000850175,0.005795444,0.001336657,0.001993987,-1.1491E-05,0.001845867,0.002716358,0.000569238,0.001688391,0.001897276,0.002522612,0.002711198,0.001494987,-0.000597542,-0.003163723,0.000631077,1.2,0.007672362,0.062840469,0.004522049,-0.016495341,21.2068
0.001306166,0.001180703,0.009131207,-0.000410417,0.016581988,-0.001514099,-0.003394186,-0.004802065,-0.007516273,-0.019201064,-0.002771054,0.002370928,0.001110872,-0.001502637,-0.005342438,-0.00387926,0.012266697,0.00755382,-0.2664,13,0.006152465,-0.000273103,0.000545409,-0.1,-0.5,0.029344616,0.003434462,-0.02114126,-0.062093189,0.011595794,-0.027844598,-0.000353319,-9.21362E-05,-0.002192765,0.00370508,-0.001806936,-0.001914954,-0.00163295,-0.000405579,0.000713521,-0.000947469,0.001282435,0.000370302,-0.003565727,39.8,0,40.2,7.513709248,5.036952602,5.986452005,6.746412129,6.063785209,7.583756301,5.318119994,5.96100534,6.785587645,6.192362489,-0.009788645,0.00704585,0.004837697,0.005385745,-0.005790271,-0.01,0.001205584,0.001814741,0.005227499,0.003209248,0.019185056,0.014828046,-0.017340216,0.006969918,0.000679606,0.000138721,-0.003037231,0.001452214,0.019146674,-0.026863613,0.02,0.03,0.05,0.08,0.19,0.5,0.47,0.39,0.39,0.03,-0.08,0,0.28,2.34,3.42,4.85,5.98,0.013096043,0.014587087,-0.000282274,-0.017537763,0.010221799,0.005582218,0.006881862,0.002989524,0.01855296,0.025324234,0.012236813,0.001073931,-0.006617731,0.008839034,-0.001359141,0.003292039,-1.15693E-05,-0.000928046,0.001070482,0.002851348,0.001674169,0.000391917,-0.002953479,0.004099698,-0.00016975,0.00118553,0.004216909,-0.001273066,-1.6,-0.010213692,-0.058404319,0.007730583,-0.0190981,20.829
0.000856353,0.001008044,-0.002891065,0.004059674,-0.006113337,0.005899187,0.005869333,0.008144064,0.007736811,0.025302499,0.000721423,0.010899605,0.005956997,0.009605237,0.009044547,0.007695926,-0.007559776,0.010044559,0.5894,-209,-0.024462062,0.000580254,0.000436113,0,0.3,-0.035244338,0.055569851,-0.020162546,-0.058704621,0.009478744,-0.011813635,0.000844685,-0.000276459,0.000797925,0.003396592,-0.002019288,-0.001579779,-0.002727522,0.001068898,0.001742023,-0.000286205,0.002493015,0.000123403,-0.002415236,39.9,0.1,40.5,7.569927655,5.236441963,6.061456919,6.768493212,6.11368218,7.581209826,5.198497031,5.973809612,6.793466133,6.204557763,0.019155836,0.026956209,0.052070517,0.003221261,0.003500702,-0.01,-0.00596279,-0.014235539,-0.007882084,-0.00524386,-0.092788632,-0.086358389,0.002064947,-0.013416126,0.000840766,0.000350361,0.029778653,0.033747575,-0.035041341,0.006700071,-0.02,0,-0.01,-0.02,-0.07,-0.19,-0.18,-0.16,-0.22,0.05,-0.07,0,0.23,2.17,3.26,4.71,5.78,-0.018358002,-0.004935773,-0.033091003,0.013460663,-0.023844301,-0.004197237,-0.005517687,-0.005238131,0.03552561,-0.1369577,-0.016144972,-0.001098715,0.003307837,-0.005240412,0.001994237,-0.002679186,-0.005161874,0.000915304,-0.000556748,-0.001737647,-0.001136158,-0.00027614,0.001812049,-0.002603507,5.65389E-05,-5.62867E-06,-0.001057345,0.001895327,-1.6,-0.00944901,0.003984258,0.057176886,0.015330258,20.6823
0.003910462,0.005425949,0.001429161,0.002360055,-0.003680773,0.001482909,-0.002320271,-0.005009939,-0.006378449,-0.00711605,-0.006029104,-0.001815198,0.006692819,0.011645887,0.001516243,0.001357875,-0.017464512,0.003101613,0.1232,131,0.022460566,0.00126856,0.002721406,-0.1,-0.2,0.002216477,-0.067835241,-0.010090903,0.013495481,-0.027688655,-0.034730179,0.001572285,-0.000414833,0.003980105,0.000147417,-0.000906524,0,-0.002369885,0.001968939,0.001660014,0.000572328,0.001939177,-0.001852653,0.002508013,40,0.1,40.6,7.584264818,5.030437921,5.945420609,6.817830571,6.249975242,7.606884531,5.298317367,5.934894196,6.81014245,6.267200549,0.004569617,0.029563546,-0.018235357,0.015354293,0.005333613,0.01,-0.000231633,0.003173832,-0.000397268,0.010565759,0.006788365,0.00514284,-0.003669549,-0.016109097,0.000468551,0.000409515,0.018745356,0.011525225,-0.004549003,0.000265002,0,0,-0.02,-0.01,0.01,0.01,0.02,-0.02,-0.06,0.05,-0.09,-0.01,0.24,2.18,3.28,4.69,5.72,-0.039579157,-0.038647495,-0.047308031,0.038672983,-0.030760198,0.003454674,0.00476581,0.003732182,0.000730494,0.179961166,0.040253723,-0.004327837,0.000825421,-0.025811726,-0.00301656,-0.011209188,0.002526718,-7.58907E-06,-0.005390551,-0.006837939,-0.004473026,-0.003024665,-0.000890054,-0.013844482,0.000230666,-0.00296156,-0.003155404,-0.003163558,1.9,0.001604014,-0.020227994,-0.05843404,0.009388266,19.1843
0.00603581,0.007278641,0.005615488,0.003859633,0.012124009,0.007696734,0.009140346,0.009638631,0.007688728,0.012645591,0.005755884,0.018564566,0.005751993,0.015282082,0.002905627,0.009679043,0.006878131,0.00165878,0.7458,-48,0.001079566,0.001933841,0.003183702,-0.2,0.6,-0.020127403,-0.032931239,-0.009023493,-0.053694934,0.023708551,-0.051017774,2.29907E-05,-0.000138316,0.003370678,0.001767305,-0.001256545,0.000677354,-0.004389983,5.51481E-05,-0.00197652,0.000125153,-0.003419493,-0.000742023,-0.001067459,40.2,0.2,40.9,7.641564441,5.247024072,6.075346031,6.80682936,6.317164687,7.559038255,5.247024072,5.973809612,6.739336627,6.194405391,-0.007826246,-0.00864621,-0.006799082,0.008084375,0.001784086,-0.01,0.000615787,0.002312843,0.000305605,-0.009396727,0.018963628,0.017906192,0.00867289,0.004918233,-0.005777232,-0.000831551,0.010696108,0.011945585,0.008133939,-0.016866358,-0.01,0.02,0.01,0.02,0.09,0.1,0.01,-0.05,-0.07,0.08,-0.07,0.02,0.34,2.29,3.3,4.65,5.66,-0.003645614,0.007234395,-0.002905707,0.006233509,-0.006906786,-0.006922351,-0.00886282,-0.002985077,-0.03005461,-0.044880034,-0.014771231,0.001621768,-0.004133258,0.011306363,0.001324032,0.00659633,0.0025731,-0.001835702,0.001076715,0.002848193,0.001676134,0.001316174,0.000970088,0.006791058,-0.000492497,0.00354785,0.00262978,0.004412235,4.1,0.001741695,-0.020182885,-0.014071378,0.00677498,17.8389
0.000887837,-0.000268637,0.001407606,-0.002831908,-0.003636757,-0.000782931,-0.001949984,-0.001663944,-1.28465E-05,-0.000978385,0.000433677,-0.003117748,0.000805385,-6.37045E-05,-0.001992629,-0.002181453,0.025983899,0.00529348,-0.1399,57,0.018317081,-0.001845239,-9.39188E-05,-0.1,-0.1,-0.039160474,-0.021757506,-0.015915455,0.014742282,-0.038104686,-0.013171768,0.000926852,0.000691388,0.003359355,0.004551135,-0.001118256,-0.000451518,-0.00220224,0.000973781,-0.000316606,0.001536318,-7.37382E-05,-0.000742574,0.000510666,39.9,0.1,40.7,7.62900389,5.129898715,5.978885765,6.880384082,6.253828812,7.594381243,5.298317367,5.913503006,6.830874235,6.196444128,-0.000327737,-0.000175999,0.02810201,0.011937197,0.002470257,0,0.004448746,-0.001156569,-0.002998962,-0.004093394,0.018273354,0.017887134,0.007871331,0.007187274,0.0048059,0.000360691,0.028858537,0.031325563,-0.021717413,-0.010154232,-0.02,-0.01,-0.03,-0.03,-0.03,-0.02,-0.03,-0.03,-0.06,0.09,-0.08,0.01,0.33,2.29,3.29,4.64,5.62,-0.025972487,-0.052012801,-0.013278177,0.035978658,-0.000152335,0.00483402,0.007476307,0.005943554,0.034284341,0.008777324,0.001762648,0.00215837,-0.002498898,0.006998475,0.001971153,0.003303604,0.001730083,0.000912822,0.002694402,0.002848193,0.001673328,0.001094597,0.000529556,0.004199879,0.000156331,-0.001776017,-0.000526454,-0.003155164,-1.1,-0.003630104,0.019860804,0.009367052,-0.00158868,16.3754
-0.002341422,-0.003598722,0.003131154,-0.004999521,0.005990343,0.002617202,0.003103223,0.0029406,0.004349206,0.011339751,0.001630815,0.003483446,0.001970848,0.000840808,-0.001743376,0.000257432,0.041679363,-0.000868027,0.0428,245,0.026824232,0.000769831,0.000440619,0,0.1,0.05001997,-0.035658836,-0.000594354,0.012465535,-0.010411338,0.005428366,0.001277799,0.000552766,0.004330715,0.0030713,-0.000699545,0.000564366,-0.002759637,0.001422221,0.003792672,0.003136754,0.003225982,0.000123801,-0.000371368,40.1,-0.1,40.9,7.555381944,4.997212274,5.828945618,6.8134446,6.240275845,7.576609767,5.252273428,5.891644212,6.800170068,6.216606101,0.00627534,-0.022478106,-0.040499599,0.007207448,0.000448562,0,-0.005603552,0.001717235,-0.002915767,0.007812347,0.049573857,0.04932627,-0.010251124,0.005409022,0.000540702,0.000622061,0.04689178,0.048583432,-0.055175125,-0.006455402,0.02,-0.03,-0.02,-0.02,-0.07,-0.15,-0.12,-0.08,-0.16,0.04,-0.12,-0.03,0.24,2.12,3.15,4.54,5.44,-0.020464927,-0.0201333,-0.013730659,0.041324266,-0.013033996,0.002046445,0.001317424,0.005838615,0.01117964,0.030331659,0.019456984,0.001604339,0.00414697,0.011951021,-0.002657735,0.002615519,0.00086843,0.001363096,0.003212526,0.002258201,0.002217252,0.001842509,0.003072878,0.002183054,0.001466462,0.001175773,0.00314603,0.000625578,11.2,0.00667921,0.001071873,-0.004111063,-0.014821945,15.834
0.001250838,0.000159775,0.001711081,0.007723873,0.006892834,0.005954189,0.006792787,0.007413152,0.004901493,-0.002221443,0.007773884,0.013350669,0.004833806,0.010993746,0.00356215,0.007449047,0.010000278,0.005098802,0.5833,-57,0.003292777,-0.000906146,0.00050539,-0.1,0.2,-0.101849204,0.027889425,-0.03509132,-0.042888823,-0.029203031,0.001525765,0.000443405,-0.001013638,0.001570167,-0.001461348,-0.000770065,0.000451264,-0.002767274,0.000733259,0.000236565,0.000160138,0.00029397,0.000247555,0.000557,40.2,0,41,7.520776415,5.147494477,5.814130532,6.763884909,6.159095388,7.583756301,5.231108617,5.860786223,6.816735881,6.244166901,0.002956898,0.019696509,0.024496043,0.008272586,0.009144121,0,0.01179752,0.005026886,0.004293958,0.003331037,-0.092507597,-0.090854163,0.006100205,0.004625719,-0.002351978,6.7344E-05,0.009526058,0.005401093,0.003633176,-0.042192183,0.01,-0.01,0.05,0.02,0,-0.05,-0.07,-0.04,-0.17,0.02,-0.08,-0.02,0.23,2.06,3.07,4.49,5.26,0.005589554,0.004589565,0.004126285,0.022639615,0.025975486,-0.006183932,-0.00675222,-0.003035757,-0.029267252,-0.05023646,0.018188732,-0.002158623,0.000832293,-0.009516458,0.001960925,-0.001992416,0.001741402,-0.00137224,-0.003228661,-0.001152704,-0.0022321,-0.001833764,-0.0005098,-0.003599549,-0.001506081,0.001167484,0.001029321,-3.53771E-06,-9.4,0.003811473,0.000757555,-0.008456414,0.036362689,15.9247
0.003646661,0.003767271,0.005332614,0.023207083,0.017568353,-0.004955858,-0.007277623,-0.008036909,-0.010828408,-0.00913137,-0.011434285,-0.002468389,-0.001852954,0.003931738,-0.002875807,-0.00158202,-0.095956633,0.021830076,-0.0984,-22,-0.018485883,0.001600529,-0.000642611,0.2,-0.3,0.083810383,-0.000821355,0.020116497,-0.044811022,0.066187215,-0.053374461,0.002503837,0.002991878,0.010340547,0.007140285,0.000560106,0.000901917,0,0.002406806,0.003070264,0.001759828,0.003354488,0.000494927,0.001761788,40.2,0.1,40.9,7.599901959,5.129898715,5.937536205,6.821107472,6.278521424,7.63336965,5.332718793,5.929589143,6.855408799,6.280395839,0.025391434,0.055226025,0.074467017,0.016300569,0.007996966,-0.03,-0.006137309,-0.000562452,0.003726902,-0.00693099,0.04284731,0.040714067,-0.003838368,0.004497564,0.002420951,0.000165251,-0.017095338,-0.022566158,0.045541757,-0.06804002,-0.01,0,0.01,0,-0.05,-0.28,-0.25,-0.17,-0.16,0.03,-0.06,-0.01,0.19,1.79,2.83,4.33,5.11,0.018052264,0.026164975,0.016799668,-0.022310992,-0.000977995,0.003425364,0.002688174,-0.004401727,0.0017662,0.042897112,-0.046854195,-4.59021E-06,0.002494804,-0.004994155,-0.000347253,-0.002621223,-0.001741402,0.001356317,-4.56572E-06,-0.00282693,-4.90553E-06,-0.000697826,-0.000640603,-0.000818103,-0.000670197,-0.001766243,-0.005222216,-3.52444E-06,1.4,0.000629231,-0.004040708,0.005109807,-0.009360486,17.733
0.003935565,0.004208902,-0.000262532,-0.01071094,-0.010786496,0.004488563,0.004918076,0.005328362,0.006733329,0.000730421,0.009103243,0.002286702,0.003915069,0.000516643,0.006543006,0.003993524,0.019663876,-0.004983777,0.3193,249,0.046117504,-0.000639904,0.001638203,-0.2,-0.2,0.05280902,-0.014067257,-0.109257323,-0.132351451,-0.094050258,0.018109876,0.001934649,0.002020203,0.004840749,0.002030752,0.001957906,0.002925624,0.000369413,0.001917634,0.00121762,0.002997014,0.001390511,0.001483313,0.001203648,39.8,-0.1,40.7,7.602401336,5.192956851,5.976350909,6.872128101,6.139884552,7.635303886,5.298317367,5.940171253,6.858565035,6.28785856,-0.004833158,-0.04023672,-0.079100116,0.00854877,0.006646102,0.02,-0.002653416,0.000791741,0.005048826,0.003276162,0.03467214,0.034986657,0.000302254,0.00622617,-0.002369867,-0.000217778,0.008310714,0.016694359,0.003789637,-0.037533316,0,0.03,0,0.1,0.24,0.6,0.52,0.4,0.35,0.06,-0.06,0.09,0.43,2.39,3.35,4.73,5.46,0.011342316,0.014836952,-0.007950189,-0.012675139,0.010035282,0.004076931,0.00533326,0.007863726,0.003603178,-0.058424596,-0.013507424,-0.000538046,-0.000835052,-0.006860407,-1.79899E-05,-0.003264348,-7.58781E-07,-0.00046162,-0.001068942,-0.001689982,-0.001108028,0.000164168,0.00038603,-0.00420626,0.001618339,-0.000587364,0.00156345,0.000619736,-1.6,0.000724002,-0.00521826,0.006332739,-0.024104982,15.7881
0.005675943,0.006624797,0.005930075,0.002780784,0.017240607,0.007921729,0.006789415,0.005916271,0.004387788,-0.007790292,0.009040857,0.010540636,0.009409731,0.011222242,0.008665408,0.00784079,0.01465417,0.002953386,0.6071,31,0.001503188,0.001463008,0.001239497,0,0.2,-0.020716714,-0.009208939,0.043470789,0.111857376,-0.003329637,-0.035214392,0.002257432,0.003616972,0.008846212,0.00678752,0.001884357,0.002917089,0.000184655,0.001986804,0.001529742,0.000831895,0.001288985,0.002220852,0,40.2,0.1,41.1,7.591357047,5.192956851,5.886104031,6.775366091,6.336825731,7.673223121,5.308267697,5.913503006,6.929516771,6.320768294,0.007815156,-0.001250537,0.034602509,0.007268183,0.006124834,-0.01,-0.002555188,0.005712809,0.008127792,-0.002054086,-0.03591629,-0.03659486,0.003730327,-0.005695905,2.42081E-05,-0.000643404,-0.027352408,-0.024233478,0.062094013,-0.073536225,0,0.1,0.08,0.22,0.35,0.46,0.37,0.31,0.29,0.16,0.02,0.31,0.78,2.85,3.72,5.04,5.75,0.016825803,-0.010074481,0.041302668,-0.009528923,0.027125041,0.001302465,0.001915714,-0.000852717,0.008386584,0.095256889,-0.037793843,0.002657721,0.000824722,0.017439436,-0.001636748,0.009771404,0.00087146,-0.000457896,0.003185273,0.006181214,0.003300931,0.001447182,-0.001773108,0.011167319,-0.001222537,-1.36634E-06,-1.08507E-06,-0.001249992,-4,0.005426984,0.01949011,0.005049161,-0.009922449,18.076
0.001199691,0.001524098,-0.00484615,-0.000930276,-0.012638947,-0.008236518,-0.009121766,-0.011397554,-0.014735892,-0.023484162,-0.011463846,-0.002135801,-0.007086457,-0.003438806,-0.002075142,-0.007279415,-0.00286387,0.001881205,-0.5523,-236,-0.032462105,0.002682287,0.002316331,0,0.7,-0.017037449,0.003777549,0.008663619,-0.015456258,0.026331746,0.037365701,0.000622367,0.00018279,0.000191443,0.002012941,-0.000697496,0.000671968,-0.002958582,0.000709917,0.001449134,0.000990292,0.001479619,0.000123236,-0.000601643,39.9,0,40.8,7.510977752,5.099866428,5.746203191,6.777646594,6.159095388,7.61085279,5.332718793,5.857933154,6.836259277,6.276643489,0.009632314,0.010580048,0.00683946,0.008682151,0.010178408,0.02,0.006053916,-0.012004656,-0.003345846,0.00403201,-0.019293276,-0.020169732,0.009191825,-0.006692556,-7.76983E-05,2.601E-06,0.026822868,0.026646397,-0.027107891,-0.014342501,0.03,0.23,0.25,0.29,0.34,0.08,0.01,-0.03,0.03,0.36,0.24,0.57,1.09,2.9,3.7,4.98,5.75,-0.015551407,-0.026518798,-0.024929369,0.023189284,-0.015420337,-0.008119124,-0.011256408,-0.007833323,-0.022191223,-0.15109356,0.029697234,-0.00054731,-6.15731E-06,-0.003802805,0.00128527,-0.003283253,-0.001745201,0.001342935,-0.000546115,-0.001704093,-0.000566517,-0.000377763,0.000859615,-0.004000388,0.000594304,-1.36316E-06,-0.002603218,0.001240687,5.4,-0.012993304,-0.023987516,-0.004866372,0.01393242,15.0452
0.003364576,0.004861563,0.007769764,0.001475759,0.011337013,0.007641913,0.008042493,0.008043224,0.003008009,0.005130638,0.002250384,0.021182801,0.007100789,0.005938906,0.010903899,0.009075179,-0.024897518,0.011351886,0.6813,510,0.07030286,0.001572072,0.002741006,-0.1,-1.7,0.05204012,-0.001257598,-0.070134554,-0.037291112,-0.094173847,-0.017341475,0.000341378,0.000685166,0.006867635,0.002152236,-0.000139558,0.000335815,-0.000926355,0.000272911,-0.000352299,0.000724414,-0.001247247,-0.001850139,0.000231444,40.1,0,40.8,7.60190196,5.214935758,5.860786223,6.80682936,6.333279628,7.655390645,5.288267031,5.894402834,6.893656355,6.336825731,-0.02627941,-0.00226353,0.084265185,0.013405797,0.009706409,0,-0.00739814,0.001819702,0.001116526,0.00034762,0.036348804,0.03669146,0.00292974,-0.008657779,-0.0020576,-0.000313473,-0.024042863,-0.026243189,0.056836893,-0.05870287,0.23,0.12,0.06,0.06,-0.02,-0.24,-0.23,-0.19,-0.16,0.25,0.07,0.4,0.84,2.43,3.24,4.56,5.36,-0.013114494,-0.004087363,0.000488761,0.008660892,-0.026341858,-0.001348618,-1.74275E-06,0.001388197,-0.006827499,0.125612756,0.033422519,-0.002654346,-0.004129844,-0.010474287,-0.000658298,-0.006467898,-3.05105E-06,-0.001356088,-0.003176565,-0.003356019,-0.003291581,-0.001888198,-0.00270458,-0.007069097,5.37482E-05,-1.35998E-06,0.002083063,-0.001865478,1.1,0.000499627,0.015820651,-0.00135319,-0.003443313,15.6685
0.003860937,0.002460963,0.003603078,0.00864585,0.001342691,0.000755388,0.001872228,0.002610233,0.004770642,0.007774493,0.003683671,-0.004063098,-0.000725687,0.007191387,0.005917327,0.004645543,-0.028147711,0.008803979,0.3328,-315,-0.030588813,-0.000867044,0.000121807,-0.1,0,-0.058410762,0.072398698,-0.02498395,-0.025379995,-0.024692613,-0.006581377,0.000879461,0.002007117,0.004173787,0.003719604,0.001046208,0.003128844,-0.002412546,0.000654682,0.000782718,0.001605972,0,0.000740467,0.000925241,40.1,-0.1,40.8,7.61283103,5.308267697,5.902633333,6.821107472,6.289715571,7.628517627,5.192956851,5.950642553,6.864847778,6.280395839,0.036875058,-0.005426343,-0.105306131,0.001525702,0.008365053,0,0.010766624,0.001998406,0.003672712,-0.006019778,-0.043134151,-0.042115987,-0.004615525,0.007583628,0.001966289,-5.5644E-05,-0.015409524,-0.02278531,0.043523169,-0.049707651,0.17,0.14,0.15,0.06,-0.08,-0.22,-0.22,-0.17,-0.16,0.22,0.05,0.29,0.59,2.04,2.85,4.22,5.03,0.002915025,0.013639294,0.006795016,-0.012827337,-0.0074378,0.004044037,0.003301857,0.005531574,0.003715939,0.03147588,-0.03852891,-0.00052952,-0.004150395,0.001842933,-1.03524E-05,0.000644113,-0.00087987,-5.01825E-06,0.000527287,-3.11057E-07,-2.99259E-07,-0.000438524,-0.001862586,0.000922702,-0.000602823,0.001742323,0.000520155,0.004329965,-0.8,0.001859851,0.010185077,0.003023209,0.000695727,16.5927
0.001272414,0.001676234,0.006226698,0.004092644,0.017379148,0.000866748,-0.000229165,0.001088041,-0.000360672,-0.006274954,0.001757996,0.002762811,0.002266851,0.003232018,0.001896455,-0.000240276,0.033397034,-0.030618436,-0.0577,123,0.019116348,-0.001010241,-0.000616355,0,0.6,0.036179657,-0.118758931,0.022238582,0.002484473,0.037107788,-0.010324575,0.001189074,0.000592242,0.002080379,0.00370582,-0.000976426,-0.000669643,-0.001487542,0.00130808,0.002188356,0.002131427,0.002181662,0.001602466,0.000416079,40.1,0.1,40.8,7.552237288,5.056245805,5.843544417,6.81014245,6.206575927,7.621195163,5.298317367,5.948034989,6.836259277,6.267200549,0.003565467,0.022411855,0.076740798,0.007654015,1.15023E-05,-0.01,-0.003685728,0.001310238,0.002311099,0.004601797,0.034464662,0.032878315,-0.001312824,0.00238661,0.003408313,0.000559634,0.026032468,0.025272118,-0.028071255,-0.007555676,0.18,0.16,0.17,0.15,0.1,-0.11,-0.15,-0.19,-0.19,0.2,0.04,0.26,0.51,1.75,2.52,3.85,4.66,-0.005220062,0.00047521,-0.001290821,-0.014720797,-0.01891782,-0.001350429,-0.000662461,-0.007675888,-0.051266946,-0.077120323,0.011721645,0.002637549,0.003305042,0.009220799,0.000309356,0.004527608,0.007877478,-4.99585E-06,0.002629775,0.002225622,0.002183108,0.001429047,0.005448053,0.003100039,3.18605E-05,0.001727178,-1.08281E-06,0.000589675,-1.7,0.000779282,0.008869591,0.004976578,0.009319004,13.8804
0.000897029,0.001167804,0.002126613,0.002114156,0.006666599,0.009452122,0.009076155,0.009260162,0.010178673,0.02176357,0.006022812,0.008107212,0.009908315,0.0132261,0.008907509,0.009912351,0.011579755,0.044280807,0.7082,50,-0.001644425,0.002560908,0.001754895,0.1,0.1,-0.009471838,0.011793105,0.044033328,0.075642892,0.020355457,-0.009683502,0.002630626,0.00213826,-0.003785732,0.006805641,6.97764E-05,0.001227336,-0.001862545,0.002728737,0.001599158,0.00144186,0.001707524,-0.000616029,0.000970179,39.9,0,40.6,7.636269603,5.176149733,5.97126184,6.866933284,6.29710932,7.648263031,5.209486153,5.908082938,6.927557906,6.265301213,0.03128531,-0.017336279,-0.052138386,-7.30022E-05,0.006433645,-0.01,-0.006258555,-0.001067386,-0.000809777,0.00180218,-0.032350587,-0.027299461,-0.001498379,-0.000122252,0.002427802,0.000629986,-0.000402708,0.003636167,0.009044644,-0.034856256,0.15,0.16,0.11,0.13,0.11,-0.01,-0.03,0.01,-0.06,0.21,0,0.24,0.47,1.59,2.34,3.71,4.45,-0.023108008,-0.023960439,-0.011951261,0.007774793,-0.032507793,0.014655351,0.018897491,0.009588056,0.093241927,0.12296231,0.057124265,0.002088643,0.00499376,0.012006854,-1.23588E-05,0.008320292,-0.001765032,-0.00045011,0.001555918,0.004417061,0.002707747,0.002290739,0.002204176,0.01047567,-0.000476744,-0.004057135,0.00155534,-0.006768682,-2.5,-0.002128382,-0.014826575,-0.000884494,-0.011940058,15.1847
-0.002067308,-0.002424716,0.001664554,0.001827944,0.003348736,0.0021535,-0.000847429,-0.00184297,-0.001858744,-0.013894485,0.002373187,-0.004901816,0.005977732,0.003954784,0.00242898,-0.000441268,0.015110124,-0.004927361,-0.1077,-554,-0.062193231,0.002493624,0.003564761,-0.1,0.2,-0.035012887,0.015510867,-0.02699714,-0.035913305,-0.020355457,-0.015843409,0.000475495,-0.000318175,0.008685855,0.001976285,-0.001745871,-0.001115698,-0.002800338,0.000633524,3.89719E-05,0.000632356,0.00019836,0.000616029,0.001660977,39.9,-0.2,40.5,7.485491608,5.099866428,5.736572297,6.73459166,6.146329258,7.639642288,5.313205979,5.837730447,6.854354502,6.371611847,0.018027842,0.036814753,0.072068073,0.012345254,0.011117445,0.01,0.009209897,-0.000254399,-0.000540216,-0.005405084,0.017375751,0.013873332,0.006544619,0.000283377,-0.005111443,0.000403148,0.045262849,0.045564674,-0.068279874,0.021854702,0.17,0.23,0.31,0.27,0.27,0.18,0.09,0.05,-0.01,0.27,0.14,0.34,0.57,1.6,2.26,3.59,4.27,-0.03967575,-0.051506746,-0.038270102,0.028897442,-0.041009143,-0.010065606,-0.012498802,-0.003525729,0.025699858,-0.237190917,-0.067797747,-0.000548982,-6.21889E-06,-0.005700141,-0.001282517,-0.004558143,-1.20984E-05,0.001773028,-2.7326E-05,-0.000599569,-2.94093E-05,-0.000451351,-0.001948476,-0.0059825,0.001724148,0.001153734,-0.002595382,0.003683997,1.1,0.002103075,-0.007250067,-0.005959925,0.001063445,14.05
0.033616918,0.037468746,0.006697174,0.01546836,0.012241895,0.007223336,0.006803984,0.007486516,0.006658776,0.0091,0.005777317,0.009669207,0.007731663,0.004467106,0.008774253,0.006984828,0.008888584,0.024169435,0.4525,412,0.051825505,-0.000695427,-0.000756181,0,-0.3,0.048103983,-0.030825102,-0.011211261,0.012638399,-0.029212211,-0.010703466,0.000950312,0.00036362,0.004501977,0.003659914,-0.001398895,-0.000446628,-0.002995696,0.001067033,0.000934871,0.002280183,-0.000409988,0.002214568,4.60989E-05,40,0.1,40.6,7.621684999,5.272999559,5.942799375,6.844815479,6.267200549,7.641084249,5.247024072,5.97126184,6.852242569,6.317164687,-0.015491474,0.007447849,-0.014588393,0.007023939,0.002367407,-0.02,-0.007681598,-0.001265733,0.002907719,-0.009583193,0.027000663,0.030187021,0.000398642,-0.001639811,-0.000313644,-0.003978116,0.025565651,0.02582304,-0.033993507,0.01197436,0.23,0.18,0.12,0.16,0.17,0.07,0.04,-0.05,-0.05,0.22,0.03,0.27,0.51,1.44,2.07,3.31,3.99,-0.010764481,-0.021229655,-0.008523408,0.03584159,0.018297484,-0.010547594,-0.014788791,-0.01018176,-0.102516905,-0.019890455,0.022572689,-0.004705891,-0.00914626,-0.017848972,0.00126248,-0.009533331,-0.00260605,-0.001782509,-0.005213776,-0.00714908,-0.005408342,-0.003321132,1.74226E-05,-0.011528726,-0.001178728,-0.000578864,-0.002075766,-0.000617823,4.3,-0.001985725,-0.012195579,-0.019151271,0.014478206,13.014
-0.026609212,-0.032722209,-0.002609011,0.003610301,-0.009622067,0.004687537,0.008141048,0.007405092,0.004083863,-0.007521659,0.008022797,0.017601074,0.000251536,0.009945687,-0.001208097,0.007589549,0.001153017,-0.012222633,0.4875,20,0.011434585,-0.000202642,0.000856012,-0.1,0.1,-0.049241856,0.013140794,-0.026308198,-0.05734312,-0.003029387,0.054301831,0.001107557,-0.002138162,0.009314523,-0.003095978,-0.002102019,-0.001229256,-0.003569084,0.001751804,0.001284022,-0.001314855,0.00204826,0.000859898,0.001934237,39.7,0.1,40.7,7.670428522,5.093750201,5.811140993,6.993932975,6.32256524,7.668093709,5.283203729,5.811140993,6.957497371,6.32256524,0.011234257,0.005150376,0.035644545,0.002235137,0.00850882,0.01,-0.007649709,-0.001925294,0.001495529,0.014885523,0.047580139,0.047404802,0.006711998,-0.001441526,-0.004809636,0.003330526,-0.014954366,-0.016134496,0.046713951,-0.029434908,0.12,0.18,0.14,0.18,0.19,0.11,-0.01,-0.11,-0.13,0.28,0.05,0.33,0.58,1.43,1.94,3.08,3.74,0.011617304,0.028122419,-0.004531959,-0.025682161,0.004828753,0.007909927,0.010292325,0.006754949,0.014259781,0.189785783,-0.003642148,-0.000521785,0.010820536,-0.008385934,-1.21329E-05,-0.001281156,0.000863928,-3.13814E-06,-0.001040583,-0.001098599,-0.001079331,0.000783166,-0.001979954,-0.001409263,0.002107048,-0.001152738,0.000516109,0.000607316,-1.6,-0.002416137,-0.026325696,0.011883246,0.023314042,13.512
0.000874784,-0.000271734,0.004204367,0.000320196,0.013087254,0.006704847,0.005975648,0.007382172,0.005158121,0.022560947,-0.000803914,0.010231125,0.00761069,0.00799158,0.009139608,0.008053215,-0.026952342,0.020582556,0.5102,175,0.010349615,0.002260513,0.000997755,0.1,-0.4,0.042354027,0.020246222,0.015660665,0.052622419,-0.012210164,-0.096694364,0.001835691,0.003545942,0.008677245,0.008141539,0.001121626,0.002457004,-0.001129731,0.001496534,0.002446746,0.0024355,0.002393126,0.000368302,0.000413993,39.9,0,40.6,7.699389406,5.298317367,6.100318952,6.903747258,6.336825731,7.656337166,5.283203729,5.908082938,6.902742737,6.317164687,0.016512833,0.008949818,0.005912614,0.008411056,0.007267574,0,0.009188592,0.000326241,-0.002843419,0.000890558,-0.152637465,-0.152230982,-0.005222907,0.002406028,0.011333559,0.000993687,0.015304536,0.01696074,-0.003379074,-0.002076106,0.22,0.15,0.21,0.16,0.17,0.06,-0.05,-0.16,-0.2,0.21,0.04,0.27,0.53,1.27,1.67,2.7,3.32,0.009296747,0.010628527,0.015394581,0.00392907,0.012414456,0.001955734,0.003828437,0.001309666,0.010156822,-0.054054026,0.01418279,0.004688457,-0.006661817,0.023287233,0.001245022,0.008273578,-0.002594782,0.001319916,0.005714702,0.005485771,0.004851903,0.001456439,5.98591E-05,0.011432677,-0.001703084,0.004597709,0.00623135,0.001211322,-1.4,-0.000182986,0.02828521,0.00159489,-0.023056262,11.5626
0.003350046,0.003787902,0.001824889,-0.006844473,0.001665149,-0.001402622,-0.00279652,-0.002749219,-0.004598644,-0.019592564,0.000432034,-0.000599715,0.000344471,-0.005369157,0.000298074,-0.00473821,0.048059425,-0.002069814,-0.508,-14,0.013323586,0.000181968,0.001914326,-0.2,0.4,-0.101769703,-0.007275872,-0.027657986,-0.091610408,0.019465335,0.062933384,0.001036729,0.001360483,0.008420332,0.0039068,-0.000280289,-0.00055788,0.000188377,0.000972447,0.001279243,0.002394666,0.000671419,-0.001105312,-0.000183976,39.8,-0.1,40.4,7.530479995,5.347107531,5.739792912,6.751101469,6.190315406,7.631431665,5.209486153,5.828945618,6.900730664,6.302618976,0.001908636,-0.050775985,-0.056242896,-0.003777912,0.006278864,0.01,-0.00313908,7.60765E-05,-0.00225053,-0.00768289,0.063780377,0.060401603,0.003679251,0.006381264,-0.005192959,-6.5497E-05,-0.003950676,0.002044393,0.028626625,-0.022375092,0.13,0.2,0.2,0.23,0.27,0.4,0.33,0.2,0.24,0.28,0.11,0.37,0.67,1.54,1.87,2.77,3.43,-0.01145239,-0.013686114,0.002950547,0.009073228,-0.019625238,0.001274636,0.000584573,0.001283278,0.053547463,0.10029428,0.000482896,-0.000535021,0.00665489,-0.006607447,-0.000647585,-0.001917887,-0.000866924,0.001746409,-0.000537609,-0.001105787,-1.41788E-05,0.00013198,0.000627702,-0.001318199,0.000541458,-0.003451577,-0.001569312,-0.003656311,-1.5,0.000358644,-0.002407383,0.002670339,-0.009560057,12.8804
0.003445694,0.002954469,0.006201792,0.014993907,0.008959061,0.001501154,0.004470876,0.002642861,-0.000866739,-0.008925883,0.001753912,0.011098384,-0.002281262,0.003536817,-0.005717244,0.003462318,-0.022769558,0.011280132,0.1261,412,0.057896892,0.003598856,0.004256714,0,0.1,0.079329916,-0.016894489,-0.050602242,-0.079106816,-0.031204734,-0.026863642,0.002684485,0.00316728,0.01213893,0.011767285,-0.001332445,-0.000558191,-0.002640515,0.002588579,0.002862671,0.001848881,0.003251971,0.001473478,0.000643767,40,-0.1,40.4,7.630946581,5.257495372,5.799092654,6.944087208,6.21860012,7.673223121,5.308267697,5.916202063,6.932447892,6.313548046,0.02007514,0.043248142,0.033511146,-0.001241715,0.004493044,-0.02,-0.009158627,0.000805612,-0.000901632,0.001155682,0.028409736,0.02675697,-0.001541172,-0.007005572,-0.001220587,-0.00021458,-0.025830803,-0.023706957,0.064340423,-0.042115196,0.16,0.11,0.04,0.05,0.02,-0.17,-0.16,-0.07,-0.01,0.23,-0.01,0.26,0.53,1.21,1.55,2.54,3.26,0.016466946,0.016702202,0.018259084,-0.004315342,0.016232666,-0.003279628,-0.003838554,-0.004021198,-0.019548104,-0.147794583,-0.031308821,-0.00052927,-0.009149701,0.001740795,-0.000951551,0.001886925,0.000864675,-0.002645656,-0.001559854,0.002167647,-0.000548118,-0.000228466,0.000194577,0.001278344,-0.000830127,0.001713464,-0.002070389,0.001215806,-4.9,0.0023943,-0.0077249,-9.86413E-05,-0.009868137,14.0571
0.004664521,0.005250113,-0.000692076,-0.001912732,-0.006142128,0.001328231,0.00441964,0.005761429,0.005776331,0.000740491,0.007372899,0.009291898,-0.002617525,-0.000455063,-0.005405387,0.003308134,-0.00957287,-0.017834607,0.1056,-359,-0.045403993,0.002246913,0.00251005,-0.1,-1,0.024256978,-0.025665126,0.001865324,0.068681005,-0.045129997,0.011688844,0.001287194,0.001624989,0.003774607,0.003846159,0.000420964,0.001562152,-0.001512002,0.001220059,0.001736815,0.002175901,0.001343685,0.00036803,0.001240381,39.9,0,40.4,7.61332498,5.209486153,5.950642553,6.833031733,6.272877007,7.642524134,5.327876169,5.860786223,6.886531643,6.308098442,-0.005233753,0.056465646,0.181116327,0.022550029,0.001000245,0.01,0.014809361,0.00047526,0.003182135,-0.004124838,-0.01810538,-0.016553966,-0.002889226,-0.005157072,-0.003481139,-0.00055746,0.011824051,0.008330406,-0.000853982,0.004277337,0.21,0.13,0.06,0.03,0.01,-0.15,-0.2,-0.18,-0.04,0.15,-0.16,0.08,0.33,0.85,1.14,2.15,3.01,0.014001607,0.018072282,-0.005599929,-0.021429391,0.01573445,-0.005195231,-0.007590142,-0.008610821,-0.060346395,-0.038767107,-0.033514683,-0.003618777,0.004991691,-0.015919739,0.000301077,-0.007580953,0.002600029,-0.000441565,-0.003606523,-0.005443967,-0.003744606,-0.002159739,0.002667897,-0.010495694,-0.000278356,-0.000577792,-0.002580379,0.003027911,-0.8,-0.001475766,-0.001347557,-0.001873671,0.022609097,13.179
0.002771339,0.003140712,0.008752887,0.009425157,0.027933196,0.003876129,0.004613835,0.006409706,0.008834892,0.005411642,0.009898571,-0.002222476,0.002929544,0.001034231,-0.003048046,0.001292943,0.037832814,0.013952734,-0.0591,138,0.026910028,-0.000154104,0.000741204,-0.1,-0.7,-0.035104288,0.056635343,-0.109385668,-0.105845835,-0.11202914,-0.003829955,0.001845577,0.000586153,0.006616028,0.005332617,-0.002036303,-0.001673827,-0.002651517,0.002095742,0.001541307,0.001581083,0.002100394,0.002082951,-0.00082675,39.9,0,40.4,7.634337236,5.267858159,5.826000107,6.944087208,6.210600077,7.686162303,5.370638028,5.872117789,6.96979067,6.298949247,0.008123176,0.016325657,-0.045254439,0.02761772,-5.24958E-05,-0.01,0.003967315,0.002337142,0.004485788,0.007983231,-0.003106691,-0.005328255,-0.003866065,0.008090349,0.006091997,0.000515671,0.020139053,0.02094091,-0.015612671,0.011157054,0.04,0.15,0.13,0.05,0.03,-0.08,-0.14,-0.19,-0.15,0.26,-0.07,0.09,0.32,0.73,0.96,1.92,2.82,0.018051094,0.039704051,0.019988359,-0.020797788,-0.012261243,0.00194742,0.004428584,0.007951859,0.012776657,0.183795724,0.041920385,0.001032791,-0.004178861,0.011807864,-0.000321426,0.002524854,-0.002599279,-0.000875654,0.002059732,0.000543331,0.000534331,8.08253E-05,-0.005781004,0.004894609,-0.000406939,-0.000573861,0.004642768,-0.003638939,9.1,0.005034396,-0.001276368,0.005968133,-0.028656386,11.2418
0.000825022,0.002205999,0.007682913,-0.000657684,0.007466287,-0.003106322,-0.002980927,-0.003913949,-0.003831052,-0.019004862,0.000890671,-0.0053018,-0.003262845,-0.00572897,0.004560033,-0.003427002,0.013583128,-0.011341762,-0.4301,297,0.048619716,0.001299093,0.002199197,0,-0.3,-0.034822726,0.002960459,0.018129874,0.036228938,0.003629768,-0.004152894,0.002765717,0.000901104,-0.00071314,0.002723684,-7.02914E-05,-0.000223389,0.000189627,0.003135401,0.002422752,0.001855883,0.002474239,0.002444989,0.004309956,39.9,0,40.5,7.62754439,5.278114659,5.897153868,6.893656355,6.230481448,7.697575347,5.323009979,5.916202063,6.951772164,6.366470448,-0.000674953,-0.075915117,-0.087462766,0.006858338,-0.004559616,-0.02,-0.017481789,-0.000147543,-0.001343625,-0.003572133,0.03176958,0.030716099,0.008174017,0.004015178,-0.001104602,0.00013447,0.01649044,0.014874498,-0.013473056,0.003835235,0.22,0.19,0.25,0.29,0.28,0.21,0.18,0.1,0.09,0.23,-0.04,0.16,0.38,0.72,0.92,1.8,2.69,0.00922356,0.02186733,0.029056764,-0.037556258,-0.01404757,0.007122076,0.008193783,0.004595837,0.073899378,-0.078910667,0.008350064,0.005659641,0.000823153,0.019276334,0.000916472,0.010708363,-0.00260605,0.00261248,0.005638535,0.008119124,0.006393202,0.00365016,0.00026271,0.012834871,0.001250042,0.000564786,0.001016622,0.001207364,0.5,0.000396986,-0.003663093,-0.009096259,0.019612326,10.489
0.001480794,-0.000391186,-0.003671319,0.002459308,-0.00947704,0.002719184,0.005115783,0.00607637,0.004131202,0.027993614,-0.003362271,0.011985938,-0.000317328,0.01289982,-0.014444688,0.00458121,-0.009428772,-0.014204019,0.1976,-246,-0.028648914,0.002319434,0.002868595,-0.1,0.8,0.000778513,-0.027398974,0.04783694,0.083493962,0.019376279,-0.027026561,0.001458052,0.001035267,0.007639728,0.005560467,-0.001618066,-0.000446927,-0.003609084,0.001541759,0.00122836,0.001714064,0.001049212,0.002926118,0.000274474,39.9,0.1,40.5,7.647308832,5.308267697,5.948034989,6.831953566,6.368187186,7.704811923,5.332718793,5.857933154,7.006695227,6.324358962,0.040397505,0.053105833,0.077614861,0.016799832,0.0035452,0,0.015221715,0.000159588,-0.001106112,-0.000244251,-0.058301823,-0.053248032,-0.008457427,-0.002824969,-0.001271023,-9.7507E-05,0.001659507,0.005345472,0.012110606,-0.0115946,0.24,0.2,0.22,0.24,0.23,0.14,0.08,0.03,0.01,0.19,-0.06,0.16,0.37,0.62,0.76,1.59,2.46,-0.018208971,-0.024713857,-0.012104749,0.024654996,-0.015326602,0.001230044,0.001787852,-0.002018393,-0.012476174,0.059029974,0.006113483,-3.79094E-05,0.007548586,0.004063756,-0.003710675,0.001758806,0.000860121,-0.001313345,0.00046357,0.000469227,0.000486952,-0.000224426,-2.89802E-06,0.001472078,-0.000915697,-5.15358E-06,-0.004623955,0.00180232,-7.4,-0.001272131,0.017055917,0.001841074,-0.010572814,11.9852
-0.003111688,-0.002646907,-0.003521513,-0.004836639,0.001888652,-0.018813094,-0.003098496,-0.006582451,0.002010186,0.021186137,-0.004172762,-0.029338502,-0.039175209,0.012798595,-0.068373025,-0.01004118,0.021213714,-0.035602277,-0.9371,164,0.006442262,0.001167706,-0.000231713,0.1,-0.5,0.072411147,-0.004349724,-0.012534438,-0.05579136,0.02248865,0.192431273,0.000490498,-8.99807E-05,0.009512138,0.002836115,-0.00197336,-0.001901673,-0.002095438,0.000605359,-0.000575606,0.000743578,-0.001310057,0.000973473,-0.000823648,40.1,0,40.7,7.673688129,5.278114659,5.926926026,6.915723449,6.349138991,7.724446646,5.361292166,5.874930731,6.980075941,6.428105273,0.032517856,-0.005293865,-0.087342411,0.009774828,0.005967426,-0.01,-0.006921499,0.00012673,-0.008531142,0.003578845,0.048131015,0.047377237,-0.001239261,-0.007380375,-0.002842973,-0.000614288,0.001346835,0.00129997,0.01261346,-0.019167773,0.12,0.1,-0.02,0.01,-0.02,-0.11,-0.06,0.04,0.07,0.17,-0.2,0.05,0.23,0.39,0.58,1.51,2.41,-0.005346025,0.003320161,0.005702182,0.00666521,-0.022335101,0.007516191,0.01028297,0.019882625,0.058656447,-0.092293249,-0.006593778,0.007536434,-0.007545773,0.031293374,0.003078725,0.015648188,0.006093396,0.002158389,0.007981667,0.012041844,0.007259909,0.005562471,0.004207759,0.015553057,0.002205302,-0.002267575,0.001538593,-0.006022651,-12.2,0.001835597,0.003402203,0.002270857,0.001346485,11.959
0.007369904,0.009285825,0.00306572,-0.000117654,0.000409852,0.012523916,0.0123966,0.013636765,-2.38544E-05,0.009629591,-0.003191106,0.052796725,0.01271527,0.010778655,0.019019295,0.014934881,-0.013018419,-0.015389056,1.0114,40,0.012893723,0.00031338,0.001031764,0,0,-0.01605288,0.00087146,-0.01789668,-0.025831695,-0.011884097,-0.083182838,0.000638774,0.002965095,0.008553775,0.006050439,0.001198576,0.003018617,-0.001908762,0.000177977,0.000230282,0.00152002,-0.000547995,0.004490026,-0.000732701,40.3,0.1,41,7.632885505,5.141663557,5.826000107,6.943122423,6.251903883,7.682482447,5.298317367,5.888877958,6.962243464,6.315358002,-0.014839623,0.031488666,0.060146886,0.014022944,0.006514701,0,-0.00145227,6.42727E-05,0.003703764,-0.000103539,-0.043883464,-0.043473847,0.008341138,0.001132403,0.000683499,-0.00084773,-0.028092571,-0.034302116,0.070614617,-0.038178456,0.16,0.26,0.29,0.32,0.33,0.32,0.26,0.22,0.27,0.27,-0.07,0.21,0.4,0.55,0.68,1.57,2.52,0.01536114,0.016359803,0.032115662,-0.023128568,-0.000254766,-0.005219918,-0.007004811,0.006152972,-0.038494109,-0.059226533,0.04939068,-0.012166644,0.002512912,-0.074197211,0.001519256,-0.034737817,-0.003481292,0.002988845,-0.013614762,-0.021153892,-0.013100562,-0.008043925,-0.001636689,-0.037365226,0.001010584,0.003955925,0.001533869,0.008417822,-2.7,-0.000397928,-0.003088571,-0.000547095,-0.001303802,14.5823
0.008366589,0.009040697,0.003467485,0.013642471,0.009337347,0.010114954,0.002765946,0.002205128,-0.001668572,-0.013965181,0.002358474,0.012285423,0.019715474,0.00109379,0.02668303,0.007786929,-0.047897457,0.057680417,0.4658,-57,-0.016104481,0.000426573,-0.000343803,0,-0.4,0.037535984,-0.006116227,-0.002410608,0.042092215,-0.037253592,-0.104509089,0.002499176,0.002911601,0.010891282,0.008542497,-0.000352373,-0.000334952,-0.00038219,0.002417349,0.001495542,0.002447897,0.00081536,0.002901707,0.001373375,40.5,0,40.9,7.671826798,5.288267031,5.966146739,6.910750788,6.320768294,7.704361168,5.361292166,5.883322388,6.97634807,6.354370041,-0.013973509,0.050109429,0.181011792,0.030955108,0.007396408,0.01,0.001234523,-0.002718841,0.007515793,-0.004373176,0.028118075,0.030378811,-0.005424307,-0.000252971,-0.001210788,-0.000650446,0.037389148,0.030169041,-0.046958657,0.036094372,0.22,0.18,0.17,0.16,0.15,0.12,0.08,0.07,0.09,0.23,-0.12,0.15,0.33,0.45,0.54,1.42,2.39,0.016985504,0.017699577,0.030727998,-0.017257571,0.0034762,-0.021926709,-0.027786614,-0.044327009,-0.073317975,-0.017448413,-0.021480093,-0.006543174,0.002519245,-0.025434833,0.000584687,-0.011116442,-0.000869187,-0.002611826,-0.007507908,-0.007892975,-0.006247846,-0.003649578,7.98431E-05,-0.012050947,-0.001468563,-0.003955925,-0.003582528,-0.006608974,7.4,-0.004189559,-0.006941918,-0.00158566,-0.011555297,11.6061
0.005424926,0.006563971,0.003466283,0.005737118,0.000230305,0.006136927,0.003613858,0.002859416,0.007052291,-0.01021481,0.012593859,-0.00731619,0.009409675,0.004340098,0.009267529,0.001775085,0.051539165,-0.007508519,0.0004,-156,0.000560057,-0.000233259,0.001773877,-0.1,0,-0.086914773,-0.014566578,-0.023195343,-0.0392924,-0.01027155,-0.002682871,0.001147379,0.000849485,0.00634161,0.001195457,0.000422833,0.001116072,-0.000764818,0.001206487,0.000574614,0.00141085,0.000260775,0.000724113,0.000914537,40.1,0,40.8,7.597897951,5.117993812,5.676753802,7.006695227,6.06610809,7.659171368,5.33753808,5.783825182,6.971668605,6.255750042,0.00565079,-0.001108319,-0.028918314,0.022623565,0.01028553,0,-0.000872347,0.001524829,0.004019119,-0.003403012,0.017848376,0.01351286,0.005156185,0.002407216,0.001096179,-0.000393734,0.019765071,0.020629325,-0.015209795,0.012691768,0.16,0.14,0.01,0.03,0.02,-0.06,-0.07,-0.05,-0.07,0.21,-0.27,0.02,0.19,0.23,0.31,1.21,2.16,-0.008886039,-0.004357305,7.09111E-05,0.006263128,-0.017072544,0.016933373,0.021166066,0.01177539,-0.025112034,0.086679353,0.027965368,0.005035257,-0.00672553,0.038095158,-0.003971179,0.016515751,0.000869187,-0.003854299,0.005506645,0.006830629,0.004686016,0.002149108,-0.000135058,0.017717036,-0.002846053,0.001127396,0.004599012,0.000599341,9.9,0.003486044,-0.014698154,0.005330241,0.0259485,10.9238
0.012087391,0.009169561,0.005139465,0.005240613,0.028171277,0.001167272,-0.000430001,-0.001856681,-0.007563057,0.012263351,-0.013913992,0.018192751,0.003238151,0.007636244,0.018753271,0.007903809,-0.123313891,0.009180701,0.4914,234,0.050118696,0.00122567,0.002784173,-0.2,-0.6,-0.023852548,-0.024759311,-0.067699819,0.024851716,-0.147535441,-0.067492733,0.002084119,0.00405861,0.009691481,0.008986449,0.001197057,0.001894468,0,0.00169195,0.001912997,0.00415216,0.000690725,0.002169198,-0.00146366,40.5,0,41,7.728855824,5.411646052,5.913503006,7.044032897,6.278521424,7.701652363,5.351858133,5.857933154,6.993932975,6.329720906,0.021552937,-0.05464046,-0.120760086,0.005735825,0.006661134,-0.01,0.005154076,0.00234147,0.000297071,0.014360146,0.02229499,0.02527672,-0.001010854,-0.004450303,0.01547545,0.000134635,0.013114168,0.014185914,-0.008079571,-0.006660161,0.13,0.11,0.35,0.13,0.1,-0.04,-0.05,-0.08,-0.08,0.19,-0.05,0.02,0.16,0.06,0.13,1,1.95,-0.015367628,-0.021684424,-0.025528565,0.01297537,-0.003708979,-3.17999E-05,-0.000652212,0.014263418,0.044286548,0.078206597,-0.035290234,0.006039274,0.007572585,0.021436966,-0.000305659,0.010487235,0,0.003828249,0.007013804,0.009491223,0.00677235,0.004848673,9.78276E-05,0.012441593,0.003141394,0.00112359,-0.00306618,0.001198322,-0.3,0.00126105,0.005269999,-0.012848036,-0.004817795,11.7115
0.00444359,0.006131001,0.002827251,0.002367382,-0.007373246,0.000122687,-0.002350162,-0.002256847,-0.005414019,-0.017992588,-0.001349322,0.003936342,0.003282946,0.001392303,-0.008765254,-0.003105738,0.009106203,0.008987017,-0.3721,-69,-0.019767881,0.002838579,0.002142307,0.1,0.9,0.019593103,-0.049519692,0.114743669,0.082836006,0.143100844,-0.017050711,0.002300784,0.00302209,0.009766031,0.008254223,-7.03755E-05,0.000445236,-0.000956846,0.002157288,0.001298751,0.00246255,0.00063817,0.003004991,0.001417953,40.4,0,41.1,7.658699558,5.241747015,5.796057751,6.940222469,6.342121419,7.669028289,5.323009979,5.869296913,6.937314081,6.313548046,-0.021809934,0.048415625,0.01881389,0.01970608,0.003372018,0.01,-0.005151106,-0.002739096,0.003113928,-0.003129591,-0.093507549,-0.093107072,-0.00297897,0.0028651,-0.016755375,-0.000497479,-0.001627938,-0.002274483,0.017738018,-0.015544562,0.2,0.15,0.19,0.21,0.23,0.22,0.15,0.06,0.03,0.14,-0.06,0.03,0.19,0.08,0.08,0.86,1.78,0.008510389,0.021607811,0.020434676,-0.011715996,-0.007198331,-0.016901573,-0.02294991,-0.018577675,-0.091146446,-0.158457691,0.009041982,-0.005537643,-0.01182085,-0.019699015,0.003628295,-0.011089887,-0.000869944,-0.002984783,-0.006511418,-0.0089556,-0.00625002,-0.004361761,-0.001447164,-0.013753437,-0.001666405,-0.00168903,0.00101807,-0.001198322,-4.5,-0.004452368,-0.0137984,-0.007766112,-0.000491708,11.8673
0.002552353,0.002506094,0.001816356,0.001684562,0.002699999,0.001957991,0.003993015,0.005101902,0.005291821,0.008473053,0.00428575,0.008554153,-0.000587691,0.001118694,-0.005346613,-0.000566406,0.074921703,-0.034150323,-0.1658,264,0.046653133,0.001141136,0.00197773,-0.1,-0.7,0.031324181,-0.043559615,-0.070368523,-0.116110794,-0.030841106,0.037135069,0.002185262,0.001640544,0.010169297,0.003256695,0.000351828,0.001556767,-0.001724634,0.00229364,0.001640126,0.003154819,0.001736625,0.001918466,0.001142048,40.4,-0.1,41.1,7.585281079,5.129898715,5.690359454,6.924612396,6.188264123,7.658227526,5.351858133,5.777652323,6.975413927,6.242223265,0.01401956,0.034609681,0.09526782,0.028622013,0.009736527,0,0.003981149,-0.001493735,0.000621624,-0.006777009,0.012065879,0.007745937,0.000442367,0.000603752,0.004068819,0.000135919,0.013297789,0.012330257,-0.008698587,-0.004624252,0.1,0.16,0.08,0.1,0.09,0.15,0.15,0.18,0.14,0.2,-0.08,0.03,0.18,0.13,0.13,0.94,1.82,-0.000714855,-0.000153245,-0.004956242,-0.002176279,0.007284743,0.015051904,0.021195552,0.004319278,0.046988295,0.081451437,-0.047728905,0.001001753,0.020269738,0.000553794,-0.00062448,0.003073709,-7.57461E-07,0.000843149,0.001995013,0.001575768,0.001556421,0.001198576,-0.000717325,0.005729269,-1.71275E-05,0.000561009,-0.001019108,0.001196888,2.2,-0.000538414,0.029709369,0.022121668,-0.008073548,11.1908
0.000373432,0.000833971,0.001504008,-0.009494337,0.004930678,0.004052043,0.004926271,0.00735568,0.003601215,-0.00132456,0.005186737,0.017459978,0.002966802,0.00353741,-0.001026794,0.004970195,-0.01441183,-0.00146047,0.2734,187,0.021980973,0.000450788,0.000139129,0,-0.4,0.002253945,0.069092917,-0.008463868,-0.040273899,0.016667052,0.006112186,0.001233997,0.002610448,0.016450445,0.004800528,0.000843882,0.002219757,-0.001535509,0.000960001,-0.00034306,0.002312887,-0.002570236,0.002512414,0.000730227,40.6,-0.1,41.3,7.50714108,5.192956851,5.831882477,6.771935556,6.056784013,7.599901959,5.214935758,5.645446898,6.924612396,6.242223265,-0.005767542,-0.058498857,-0.091068975,0.014813359,0.0062005,0.01,-0.004702633,0.003361224,0.000502936,-0.000423939,0.089196863,0.090329235,0.005505161,-0.000413283,-0.000883129,-3.1203E-05,0.006494855,0.006907611,0.005234892,-0.014703875,0.2,0.15,0.09,0.1,0.13,0.18,0.27,0.31,0.27,0.15,-0.19,-0.07,0.11,0.11,0.2,1.05,1.89,-0.013336273,-0.017001955,-0.001777704,0.013552966,-0.011471404,0.004353995,0.004795721,0.009864062,0.056442532,0.082113273,0.141750855,0.003491632,-0.00678584,0.022805402,-0.0006167,0.008567606,0.001741402,-6.43638E-06,0.003966256,0.005235338,0.003614222,0.002555263,0.003097639,0.008434402,0.000419701,0.001119189,0.001523745,0.000595762,-1.5,0.003879136,-0.004132554,-0.006310607,0.021467831,11.1636
-0.000542447,-0.001246632,0.001906091,0.008185233,-0.002013648,-0.001036083,-0.002843638,-0.002212944,-0.002762956,-0.006864816,-0.001449105,-0.001443591,0.001258363,-0.004810361,-0.000346192,-0.004092307,0.004217792,0.04528507,-0.4421,-291,-0.028506809,0.001245239,0.002278966,-0.1,0.4,-0.046073408,0.021704847,-0.021478489,-0.053252159,0.001501502,0.091680412,0.000227535,-0.001503494,0.002281618,-0.001684047,-0.001618066,-0.00033265,-0.003849119,0.00057204,-0.000266906,0.001748119,-0.001982614,0.000836071,0.000319307,40.3,0.1,41.2,7.571473649,5.262690189,5.66296048,6.860663671,6.228511004,7.552237288,5.117993812,5.66296048,6.859614904,6.208590026,0.029754597,0.004477342,0.009251096,0.009195202,0.010972666,0,0.00549119,-0.004495564,-0.002013265,0.000431444,-0.028796567,-0.026312775,0.001535569,0.000130308,-0.002042096,5.5904E-05,-0.009382133,-0.014694064,0.033450041,-0.026129835,0.15,0.11,0.12,0.1,0.1,0.1,0.12,0.11,0.07,0.11,-0.22,-0.12,0.06,0.06,0.17,1.01,1.81,-0.039576492,-0.051170235,-0.046678054,0.055394038,-0.030258286,-0.008127585,-0.010263053,-0.000692776,-0.010039644,-0.084733058,-0.003235231,-0.002009939,-0.001684145,-0.01562371,-1.29239E-05,-0.006140511,-0.001741402,0.000414206,-0.002500203,-0.003153123,-0.002081042,-0.001779111,-0.001308163,-0.007475892,0.00010691,0.001669559,0.006056502,-0.000599333,-8.3,-0.004056072,-0.024927405,-0.001751353,-0.011610736,13.4881
0.002257417,0.002079908,0.000372275,-0.002756897,0.003288634,0.003876113,0.004192851,0.006057745,0.005097603,0.006697087,0.004602122,0.008547903,0.003484002,0.001819344,0.002200665,0.003577439,0.018944736,0.024282832,0.1576,-40,-0.00759959,0.001884778,0.001830524,0,-0.5,0.060971262,-0.053001853,-0.079500085,0.013326696,-0.152027404,-0.085441679,0.000579614,4.42527E-05,0.009719824,-0.001816767,0.000703829,0.001219174,-0.000192845,0.000686016,0.000686185,0.000983034,0.000482972,-0.001672841,-0.000182448,40.6,0,41.2,7.496652438,5.111987788,5.66296048,6.80461452,6.100318952,7.532088144,5.147494477,5.655991811,6.834108739,6.173786104,-0.008733938,0.023448094,-0.007916236,0.016223447,0.008935659,0.01,-0.013752626,0.00457744,0.003077472,-0.002064129,-0.025675147,-0.029277489,-0.002614952,0.001595494,-0.008575987,-0.001444862,-0.028973629,-0.031093262,0.070212079,-0.041569117,0.05,0.2,0.07,0.15,0.16,0.07,0,-0.06,0.03,0.26,-0.2,-0.02,0.17,0.08,0.12,0.9,1.79,0.010827277,0.01068918,0.025576209,-0.013577063,0.00332779,0.004968954,0.006596364,-0.003697903,-0.040686466,-0.017495725,-0.205719345,-0.000504302,-0.000838553,-0.003297592,-0.000607892,-0.001827961,-0.000872979,-8.66511E-06,-0.001488679,-0.001046283,-0.000522205,-6.20996E-05,-0.002444815,-0.000610284,0.000574198,-1.52419E-05,0.000933595,-0.000597192,5.8,0.005210924,0.039870002,0.008697719,-0.012020088,15.8913
-0.001174784,-0.001850631,0.005271404,-0.004350035,0.003144161,-0.000364863,-0.002317748,-0.003527163,-0.008599582,-0.035444608,-0.000238504,0.00793421,0.002075958,-0.004682628,0.002489962,-0.003048427,0.018554986,-0.013933287,-0.3682,-195,-0.042242268,0.00015195,-0.001046594,0.1,0.5,0.005897548,0.023799315,0.073402505,0.004065046,0.130031826,0.042614168,0.001509821,-0.000354076,0.006748098,0.001687107,-0.001760502,-0.002217788,-0.000964785,0.001879733,0.000876107,0.00138816,3.26248E-05,0.00047824,0.002323728,40.6,0,41.4,7.459914766,5.010635294,5.673323267,6.775366091,6.040254711,7.474772182,5.147494477,5.624017506,6.800170068,6.03068526,-0.023810434,-0.050436563,-0.036172118,0.010421819,0.003698184,0.01,0.00744696,0.000478682,0.000620265,-0.00216652,0.004298789,0.003816726,-0.003558717,-0.002028699,0.010285739,0.000224688,0.005625838,0.004037867,0.006963652,-0.007180065,0.25,0.12,0.16,0.09,0.06,-0.03,-0.02,-0.04,-0.02,0.13,-0.29,-0.18,-0.02,-0.2,-0.15,0.61,1.52,0.004751589,0.00445399,0.00991362,0.000433863,0.013998713,-0.007450345,-0.007790017,-0.003040045,0.043660886,0.047192115,0.104331734,0.002955364,-0.010867903,0.019446872,-0.000305638,0.008447582,0.002615899,-8.61432E-06,0.003921539,0.005176242,0.003057779,0.001122057,0.003726312,0.006881451,-0.001378228,-0.003341069,-0.007526731,-0.000596125,-0.2,-0.000446762,0.001633785,0.001772676,0.006929598,14.522
-0.000484872,-0.000853176,-0.003252897,0.005591774,0.004682535,0.003852781,0.005052086,0.008479835,0.008834595,0.02713047,0.003174478,0.008177743,0.002336351,0.008594394,0.005238448,0.006459904,-0.000537792,0.014632098,0.3697,406,0.064113975,0.002236938,0.002929091,0,0,-0.044334834,0.054908576,0.001745963,0.001013685,0.001532567,-0.014375099,0.001310084,-0.00079713,0.00606643,0.001036807,-0.002046073,-0.001777778,-0.002512807,0.00172729,0.000723162,0.001183492,0.000750077,0.000955795,0.001727901,40.6,-0.1,41.2,7.408530567,5.075173815,5.513428746,6.735780014,5.991464547,7.451241685,5.111987788,5.605802066,6.769641977,6.023447593,0.011846774,0.007414941,-0.005225755,0.003358379,0.007746602,-0.01,0.003645172,-0.001585306,2.95268E-05,0.001839261,-0.046272003,-0.043609766,0.00854488,-0.006273564,0.000838901,0.000292776,0.021128293,0.023587447,-0.022158549,0.009026261,0.01,-0.08,0.01,-0.09,-0.14,-0.22,-0.21,-0.17,-0.17,0.04,-0.29,-0.28,-0.17,-0.43,-0.37,0.43,1.34,-0.008957502,-0.004697506,0.001357841,0.02664399,-0.009966269,0.009290455,0.009549084,0.004209781,0.024235663,-0.065920207,-0.046692984,-0.001010265,0.015901429,-0.013093914,0.000880569,-0.004865739,-0.002617421,-8.56398E-06,-0.001496167,-0.002613805,-0.001553922,-0.000368385,-0.000135903,-0.0028966,0.000450411,0.003323794,0.00148919,0.002975307,-2.7,-0.001506456,0.002254896,0.002261365,0.001148135,12.5604
0.006747449,0.007297233,0.006189415,-0.000181755,-0.004807889,-0.002059171,-0.002618223,-0.003084978,-0.005088441,-0.017573666,-0.001193194,0.000577958,-0.001374653,0.002789209,0.002678722,0.000520631,-0.042802525,0.023642398,-0.1066,-44,0.016490252,-0.000355992,0.00131288,-0.2,0,0.001919018,-0.089848718,-0.027411088,-0.001013685,-0.047833501,0.006186077,0.001081903,-0.001551797,0.004288103,-0.000259101,-0.002404187,-0.002226676,-0.00271318,0.00160187,0.00106476,0.001587061,0.000671331,0.001908853,0.003220469,40.3,-0.2,41.1,7.45007957,4.955827058,5.590986981,6.836259277,5.937536205,7.411556288,5.099866428,5.513428746,6.72982407,6.00635316,-0.035801527,0.110750219,0.257439202,0.038522619,0.004013403,0.03,-0.007527785,-0.000539174,0.008848184,-7.92919E-05,0.048710122,0.047430151,-0.01995579,0.006119123,-0.000151637,8.8138E-05,0.023487676,0.023522002,-0.02637277,0.017863689,0,-0.04,-0.15,-0.08,-0.11,-0.15,-0.16,-0.17,-0.16,0,-0.44,-0.36,-0.28,-0.58,-0.53,0.26,1.18,0.004808288,0.011060541,0.011068198,-0.005399695,-0.001879784,-0.018599458,-0.023927148,-0.016893787,-0.058640993,-0.115848167,-0.013710109,-0.009344723,-0.003366856,-0.045305356,-0.00060222,-0.020468585,-3.05105E-06,0.000407027,-0.010265747,-0.011869689,-0.009162913,-0.005827089,-0.00498682,-0.023639013,0.00022034,-0.002773612,-8.88417E-06,-0.002975307,3.4,0.00015587,-0.005070633,-0.000634927,-0.009660264,11.397
0.00586184,0.00718105,0.004409675,0.000725262,-0.00139109,-0.000539705,-0.000228557,0.000721341,-0.000537973,-0.013470631,0.00343514,0.002494674,-0.000960646,-0.009730185,-0.000770744,-0.003860425,0.032615657,-0.031798126,-0.4606,-44,0.005224776,0.002495861,0.003439853,-0.1,-0.8,0.00306279,0.024062759,-0.07877353,-0.002030458,-0.144028057,-0.002216243,8.76706E-05,-0.003600564,0.008207117,-0.004675333,-0.003546103,-0.0030139,-0.00447341,0.000813083,0.00091175,-0.00030371,0.001198151,-0.000596125,-0.000634202,40.6,0,41.1,7.307202315,4.9698133,5.429345629,6.599870499,5.950642553,7.358830898,5.023880521,5.472270674,6.694562059,5.918893854,-0.009709666,-0.083308625,-0.150749223,0.013231245,0.003205015,0.01,0.010971113,0.003199542,0.01155174,0.004897741,-0.020034309,-0.01506656,0.009691208,-0.000728871,-0.005544613,-0.000558737,0.034048763,0.032691653,-0.042152949,0.027398604,0,-0.01,0.11,0.03,0.04,0.02,0.01,0,-0.01,-0.01,-0.33,-0.33,-0.24,-0.56,-0.52,0.26,1.17,0.009711422,0.011733383,0.011826779,-0.003935757,0.011048852,0.002382987,0.004633102,0.000494236,-0.057053264,0.052946077,0.041139785,0.000471103,-0.006666673,0.005971706,-0.000302771,0.002832126,-0.00087987,-0.002083586,0.000458582,-0.001105947,-2.60577E-05,0.000227746,0.004512885,0.001215115,-0.000991369,0.003854471,0.000978335,0.004742155,8.2,0.004014011,-0.021372887,-0.006652191,0.018582915,10.7972
0.00485811,0.005169929,0.000377969,0.000579052,0.002240404,-0.001093035,0.000351108,0.001942103,0.000947453,0.005396736,-0.000410767,0.003857683,-0.002962447,-0.002251534,-0.001876895,0.000321565,0.00382692,-0.000134918,-0.1425,-131,-0.033089877,0.002397791,0.001512818,0.1,-0.1,-0.040965353,0.050532187,0.045968766,0.043744549,0.047994725,0.033505277,0.001518404,-0.002139801,0.002982032,-0.002084963,-0.002418553,-0.003023011,-0.001365454,0.002234755,0.002162081,0.002847877,0.001645117,0.00107277,0.000679486,40.5,-0.1,41,7.358830898,5.017279837,5.429345629,6.725033642,5.880532986,7.33628566,4.990432587,5.455321115,6.685860947,5.866468057,0.014324618,0.033669004,-0.020962453,0.020264578,0.004091893,0,-0.003953397,-0.002158272,0.004474151,-0.001504451,0.032212864,0.029861084,-0.00132369,-0.000838316,0.004493616,-0.000201712,0.01835794,0.020649606,-0.013778192,0.007446658,0,0,0.02,0.03,0,-0.11,-0.13,-0.18,-0.22,-0.01,-0.31,-0.3,-0.24,-0.67,-0.65,0.08,0.95,-0.010959428,-0.019713756,-0.010922863,0.019002947,0.006535971,0.017565595,0.019449747,0.015271407,0.196648553,0.089635867,-0.005257333,0.004942918,-1.11483E-05,0.025638732,-0.000300391,0.00975862,-0.00088682,0.001654766,0.005902381,0.007805347,0.00563067,0.002803693,-0.001861628,0.01230105,0.000426017,-0.002215062,0.001457539,-0.004150963,-1.5,-0.00203157,-0.009304469,-0.002984726,-0.012074116,10.4842
0.005010813,0.004095275,0.005777701,0.015868711,0.012348773,0.010461614,0.010154419,0.008389614,0.004754647,0.022979581,-0.000910221,0.016368478,0.010822451,0.013391473,0.02455824,0.01452427,-0.069452857,0.015182974,0.9633,-63,0.000959231,0.002136739,0.002991385,-0.1,-0.1,0.033290719,-0.077521777,-0.035835989,-0.037665503,-0.034175988,-0.006920443,0.001261149,-0.00013389,0.006404771,0.00247541,-0.001853437,-0.000560821,-0.004107585,0.001533502,0.00170361,0.00367842,0.000175406,0,0.000226393,40.8,0.1,41.1,7.407924323,5.170483995,5.455321115,6.687108608,6.079933195,7.401231264,5.147494477,5.505331536,6.722629795,5.963579344,0.039965547,0.025870392,0.062585484,0.01801102,0.00075929,-0.03,-0.003066899,0.00118076,0.000690986,-0.006009084,0.016151729,0.014047454,0.003275845,0.002348222,0.002480574,-0.000328648,0.019807711,0.019124064,-0.016416575,0.006737494,-0.01,0,-0.09,-0.07,-0.07,-0.05,-0.04,-0.01,0.02,0,-0.39,-0.36,-0.3,-0.71,-0.68,0.08,0.98,-0.007290051,-0.02101897,1.27854E-05,0.026011685,0.015115399,-0.001306713,0.000539065,0.000583495,-0.085144576,0.035541517,-0.011393644,0.004935599,0.006688969,0.024954413,-0.001177157,0.011686514,0.001752827,-8.38773E-06,0.005403848,0.007829797,0.005112223,0.003290753,-0.000317032,0.014252718,0.000220526,0.001631382,-0.001983213,0.00353739,-0.4,0.004540287,0.007025503,0.006307897,0.008101821,10.499
0.002722304,-0.000286841,0.001428803,-0.006117446,-0.000313468,-0.005201515,-0.007845339,-0.008053881,-0.006141187,-0.026323664,0.000142164,-0.020667988,-0.001840969,-3.50906E-05,-0.005388862,-0.005343548,0.022645537,0.018948742,-0.6056,352,0.01799337,0.002693904,0.000397263,0.2,0.2,-0.013573992,0.102082065,0.034445491,0.024938948,0.042978862,-0.021053409,0.001703305,0.001516368,0.002954212,0.005191446,-0.00049959,-0.002583836,0.003131118,0.001739766,0.002040509,0.000787672,0.003184437,-0.000595841,0.000316864,40.5,-0.1,41,7.250635512,5.18178355,5.252273428,6.568077911,5.793013608,7.39387829,5.214935758,5.587248658,6.665683718,5.966146739,-0.027116639,-0.047235311,-0.082228004,0.013324536,0.002622888,0.02,0.007151497,-0.000756045,0.003734563,0.010007059,0.003628068,0.004064218,-0.002384119,-0.00416879,-0.007822115,-0.001036717,0.005449605,0.004810104,0.004731003,-0.008418219,0.01,0,0.13,0.07,0.12,0.22,0.2,0.08,0.12,-0.01,-0.27,-0.3,-0.19,-0.5,-0.49,0.15,1.09,0.017358156,0.027070548,0.026288361,-0.002141984,0.019833232,-0.008093711,-0.010253566,-0.009129105,-0.08642116,-0.171962948,-0.009113439,-0.003772865,-0.002843775,-0.02606259,0.005775234,-0.009002723,-0.001072587,0.000460494,-0.004932075,-0.005904775,-0.004381685,-0.000102122,0.00101138,-0.010263467,0.003168833,-0.001650835,0.001935703,-0.002952111,5.2,-0.007914409,-0.007950406,-0.012257583,-0.004101195,10.627
0.004778533,0.004534993,4.16862E-05,0.00598247,0.001071985,0.010219672,0.009993699,0.011020139,0.011674439,0.012784989,0.011333056,0.00979105,0.010481862,0.007323697,0.006365138,0.004045461,0.122404091,-0.013350455,0.1255,-165,-0.006067248,-0.001051851,0.000198572,-0.1,0.4,0.005063302,-0.044652288,0.025190249,-0.053629441,0.09043816,0.017187923,0.000618004,-0.004690335,0.007886842,-0.012898361,-0.000785574,-0.000112492,-0.0019558,0.001649979,0.001847976,0.002910675,0.00203118,0.000119197,0.001628002,40.2,0,40.9,7.299797367,4.919980926,5.093750201,6.679599186,5.950642553,7.376508126,4.9698133,5.402677382,6.703188113,6.033086222,0.026221912,0.016206274,0.044189653,0.012954934,0.004731278,-0.01,-0.011678211,-0.003174113,-0.001664467,-0.002439035,-0.076613122,-0.07182002,0.002190096,0.001582006,0.005806296,-0.00049145,0.014388737,0.01359243,-0.011087572,-0.001553641,0.01,-0.01,0.05,0.01,-0.01,-0.04,-0.04,-0.01,-0.06,-0.03,-0.23,-0.3,-0.21,-0.55,-0.54,0.13,1.02,-0.003477072,-0.003061556,0.000478104,0.000102103,-0.004515834,0.012367196,0.014962596,0.010935646,0.141703999,0.210584119,0.018987397,0.002212943,0.002639691,0.010400034,-0.00180693,0.004863355,0.001888013,0.000246932,0.002431389,0.003129738,0.002543691,-0.00039973,0.001631362,0.004652784,-0.002517716,-0.001637401,-0.003906478,0.001172327,-5.6,0.000144927,0.009186934,-0.001023397,-0.001829598,10.9205
0.003933128,0.004594475,0.000458434,0.001253952,0.008621922,0.002020281,0.000668712,-0.001384902,-0.008370971,0.005376397,-0.012657405,0.018860567,0.003739307,0.011889795,0.01394843,0.008440816,-0.087350042,0.019494204,0.4667,201,0.048631336,0.000444395,0.001799048,-0.1,1.1,-0.10951313,-0.013934271,0.019705071,0.048691159,-0.003207701,-0.042243092,0.001554228,0.002548911,0.006754708,0.010435785,-0.001930848,-0.002027028,-0.001763496,0.001361353,0.002784364,0.000116919,0.004352473,-0.001311945,0.000813008,40.6,0.2,41.3,7.309881486,4.875197323,5.455321115,6.622736324,5.934894196,7.375255778,5.099866428,5.497168225,6.65544035,6.018593214,0.013708465,0.027371501,0.102524033,0.016150373,0.001383287,-0.02,0.008913327,0.002531792,-0.000430917,-0.00336717,0.000542848,-0.0039385,-0.001657052,-0.023965083,0.00185876,-0.000189847,-0.026546663,-0.022292491,0.061535818,-0.045379566,0,-0.01,-0.09,-0.07,-0.13,-0.23,-0.16,-0.09,-0.01,-0.04,-0.32,-0.37,-0.34,-0.78,-0.7,0.04,1.01,-0.010119339,-0.017500752,-0.027295065,-0.005887942,-0.002393982,-0.002556976,-0.001344598,0.001147778,-0.076598649,-0.060750194,0.037680718,0.001315798,-0.006806551,0.014884273,-0.003552895,0.00456316,0.000627975,-0.000931819,0.002062323,0.00281996,0.001637248,0.000386985,-0.002590489,0.005466321,-0.000788819,0.003252616,0.002903448,0.000579462,-2.9,0.005057558,0.021334523,0.006842543,-0.00013831,14.9213
0.000269892,0.00145585,0.00107233,-0.001725741,-0.002648141,0.007184475,0.006976091,0.007900988,0.005614754,0.01741172,0.001868525,0.011512071,0.007434879,0.009886183,0.005027244,0.006860266,0.019727652,-0.01916752,0.342,158,0.011023058,-0.004032924,-0.005029027,0.1,-0.9,0.062586031,0.018536212,0.01146397,0.062370331,-0.031826432,0.034467003,0.000428078,-0.001832771,0.005797118,-0.002598754,-0.001791152,-0.001240765,-0.002749413,0.000866138,-0.000488584,0.002702028,-0.002170644,-0.002270149,0.001173179,40.6,-0.1,41.3,7.306531399,5.111987788,5.327876169,6.595780514,5.955837369,7.29301768,5.068904202,5.402677382,6.588926478,5.891644212,0.007424383,0.007574199,-0.031582711,0.017022713,0.00538389,0,0.006106696,0.005285176,0.007015161,-0.000166064,0.089858029,0.089839433,-0.000121058,0.022319167,-0.001903556,0.0002263,0.039502243,0.04304564,-0.054685416,0.02412386,-0.01,0.01,-0.07,-0.03,0.01,0.11,0.13,0.17,0.12,-0.02,-0.38,-0.39,-0.32,-0.66,-0.56,0.22,1.14,-0.016920957,-0.004444086,0.014161573,0.020583656,-0.028831452,-0.001281977,-0.002462162,0.001118527,-0.007909039,0.033079547,0.045831377,-0.002190478,-0.000231348,-0.010508488,0.002511291,-0.005146217,-0.000841908,-0.000333155,-0.00239205,-0.003600526,-0.002496759,-0.001441549,0.000269572,-0.00603663,-0.000194093,0.001058826,0.000462407,0.002902661,-1.3,0.005022127,-0.010211469,0.004470557,0.000578323,12.246
-0.000519087,-0.000381512,0.000915256,0.006668721,0.012880017,0.000383652,-0.002116594,-0.001411158,-0.003837153,-0.005688522,-0.003237932,0.000440603,0.003612134,0.003060938,-0.002065693,-0.000900248,0.00963985,0.008120246,-0.2705,-274,-0.03175353,0.001540454,0.00217504,-0.1,-0.3,0.003252035,0.002293053,-0.022164028,0.022989518,-0.063323119,-0.051252209,0.001109246,-0.001208784,0.005007218,-0.001692819,-0.001148023,-0.001581385,-0.000393391,0.001557161,0.001239786,0.001132013,0.001301664,0.001314925,0.000811396,40.5,0,41.2,7.25488481,5.062595033,5.493061443,6.533788838,5.786897381,7.308542798,4.976733742,5.420534999,6.64118217,5.874930731,0.015600452,-0.016471433,-0.067656817,0.009392183,0.006856581,0,-0.006634272,-0.008130727,-0.002228063,-0.000152662,-0.007505996,-0.007778281,0.00582504,-0.000338147,0.000414814,0.000293337,0.031937849,0.033041916,-0.040229558,0.016957316,0,0,-0.14,-0.08,-0.02,0.08,0.06,0,0,-0.02,-0.52,-0.47,-0.34,-0.58,-0.5,0.22,1.14,-0.00814338,0.007150226,0.015359142,-0.001862995,-0.035786968,-0.003060223,-0.004129381,-0.00126824,0.00195119,-0.062784052,-0.086458955,0.001128307,0.002513834,0.003908764,-0.000733861,0.00278013,-0.001244644,3.11647E-05,0.00109427,0.001892576,0.001244913,0.000686917,0.001444249,0.003402146,-0.000403757,-0.001637147,0.001412592,-0.004088254,1.2,-0.006316605,0.003387853,0.000200157,-0.005846859,12.965
-0.001270142,-0.001340882,-0.000447123,-0.001137875,-0.00752282,0.00023911,0.001377516,0.002968351,0.001054838,0.010971692,-0.002139448,0.000410111,-0.001245499,0.005165683,0.00125393,0.003318283,-0.033142371,0.002404332,0.0699,58,-0.012213533,0.00242713,0.001096018,0.2,-0.1,0.034699393,-0.022701925,0.022164028,0.033962156,0.009670405,0.035357626,0.000557783,0,0.003927497,0.001822917,-0.001293104,-0.001810365,-0.000393546,0.000665379,-0.000300413,0.002326587,-0.001340353,-0.000238949,0.000630631,40.6,0.1,41.4,7.277938573,5.068904202,5.446737372,6.562444094,5.855071922,7.249215057,5.030437921,5.38907173,6.558197803,5.799092654,0.005575647,0.006484908,0.06115243,0.011330823,0.004958876,0,-0.012517028,0.002670982,0.002256596,0.001063245,-0.041188908,-0.043228119,0.000905197,-0.000945147,-0.000812787,0.000375614,0.00201631,0.010137719,0.011511376,-0.008555806,0,0.02,-0.12,-0.02,0.05,0.36,0.35,0.32,0.31,0,-0.64,-0.49,-0.29,-0.22,-0.15,0.54,1.45,-0.003029837,0.009698132,0.015735031,0.001259161,-0.027776992,-0.003623555,-0.005221944,-0.004167629,0.001442822,0.069425909,-0.016943371,-0.001810404,-0.003579708,-0.010614215,-0.000437508,-0.005408178,0.000902369,0.00067579,-0.002125268,-0.003108939,-0.00189531,-0.000686227,0.000996252,-0.006881174,0.001137864,-0.001083622,-0.004325395,0.001733582,-3,0.00208576,-0.002123953,0.001735313,0.006954777,14.8819
0.000469954,0.000115511,0.002752348,-0.005975988,0.003957889,-0.000432353,-0.001570321,-0.000200762,-0.001766909,-0.010235287,0.00098224,0.000627973,0.001055712,0.000554655,0.004345918,0.00082694,-0.006617979,0.000178059,-0.1141,-118,-0.032206645,8.49409E-05,-0.00108231,0.1,0.7,-0.019395027,0.031821915,0.035741156,-0.058813872,0.121760727,-0.006205764,-0.000217281,-0.002062781,0.008257685,-0.003518607,-0.001582734,-0.001700199,-0.001378631,0.000138205,0.000262866,0.000895953,8.38247E-05,0.000119481,-0.001622426,40.6,-0.1,41.3,7.210818453,4.997212274,5.468060141,6.458338283,5.802118375,7.215975003,5.017279837,5.332718793,6.501289671,5.82008293,-0.005736724,0.026042117,0.01037951,0.017568226,0.001254197,0.01,0.01289696,-0.000404598,0.002393846,-0.001007694,-0.017304743,-0.016986174,-0.001463593,0.000791133,0.002747157,0.000574128,0.004296689,0.015797285,0.01012556,-0.003964162,0.01,0,0.21,0.07,0,-0.15,-0.1,-0.06,-0.05,-0.01,-0.44,-0.43,-0.3,-0.38,-0.26,0.47,1.39,-0.018003396,-0.021395136,-0.010436656,0.024266518,-0.014088069,0.005998456,0.008069208,0.004065953,-0.016099012,0.033241843,0.028024978,-0.00053506,0.003891757,0.001407201,0.003363452,0.000469315,-0.000929641,-0.001339969,-0.000512767,-0.000379767,-0.000808557,-0.000496105,-0.003253421,0.001432663,-0.000670275,-0.00214391,-0.000480176,-0.003476249,5.1,0.000941203,0.014375628,0.0023375,0.001440499,17.2476
0.000262944,-0.000764397,0.003902595,0.012473108,0.004707339,0.002073972,-0.000539688,-0.000385909,-0.002148098,-0.004928157,-0.001241741,0.000690113,0.005439533,0.00294703,-0.008743326,-0.002846448,0.054351978,0.008038231,-0.3856,65,0.0164852,-0.001994749,-0.001529561,-0.1,-0.2,0.043791203,-0.021565415,-0.013200107,0.012042758,-0.035478691,0.021319402,-0.000202838,-0.005040288,-0.001047199,-0.006548812,-0.004401638,-0.004206225,-0.004741218,0.000725263,-0.000150201,0.000198992,-0.000128964,-0.003470771,0.002477646,40.5,0,41.3,7.192934221,4.584967479,5.476463552,6.543911846,5.697093487,7.186144305,5.010635294,5.267858159,6.432940093,5.872117789,-0.002142488,-0.001639613,-0.0743709,0.015137879,0.004340193,-0.01,0.003636729,0.006271128,0.010138571,0.000994672,0.06805981,0.054273853,0.006043426,0.000191931,-0.000642953,0.000645738,-0.044432633,-0.041594314,0.097317734,-0.047790594,-0.24,0.05,-0.62,-0.45,-0.49,-0.45,-0.33,0.06,0,0.28,-0.82,-0.64,-0.55,-0.59,-0.35,0.77,1.63,1.41663E-05,-0.003486059,-0.039319223,-0.012109378,0.007305189,-0.013803596,-0.017876036,-0.018126905,-0.014613281,-0.119089718,-0.059448051,-0.001470779,-0.003565582,-0.008445422,-0.00159172,-0.003751871,0.002655545,7.79199E-05,-0.001781858,-0.00239354,-0.001453739,-0.000963259,-0.001329951,-0.004970425,0.000513297,0.001601851,-0.000478122,0.003464207,-7,0.010269788,-0.006003579,0.006146368,0.001964723,25.12
0.002095292,0.001679127,0.000764242,0.000485094,0.004060595,0.003918274,0.005394632,0.005551247,0.000368346,-0.012318027,0.004397888,0.016092967,0.002083496,0.002060732,0.010253899,0.004787297,0.027944276,-0.006301499,0.2368,-32,-0.013722196,0.004344098,0.003850296,0.1,-0.7,-0.022046919,0.061170146,0.009385734,0.004593485,0.014342875,-0.020840666,0.000695274,-0.003253652,-0.000299401,-0.004345829,-0.00275183,-0.002966346,-0.002379065,0.001448951,0.001088446,-0.000447787,0.000483529,-0.002641058,0.002381756,40.6,0,41.3,7.075808864,4.9698133,5.159055299,6.383506635,5.609471795,7.139660336,4.912654886,5.308267697,6.439350371,5.693732139,0.02286791,-0.029775859,0.047848919,0.008578923,0.005509217,0,-0.006774794,-0.00799481,-0.001804953,-0.004093775,-0.09765955,-0.095555707,0.011871102,0.003550903,-0.001441429,-0.000191741,0.028798564,0.03535901,-0.034301283,0.024067121,-0.08,-0.11,-0.31,-0.33,-0.33,-0.23,-0.15,-0.05,-0.06,0.25,-1.05,-0.89,-0.8,-0.74,-0.42,0.8,1.65,-0.020823215,-0.014657493,-0.014583241,0.003673008,-0.029936036,0.016795312,0.023052055,0.017558017,0.048253536,0.123509487,0.034112859,0.003920367,0.00567143,0.016547613,-0.001436941,0.008047005,-0.000231926,0.001218139,0.004389036,0.005866829,0.0042788,0.003094651,0.003262438,0.009566423,0.000816622,-4.55598E-06,0.002374955,-0.002312133,0,-0.004591163,-0.026893219,-0.011493198,0.002137838,22.1821
-0.001941852,-0.00224836,0.000134198,0.005297948,0.006469244,-0.004128343,-0.00772697,-0.008852827,-0.010113711,-0.003245385,-0.012259978,-0.006033635,0.000348346,0.001884788,-0.006450861,-0.003249648,-0.052089289,-0.00419944,-0.3712,-223,-0.036654018,-0.001506864,-0.002039769,0,0.7,-0.004704046,0.087665613,-0.023631605,-0.084099198,0.026543323,0.046295183,0.000564555,-0.001676143,0.002243327,-0.001584996,-0.001887204,-0.002860577,-0.000198511,0.000990632,0.000150038,0.001243359,3.86723E-05,-0.00156391,0.00080761,40.5,-0.1,41.2,7.142036575,5.068904202,5.313205979,6.43775165,5.624017506,7.083387848,4.983606622,5.220355825,6.326149473,5.710427017,0.029659027,0.007711609,-0.044800954,0.011194089,0.003267834,-0.01,0.004577798,-0.000505656,-0.001129752,0.008085476,0.037091277,0.081818333,-0.013739021,0.005800253,0.00062101,0.000541464,0.02801835,0.031702822,-0.033319515,0.028014438,-0.18,-0.28,0.01,-0.04,-0.04,0,0.01,-0.08,-0.11,0.15,-0.86,-0.75,-0.66,-0.56,-0.23,0.9,1.72,-0.026307666,-0.00940964,0.007124896,0.01304377,-0.051257411,0.000499701,-0.00186854,-5.75278E-05,0.030754749,-0.023564157,0.039067767,-0.001150106,0.002450535,-0.007565991,0.001834817,-0.003019984,-0.000258697,0.000244031,-0.001065059,-0.00162699,-0.001350605,-0.000903272,0.001284187,-0.002978621,-0.000613789,-0.001599857,-0.001904977,-0.001727945,-2.5,-0.002431419,0.015151647,-0.000318726,-0.010718219,18.8595
-0.000923664,-0.00089898,0.001979913,-0.00243085,0.009470348,0.005589948,0.003019574,0.003093294,-0.00117921,0.004181539,-0.002860543,0.008368216,0.00872566,0.013482575,0.008118112,0.005147614,0.004000924,-0.008076627,0.3162,-144,-0.020135706,0.004247314,0.004436992,0,0.3,0.038540415,-0.110168217,0.028291643,-0.011027681,0.056901576,0.023335647,0.000766705,-0.001860635,0.010107101,-0.005567353,-0.000508702,-0.00034382,-0.000794439,0.001264859,0.002060736,0.000993575,0.003435855,-0.001686951,0.001658041,40.7,0.1,41.3,7.087573706,4.86753445,5.361292166,6.393590754,5.545177444,7.109879463,4.875197323,5.236441963,6.43775165,5.634789603,0.041244229,0.005358192,0.056373692,0.011800508,0.006457731,-0.01,-0.008649708,0.00141101,-0.004503428,-0.004612284,0.027537794,-0.006454018,-0.004501025,-0.007783942,-0.002745173,-0.000266762,-0.050805951,-0.035594634,0.109464543,-0.04880825,-0.27,-0.16,-0.63,-0.55,-0.6,-0.53,-0.38,-0.22,-0.08,0.26,-1.22,-1.03,-0.99,-0.82,-0.34,0.95,1.91,-0.024349405,-0.044231115,-0.042248472,0.012248027,-0.008442344,0.008052968,0.010995611,0.015341415,0.014406887,0.017679767,-0.068882751,0.00474967,-0.00093809,0.025103707,-0.001157293,0.011681174,0.001694073,-0.000178582,0.005364853,0.006689087,0.005146725,0.002358717,-0.001351031,0.012471361,-0.000422942,0.003716206,0.003305329,0.00517358,-4.8,-0.001399289,-0.013249253,-0.005069813,0.004695557,26.6571
0.003798225,0.002863242,-0.001247301,-0.008178026,-0.012114472,0.00046806,0.000976169,0.002181613,-0.001941001,0.000450675,-0.002684514,0.011239431,-0.000116432,-0.001417719,0.006107134,0.001636424,-0.031322806,-0.006202339,0.0685,-33,-0.034726413,0.000539394,-0.002198944,0.3,-0.7,0.02722525,0.058496207,0.055489886,0.171001,-0.037068736,0.035665867,0.000751668,-0.00177309,0.006779687,-0.004396197,-0.000799913,-0.001950548,0.001191422,0.001228908,-0.000187164,-0.000662274,6.42312E-06,-0.001206709,0.001878775,40.6,-0.1,41.1,6.944087208,4.663439094,4.934473933,6.34738921,5.398162702,7.046647278,4.912654886,5.129898715,6.369900983,5.560681631,-0.008990661,0.05441434,0.050727709,0.026322105,0.007348968,0.02,0.007638463,0.000726645,0.001191557,-0.012998247,0.00710783,-0.346685508,0.003370369,-0.004039728,0.000714406,-0.000410814,0.01075926,0.015973945,-0.002967196,0.025204673,-0.25,0.01,-0.27,-0.23,-0.24,-0.18,-0.05,0.05,0.25,0.52,-1.24,-1.01,-0.98,-0.75,-0.14,1.25,2.41,0.020728954,0.014932904,0.012313043,-0.026431963,0.035447778,-0.022213659,-0.027362605,-0.021766172,-0.041827178,-0.124218083,0.010859365,-0.004934341,0.002602713,-0.023555678,-0.000708998,-0.011832494,-0.001444276,-0.000153029,-0.005362129,-0.007208472,-0.005218186,-0.00289817,-0.001608894,-0.012381615,0.000113937,-0.001602342,0.000447123,-0.004597709,-0.6,-0.002656349,0.016945559,0.003324143,-0.004918356,23.0965
0.000826298,4.43957E-05,-0.000484909,0.005015353,0.00250289,-0.00266127,-0.001273099,-0.001025015,-0.002679417,-0.02421111,0.004066519,0.002793403,-0.004276195,-0.00089161,-0.0167906,-0.003913686,0.03479301,0.018531827,-0.3392,137,0.015019874,0.000941617,0.000717578,0,0.9,-0.062235558,0.012547216,0.015473429,-0.021469266,0.047206405,-0.027514655,5.77972E-05,-0.001320493,0.009502301,-0.001870908,-0.001528885,-0.001609196,-0.00139013,0.000317723,-7.48755E-05,-0.000347869,-0.00020556,-0.000603901,0.000536145,40.6,-0.1,41.1,6.988413182,4.86753445,5.075173815,6.311734809,5.493061443,6.997595983,4.875197323,5.198497031,6.345636361,5.356586275,0.004993076,-0.020526513,0.012825771,0.016945468,0.009435112,-0.01,0.00209687,0.000450815,0.001076853,0.016513814,0.012248105,0.011656652,-0.000725279,0.000104553,-0.000768838,-0.000168502,-0.070330377,-0.068799801,0.150371345,-0.056176137,-0.3,-1.06,-0.25,-0.48,-0.55,-0.51,-0.36,-0.16,-0.11,-0.24,-1.19,-1.19,-1.23,-0.96,-0.2,1.39,2.6,-0.00859971,-0.0353482,-0.042054238,-0.023029892,0.007753518,0.013344019,0.016595853,0.011786678,0.005927376,0.044231625,0.045167719,0.000547952,-0.004412334,4.96393E-05,0.001091558,0.001602566,-0.000115828,-8.80404E-05,-5.16599E-05,0.00098743,0.000504869,0.000359996,0.003661086,0.000401949,-0.000278074,0.001046757,-0.002363641,0.003434462,2.9,-0.002784261,-3.15736E-05,-0.00504965,-0.016025242,28.1161
0.0005301,0.000355095,-0.003784163,-0.009602818,-0.009110333,-0.003425387,-0.003447393,-0.001675188,-0.002448213,-0.006415746,-0.001221145,0.000409018,-0.003391889,-0.001460093,-0.014651357,-0.006393048,0.023009954,0.000519685,-0.5017,-218,-0.015177617,-0.002664796,-0.001517773,-0.1,-0.6,0.038030318,-0.015075662,-0.037710044,-0.031748698,-0.043437082,0.023341687,-0.000585351,-0.002280815,0.002905712,-0.003081254,-0.002115168,-0.002303352,-0.001790155,-0.000266194,-0.001948734,-0.001575208,-0.002740556,-0.001087942,0.001294499,40.4,0.1,41.2,7.005789019,4.836281907,5.023880521,6.363028104,5.501258211,6.921658184,4.700480366,4.976733742,6.249975242,5.484796933,0.002174355,-0.016811024,-0.057142058,0.014056626,0.004238626,0.01,-0.00319687,0.006694588,0.008797959,0.002005416,-0.056405863,0.020274789,-0.010704626,0.000607297,0.002849904,0.000317339,-0.017479036,-0.019584409,0.04972982,0.001806172,-0.96,-0.67,-0.63,-0.71,-0.66,-0.2,0,0.2,0.28,0.05,-0.86,-0.94,-0.93,-0.2,0.76,2.55,3.84,-0.006812327,-0.010595642,-0.007336379,-0.002846398,-0.011252297,-0.005819204,-0.00886206,-0.004028952,0.008119509,0.012280383,0.07488369,-0.001026867,-0.005218019,-0.000694746,-0.003527347,-0.001790664,-0.002132148,-0.000543879,-0.000810299,-0.001081843,-0.000854043,-0.000553525,-0.002290891,-0.001257264,-5.10899E-06,-1.35878E-05,0.002322577,0.000557559,-7.6,0.020031452,-0.016844516,-0.00365973,0.021132904,27.1565
0.000505051,-0.000461648,0.001542276,-0.013342314,0.002449711,-0.002392231,-0.006316967,-0.006259063,-0.013435237,-0.025853551,-0.00966633,0.007819129,0.002064374,-0.002032049,8.10619E-05,-0.0032644,-0.021495935,-0.022518385,-0.2279,-41,-0.027642984,0.001658208,-0.000479055,0.2,-0.4,0.062109074,0.068092325,0.018230199,0.04554202,-0.004524895,0.046900097,-0.000397656,-0.003522661,0.011252283,-0.006326153,-0.002705174,-0.003117965,-0.001992826,0.000188919,-0.000187579,-0.001793782,0.000206124,-0.000241926,0.001159162,40.6,0,41.3,6.91274282,4.744932128,4.912654886,6.265301213,5.429345629,6.874198495,4.753590191,4.890349128,6.255750042,5.283203729,-0.006457899,-0.01175148,-0.008908333,0.015392421,-0.000744033,0,0.004107639,-0.002542423,0.005096623,-0.002573351,0.022959776,0.009661888,0.009178937,0.002036254,0.000662959,0.00027831,-0.028394645,-0.016121362,0.074183185,-0.011942277,-0.37,-0.33,-0.86,-0.56,-0.51,-0.3,-0.23,-0.02,0.07,0.09,-1.35,-1.13,-1.07,-0.13,0.9,2.9,4.28,-0.032703556,-0.072738563,-0.060405432,0.018608237,0.004296784,0.005132434,0.008155805,0.011910927,0.001852528,0.076232562,-0.016961042,0.001156733,0.000224795,0.000693099,0.001372245,0.000177197,0.001461721,0.002048971,0.001616797,0.000996074,0.001144996,0.000989808,0.001327739,0.000493425,0.001108542,0.000509114,-0.001416724,-0.000582927,-1.3,-0.007073966,0.015729047,0.002002435,-0.006162124,29.009
-0.003126985,-0.006190647,0.001622513,0.010138176,-0.000464232,-0.007598907,-0.010704943,-0.009931381,-0.007019094,-0.023068957,-0.002248577,-0.020822303,-0.004162414,-0.005075129,-0.014568789,-0.011169669,0.003188228,0.014881892,-0.8135,97,0.025092132,-0.000903545,0.000314833,-0.1,0.4,-0.124313345,0.014478829,0.075741093,0.117783036,0.036367644,-0.010789979,-0.001657397,-0.006390679,-0.001579212,-0.010724327,-0.004402384,-0.005683481,-0.002196706,-0.000773076,-0.004361729,-0.003730726,-0.006468039,-0.000968289,0.000311853,40.4,-0.1,41.1,6.920671504,4.532599493,5.123963979,6.234410726,5.488937726,6.915723449,4.709530201,5.093750201,6.23636959,5.407171771,0.039617823,-0.011773438,-0.02541968,0.007546104,0.005255425,-0.01,-0.003828311,-0.0030761,0.003290577,-0.009977226,0.029518691,-0.007204348,-0.001741079,-0.004739813,-0.001498573,0.000691965,0.039842883,0.038115011,-0.07396373,0.061997672,-0.33,0.02,0.03,0.07,0.2,0.36,0.17,0.04,0.08,0.44,-0.99,-0.73,-0.54,0.56,1.4,3.27,4.69,0.001243183,0.001184367,0.018891219,-0.0099923,0.0107112,-0.005742087,-0.008192929,-0.011096294,-0.010099301,-0.037429441,-0.057079608,-0.001259935,0.007039477,-0.008344643,-0.000678363,-0.001191381,-0.00216767,-0.001677425,-0.002520366,-0.000343294,-0.001305845,-0.00097937,-0.003827779,0.000399983,-0.000959478,-0.004188488,0.000448232,-0.003409094,-6.9,-0.00881727,-0.004107989,0.000602959,-0.004534458,22.5268
0.04045311,-0.005052099,0.001217738,-0.00693623,0.009254576,-0.005684931,-0.004364949,-0.003012347,-0.005832322,-0.010416794,-0.004487295,0.003462534,-0.007158477,-0.010012415,-0.005768558,-0.005624948,-0.017379405,-0.004462041,-0.3626,-138,-0.06488879,0.003466726,-0.001534037,0.4,-0.3,0.273746676,-0.038816754,0.034025598,-0.07504507,0.129057112,0.020102563,-0.001333701,-0.003789284,0.009864974,-0.007259809,-0.002577036,-0.002095949,-0.003404429,-0.000876876,-0.003208216,-0.002138109,-0.003584769,-0.001454193,0.001468854,40.2,-0.1,41,6.880384082,4.828313737,4.919980926,6.206575927,5.370638028,6.902742737,4.955827058,4.997212274,6.154858094,5.455321115,0.011512694,-0.001056178,0.013630012,0.009369641,0.001955775,-0.01,-0.000504482,-0.004063874,-0.004352564,0.011694822,0.011623254,-0.018751051,-0.01232385,-0.004047426,-0.001257233,-0.005448114,0.023615849,0.029656229,-0.038688291,0.048101996,-0.3,-0.11,0.44,0.27,0.32,0.31,0.2,0.02,-0.04,0.63,-0.25,-0.16,0.08,1.17,1.9,3.59,4.95,0.003858927,0.030119832,0.016246713,-0.008412354,-0.014307249,0.011265997,0.01444304,0.015198369,0.019755506,0.043557891,-0.052303834,0.003588345,-0.002892808,0.020592619,0.000127391,0.006403763,0.000476544,0.001627776,0.004872048,0.004638008,0.003823973,0.002365502,0.001680783,0.005032985,0.001530873,0.003650591,-1.72812E-05,0.003397512,-2.8,-0.005153256,0.000196924,0.003590134,0.010320908,18.7919
-0.0254647,-0.006550075,-0.001744508,-0.001338382,0.001113635,-0.002417432,-0.003681413,-0.001909213,-0.001809823,0.005721776,-0.004013972,-0.005445954,-0.001099106,-0.000309257,-0.016369897,-0.006753507,0.019926286,-0.005590281,-0.4327,-193,-0.032409059,6.48055E-05,-0.001172659,0.2,0.5,-0.174542254,0.197287095,0.04673255,0.092397448,0.00956335,0.043870777,-0.001117619,-0.005385093,0.011035766,-0.008421393,-0.004433286,-0.004322184,-0.004624518,-0.000326876,-0.00204352,-0.00241085,-0.002181821,-0.001213445,0.001511111,40.4,0,41,6.952728645,5.463831805,4.890349128,6.156978986,5.323009979,7.073269717,5.723585102,5.030437921,6.167516491,5.497168225,0.021139427,-0.001087895,-0.060382797,0.007816265,0.006308365,-0.01,0.005004722,0.000736848,-0.008170187,-0.002135188,-0.063005758,-0.052995336,0.00396533,-0.001124165,-0.001415812,0.002556744,-0.045167581,-0.029228125,0.104271579,-0.0170672,0.02,0.09,0.13,0.31,0.36,0.34,0.22,0.11,0.14,0.7,-0.14,0.13,0.42,1.49,2.1,3.68,5.07,0.009455873,-0.007397123,0.024194328,0.000712215,0.017163971,0.001460605,0.002319774,-0.003161962,-0.028055198,-0.041965235,0.009305035,0.004523667,-0.001703188,0.021380705,0.001172217,0.010603219,0.000903279,0.000274979,0.004924722,0.006233679,0.004734932,0.002607957,0.001815449,0.011961035,-0.000539663,0.000505259,-0.000475329,-1.1504E-05,-3.4,0.00092705,-0.011677406,-0.00874173,-0.001089238,23.1914
-0.016699497,-0.004493575,-0.004608136,-0.017395369,-0.003771164,-0.005286416,-0.009572192,-0.010748962,-0.007281545,-0.024396285,-0.002297214,-0.01971103,-0.000783185,-0.015805285,-0.01250086,-0.011745396,-0.023510618,0.000119135,-0.7975,54,-0.011751898,0.001010422,-0.001407634,0.2,-0.1,0.036030293,-0.062595229,0.066724595,0.081135258,0.054334351,0.037764488,-0.001547859,-0.005741911,0.006311824,-0.007374973,-0.005494927,-0.006341771,-0.004038778,-0.000774607,-0.002465344,-0.003273985,-0.002441462,-0.002066242,0.002262394,40.3,-0.1,41,6.827629235,5.081404365,5.017279837,6.068425588,5.187385806,6.825460036,4.615120517,4.941642423,6.186208624,5.267858159,-0.003843246,-0.028587374,-0.017011639,0.003362929,0.006907857,0.01,0.00470361,0.003725888,-0.001100064,0.005207242,0.026643265,-0.198157802,0.004510866,0.001570004,0.000810729,0.001926578,-0.06461159,-0.057600708,0.146581111,-0.025412356,0.01,0.02,-0.23,-0.2,-0.14,-0.19,-0.09,-0.01,0.09,0.71,-0.38,-0.08,0.27,1.29,2,3.66,5.15,-0.00723627,-0.008521403,-0.000593169,0.011326982,-0.003547501,-0.003505007,-0.004983666,0.005036051,0.007059417,-0.069553732,0.044414109,-0.003307653,0.006065199,-0.023820743,-0.001456637,-0.008413023,0.000772488,0.000263376,-0.004410719,-0.004808599,-0.003430171,-0.002785277,0.000923675,-0.010019384,-0.000929115,-0.000533595,-0.000927102,-0.000573066,4.8,-0.000147257,0.015757669,0.007142583,-0.010631822,25.6322
-0.006425544,0.004674345,-0.00014532,-0.007371139,-0.00737035,-0.015496717,-0.014865428,-0.016376771,-0.017179435,-0.04323558,-0.00977337,-0.020372372,-0.01625643,-0.009774659,-0.012635422,-0.012404444,-0.034083237,-0.005951063,-0.832,-156,-0.039224597,0.001112873,-0.00226323,0.3,0.7,0.131777929,-0.026830441,0.093732478,0.069268696,0.11457276,0.084285723,-0.002016533,-0.005163119,0.010708676,-0.006445307,-0.005375554,-0.006856629,-0.002836881,-0.001438917,-0.003614164,-0.003369105,-0.003857102,-0.001826707,-4.43115E-05,40.2,-0.1,40.9,6.738152495,4.912654886,4.836281907,5.983936281,5.220355825,6.754604099,4.442651256,4.955827058,6.098074282,5.225746674,-0.031702777,-0.027924277,-0.009421143,0.00273375,0.000946093,0.03,-0.018008926,-0.004053187,0.003409078,-0.008173013,-0.007714399,0.06781478,-0.008127774,0.001978151,-0.003658843,0.000787109,0.019017431,0.018274132,-0.039442554,0.069363245,-0.01,0.04,0.09,-0.01,-0.1,-0.16,-0.12,-0.03,-0.01,0.76,-0.28,-0.08,0.18,1.14,1.89,3.64,5.15,0.044271223,0.052843196,0.02322431,-0.052808181,0.039201729,-0.019731039,-0.025329922,-0.039316959,-0.146311872,-0.131151568,-0.065856366,-0.00860565,0.001862895,-0.031472966,0.000919256,-0.016523965,-0.001769338,-0.002926919,-0.009231857,-0.01241372,-0.009221657,-0.005152068,-0.002537584,-0.017018928,-0.001391344,0.001015733,0.004086186,-0.002812941,1.8,-0.004615535,0.00516505,-0.002339197,-0.001744597,22.645
0.001054818,0.000316268,-0.006164375,-0.02490398,-0.015033848,-0.044296395,-0.024144773,-0.026282094,-0.007028976,-0.008294052,-0.006663771,-0.082632902,-0.066921834,-0.021203993,-0.081229704,-0.03508963,0.015681044,-0.099212435,-2.4708,-401,-0.044527715,-0.000459233,-0.00087502,0,0.9,-0.133882455,0.095705645,0.058489561,0.028546182,0.082759765,0.069146824,-0.003233473,-0.007036463,0.004967583,-0.009888483,-0.006232889,-0.006903967,-0.005085964,-0.002538226,-0.004392589,-0.002077651,-0.004550693,-0.004152931,-0.001330259,39.9,-0.2,40.5,6.70930434,4.736198448,4.941642423,5.986452005,5.123963979,6.680854679,4.477336814,4.882801923,6.011267174,5.129898715,-0.036962141,-0.016848749,-0.041683449,0.000972224,-0.005848225,0.02,0.044964662,0.007018559,0.008123522,0.002118767,-0.010296366,0.004006685,0.010246283,0.010527251,0.001319058,-0.000279918,-0.051660128,-0.058411752,0.123001702,-0.002272035,-0.19,0.15,-0.59,-0.31,-0.27,-0.26,-0.2,0.01,0.16,1.1,-0.68,-0.2,0.1,1.07,1.88,3.84,5.5,0.019969559,0.02379003,-0.025820052,-0.048437722,0.004451397,0.011501649,0.0144723,0.012035999,0.058034712,0.01941077,-0.038481214,0.002344311,-0.007101395,0.016903546,0.000112484,0.008211626,-0.000831088,-0.001803308,0.002616878,0.003114751,0.002493156,0.001931745,-0.000591845,0.00904936,-0.000150296,-0.002070593,-0.003207349,0.001683975,7.3,-0.00042149,-0.011380411,-0.005285212,0.023137644,33.6813
0.004825225,0.003949438,-0.00219585,-0.009362348,-0.038296752,0.009581717,-0.007079132,-0.005195872,0.002893494,-0.024996328,0.010624836,-0.029219615,0.028496015,-0.032794756,0.044833527,-0.006329675,0.008510573,0.149150319,-0.3509,28,-0.017014267,0.001977729,-0.001890451,0.4,1.3,0.107114594,0.006568168,0.095661119,0.067114937,0.117618575,0.023956429,-0.003478697,-0.009810537,-0.001515256,-0.010991475,-0.009688971,-0.011653883,-0.006342732,-0.002328048,-0.004642694,-0.006395109,-0.004657578,-0.003924459,0.000532316,40,-0.1,40.5,6.65544035,4.343805422,4.820281566,6.025865974,5.087596335,6.601230119,4.317488114,4.836281907,5.926926026,5.075173815,-0.06282355,-0.099135397,-0.092870937,-0.008326261,-0.009241352,0.05,-0.029080227,0.004797677,0.022400937,0.022960726,0.308642679,0.250604437,0.024358908,0.031328151,-0.000353226,0.000123795,-0.228044815,-0.223763604,0.591402877,-0.16844352,-0.84,0.28,-0.46,-0.41,-0.49,-0.15,0.12,0.63,1.57,2.22,-0.3,0.23,0.45,1.76,2.84,5.31,7.91,0.064735535,0.029028713,-0.064017958,-0.063808062,0.112920226,-0.028216715,-0.038368223,-0.043900927,-0.109747312,-0.188773157,-0.054916402,-0.009490343,-0.005884355,-0.051103102,-0.000482914,-0.023346347,-0.000803217,0.000419153,-0.010806407,-0.013530244,-0.01009155,-0.007185492,0.001880498,-0.026724444,-0.001939856,0.000504804,-0.002268902,0.002234306,-12.7,0.003582353,-0.015134838,-0.008678678,0.039401116,67.151
0.006127199,0.004238626,-0.002588924,-0.027663512,-0.039294381,-0.012715621,-0.010633421,-0.00255831,-0.007941598,-0.038766988,0.000341289,0.01488584,-0.01523021,-0.04729129,-0.043017061,-0.024171823,0.025292652,-0.01833525,-1.607,-336,-0.04627318,-0.001531429,-0.004859789,0.3,-1,0.050741091,0.064947603,-0.016934564,-0.003514942,-0.027118799,0.089603141,-0.005583832,-0.013102938,-0.006916614,-0.022352164,-0.008632268,-0.00995879,-0.006383219,-0.004228556,-0.007488937,-0.006504782,-0.007630986,-0.004556939,0.000487708,39.5,-0.2,40.1,6.480044562,4.077537444,4.672828834,5.860786223,4.905274778,6.439350371,4.262679877,4.584967479,5.693732139,5.075173815,-0.104560286,-0.048586563,-0.041558,-0.009157715,-0.013420452,0.08,0.01872741,-0.007418796,0.024202771,0.061060941,0.064806272,0.060202655,-0.042625209,0.003430139,-0.001649517,0.000448445,-0.092687693,-0.074994155,0.270310477,-0.013281449,-0.58,-1.65,-0.48,-0.47,-0.35,-0.44,-0.28,-0.16,0.33,1.15,-0.2,0.34,0.68,1.9,3.14,5.73,8.82,0.029154745,0.041224398,-0.030472851,-0.09544659,0.026981402,-0.006376194,-0.004587507,-0.008166537,0.025128486,0.015670612,-0.006301315,-0.009228478,0.007442574,-0.05736949,0.000649814,-0.023221415,-3.61897E-05,-8.1703E-05,-0.010415943,-0.01420925,-0.009891767,-0.005405201,-0.00275621,-0.026525446,0.001012583,0.001009439,0.006293149,-0.001128879,-2.3,0.008768379,0.006075621,0.002694531,-0.080788319,65.5864
-0.006843465,-0.011654398,-0.003816979,-0.005447626,-0.021622995,-0.02961752,-0.022256278,-0.014248587,-0.021323233,-0.046334428,-0.014784486,0.006998519,-0.038462689,-0.060765414,-0.056207314,-0.035141594,0.019036455,0.005813049,-2.3162,-126,-0.029755489,0.000103461,-0.005085777,0.5,1,-0.024280404,0.070464181,0.147611008,0.12764556,0.162293577,0.081610129,-0.005229476,-0.014702915,-0.006266121,-0.016575783,-0.014217517,-0.01574642,-0.011635286,-0.003538963,-0.007233164,-0.007081988,-0.008032656,-0.003834029,-0.000177321,39.3,-0.3,39.8,6.327936784,4.143134726,4.369447852,5.645446898,4.905274778,6.317164687,4.110873864,4.430816799,5.680172609,4.753590191,-0.07080383,-0.052641965,-0.117231388,-0.009833533,-0.020400833,0.03,0.030051117,0.015480843,0.030085542,0.001571775,-0.361773433,-0.000946679,-0.003759806,-0.001463897,0.001253994,0.001535659,-0.006225171,0.002416757,0.002712277,0.076271958,-0.23,-0.45,-0.16,-0.47,-0.58,-0.77,-1.11,-1.07,-0.78,0.93,-0.13,0.1,0.33,1.36,2.26,4.89,8.27,-0.026717616,-0.043414212,-0.060479349,-0.03134679,0.013546804,0.012072912,0.013367017,0.010520737,0.083845498,-0.048172492,0.063908533,0.009596489,-0.006884862,0.056788609,0.000970362,0.022926912,0.001137681,0.000224663,0.011475649,0.015061492,0.010155806,0.006112712,-8.02666E-05,0.025612155,0.000362516,-1.65921E-05,-0.000503003,-7.75913E-06,4.8,0.011468544,-0.00774634,-0.000491036,0.00503144,53.4633
-0.01155131,-0.020258216,0.005054629,-0.021429404,0.014463198,-0.024081231,-0.029441094,-0.031642904,-0.022199688,-0.112241381,-0.000238536,-0.060285199,-0.017738457,-0.054038893,0.007203689,-0.031003937,-0.00697675,0.004872944,-1.9663,-63,-0.021278938,-0.00288152,-0.008524819,0.5,-0.1,0.079404432,0.04581807,0.046619977,0.064506238,0.033531113,0.01408474,-0.005853559,-0.021537228,-0.011944216,-0.020199662,-0.022747036,-0.029315806,-0.011772261,-0.003095951,-0.005361314,-0.005934427,-0.005280723,-0.006464468,0.001019165,39.2,0,39.7,6.194405391,3.583518938,4.077537444,5.537334267,4.94875989,6.300785795,4.077537444,4.48863637,5.641907071,4.744932128,0.006695841,-0.119212382,-0.046869813,-0.018123086,-0.012369508,0.01,-0.067521818,-0.011933947,0.007362818,-0.007714777,-0.2514986,-0.044833506,0.001705651,-0.003276234,0.001608942,0.001627258,-0.013745527,0.007357428,0.000874068,0.070361632,-0.01,0.01,0.1,0.04,-0.05,0.08,0.1,0,-0.29,0.95,-0.02,0.15,0.29,1.45,2.37,4.9,7.99,0.00540192,-0.012086072,-0.012729264,-0.026744669,-0.007240219,0.02514233,0.035633732,0.042631865,0.037674313,0.354081321,0.072811581,0.010795179,0.005024964,0.061971226,-0.000588003,0.02541834,0.002718088,0.00115326,0.012510173,0.015274349,0.011567565,0.005761658,0.003010577,0.027671267,-0.000767689,-0.004572274,-0.010712733,-0.002226242,1.1,-0.007751259,-0.016859422,-0.01567163,0.042019192,45.3008
-0.012194533,-0.016454674,-0.003843816,0.006187789,-0.004023767,-0.006565271,-0.006428679,-0.003535753,0.000394818,0.019633862,-0.004035097,-0.003546422,-0.006878753,-0.010279127,0.012999388,-0.001577871,-0.039468806,0.018564578,0.0031,24,-0.01308407,0.002124711,-0.00360828,0.5,0.4,-0.021222477,0.072155533,0.135444968,0.173403784,0.105397566,0.118559735,-0.005265414,-0.015913573,-0.018548113,-0.018597324,-0.014514508,-0.017127455,-0.010202001,-0.003421926,-0.005508572,-0.00780451,-0.004860186,-0.006004521,-0.000132876,39.3,-0.1,39.6,6.366470448,4.143134726,4.553876892,5.739792912,4.727387819,6.324358962,4.304065093,4.48863637,5.690359454,4.59511985,0.00159369,-0.049901007,-0.115523072,-0.025885397,-0.015129345,-0.03,-0.000740867,-0.006372539,-0.000128256,0.001330624,-0.251588329,0.00661227,0.0011116,0.011452336,-0.001409961,0.001312345,-0.072271852,-0.055993387,0.195337261,0.020752623,0.07,-0.43,0.17,0.15,0.18,0.27,0.35,0.22,-0.06,0.45,0.08,0.23,0.4,1.65,2.65,5.05,7.86,0.027156704,0.032483429,0.030546043,-0.002769701,0.016518594,-0.007632755,-0.010806051,-0.009318983,-0.037084363,-0.081204233,-0.10321903,0.001108468,0.017440716,0.007453996,-0.000135192,0.004330002,0.002199635,-0.001015653,0.001632333,0.002304922,0.001190474,0.001672162,0.000773855,0.006241168,0.000309187,0.003040799,0.004013184,0.003876739,-4.9,-0.009002595,0.023245819,0.00960993,-0.01183122,46.3221
-0.002783294,-0.006719035,-0.004038237,-0.020849964,-0.017522765,-0.015927134,-0.013689422,-0.012296928,-0.005387561,-0.003958553,-0.005665068,-0.020297797,-0.018896324,-0.034376323,-0.01865459,-0.018606084,0.009308205,-0.010090652,-1.1084,-300,-0.03085461,-0.002624155,-0.006608913,0.4,0.7,0.004338402,0.046173503,0.076044031,0.066546886,0.083448296,0.023404099,-0.006032361,-0.017937701,-0.02537689,-0.024339743,-0.013990793,-0.015973107,-0.010738935,-0.003998279,-0.006054988,-0.007883527,-0.005116111,-0.005409839,-0.000708968,38.9,-0.2,39.3,6.224558429,4.189654742,4.564348191,5.575949103,4.369447852,6.240275845,4.110873864,4.454347296,5.568344504,4.644390899,-0.033461441,-0.018466248,-0.0150431,-0.025046241,-0.014236811,0.02,0.017497089,0.004412549,0.008913011,0.00528799,0.30919628,0.026949967,-0.006187281,-0.005537602,-0.001344376,0.000240556,-0.061592982,-0.058330105,0.167799961,0.045962042,-0.04,-0.05,-0.09,-0.03,0.02,-0.05,-0.05,0.23,0.34,0.44,0.03,0.24,0.46,1.64,2.64,5.32,8.24,0.006294056,-0.007243284,0.051793084,-0.017627765,0.015380628,-0.007659733,-0.011416935,-0.006591721,0.037265717,0.266932524,0.099296163,-0.004623813,-0.012157306,-0.029368126,-0.00048377,-0.01066718,-0.001402519,-0.000444972,-0.005281588,-0.007195919,-0.004903832,-0.002883659,-0.002966796,-0.010695243,-0.000362742,0.001506838,0.008442419,-0.002223415,1,0.002788319,0.001483113,0.008168194,0.000444968,46.5347
0.004608875,0.002033684,-0.000930154,-0.007817323,0.004855561,-0.008038197,-0.008713133,-0.008943488,-0.003533769,0.001725696,-0.004729717,-0.020127091,-0.007314423,-0.014476604,0.009878397,-0.00697878,0.014861345,-0.000125905,-0.3474,-134,-0.015391877,0.002436481,-0.000362521,0.3,0.8,-0.037340807,0.003874097,0.08137484,0.003422707,0.140561836,-0.048960827,-0.005325398,-0.01747113,-0.024220051,-0.022017764,-0.014687945,-0.019860699,-0.006281836,-0.003279228,-0.007090816,-0.008052785,-0.005856642,-0.007216591,0.005172768,39,0.1,39.5,6.169610732,3.912023005,4.454347296,5.438079309,4.718498871,6.255750042,4.060443011,4.418840608,5.598421959,4.700480366,0.005619845,0.000388212,-0.054080587,-0.019160106,-0.012511642,-0.01,0.013380559,-0.00758133,-0.000661275,0.020936312,0.020560009,-0.035920523,0.000942198,0.001521328,-3.74479E-05,-0.001110265,0.113522538,0.096965845,-0.451482672,0.235206411,-0.03,-0.14,-0.05,-0.07,-0.09,0.04,0.11,-0.11,-0.03,0.33,0.01,0.2,0.4,1.71,2.78,5.24,8.24,-0.018525611,-0.006424749,0.010824651,0.037536434,-0.032389218,0.01413956,0.019985058,0.01592449,0.03466637,-0.166098537,-0.025683729,0.001994346,-0.0055422,0.015363735,0.001389532,0.00526566,0.00088686,-0.00051796,0.002248793,0.003085941,0.002037038,0.002431813,0.003340641,0.005496503,0.001290684,-0.004544569,-0.010660427,-0.000555377,7.8,-0.007198515,0.003933953,0.001261794,-0.012243779,38.5375
0.014749438,0.001369223,0.001257616,0.000430977,0.008725912,-0.01010915,-0.013190217,-0.016071843,-0.012584156,-0.041463329,-0.005664065,-0.028822211,-0.00618496,-0.020587238,0.012123829,-0.010512295,-0.018483918,-0.014294908,-0.5718,70,-0.002752796,0.001539178,-0.002904909,0.4,0.7,-0.027948356,0.074487656,0.095096588,0.146310065,0.057232446,-0.025409716,-0.002688582,-0.012730205,-0.025752496,-0.008813506,-0.014063517,-0.018890281,-0.006321547,-0.001018659,-0.001960824,-0.004380973,-0.000178635,-0.003309154,-0.002649359,38.9,0.1,39.3,6.29156914,4.025351691,4.369447852,5.609471795,4.882801923,6.320768294,4.158883083,4.553876892,5.65248918,4.718498871,0.014216959,0.038512966,0.125706212,-0.01084873,-0.012062479,-0.03,-0.01688633,0.006483271,0.005379222,-0.06259699,-0.10138764,-0.028673536,-0.001870403,0.007656703,0.006314515,-0.001566923,0.062011455,0.052369091,-0.250577909,0.190874504,0.03,-0.11,0.02,-0.05,-0.05,0.27,0.36,0.15,-0.33,0.19,0,0.12,0.32,1.95,3.11,5.36,7.88,-0.041901285,-0.03591289,-0.023272145,0.046872171,-0.060093804,-0.003545031,-0.004022006,0.00532668,0.016657116,0.135401574,0.085811477,0.000463837,0.000347555,0.008756403,-0.000253906,0.001566528,0.000965542,-0.000262968,0.00055871,0.000994134,0.000506658,-0.000365901,-0.001811764,-0.000439808,-0.000117879,0.001512224,0.005311306,-0.003306697,3.6,0.00622516,0.002521928,0.002107995,0.016827762,31.8484
-0.015697211,-0.005924737,3.16842E-05,-0.001582934,0.016694274,-0.003879022,-0.004161928,-0.005883269,-0.004864976,-0.008809589,-0.003877673,-0.00944581,-0.003626951,-0.010845682,0.0044757,-0.003247552,-0.026102593,0.007899895,-0.1057,1,-0.002299402,-0.000200347,-0.001705578,0.1,1.5,-0.041515396,-0.095489649,0.10980803,0.134514838,0.090424457,-0.022723556,-0.00357316,-0.012568604,-0.012657408,-0.014864023,-0.011531415,-0.014788467,-0.006361763,-0.002093721,-0.00224566,-0.004561603,-0.001120633,-0.002936485,-0.001814441,39.1,0,39.6,6.371611847,4.382026635,4.644390899,5.624017506,4.820281566,6.398594935,4.143134726,4.605170186,5.768320996,4.770684624,0.037535929,-0.029178999,-0.00750001,-0.015566668,-0.012666108,-0.05,0.020368185,-0.005690419,-0.007136266,-0.060792748,-0.132415758,-0.183147209,-0.007802722,-0.014636397,-0.013149873,0.000139235,0.025934854,0.027727795,-0.133916294,0.157299655,0.03,-0.01,0,0.01,0.01,0.58,0.43,0.07,-0.56,0.15,-0.03,0.1,0.3,2.5,3.51,5.4,7.29,-0.024595884,-0.024401485,-0.000310464,0.059853644,-0.023167059,0.016852861,0.020157142,0.007565305,0.012881699,-0.008763782,-0.013839528,0.006794948,0.003179644,0.03526362,-0.001247713,0.015787162,0.000786311,0.000835144,0.007653841,0.010562017,0.007354841,0.004685358,0.000833539,0.018889952,0.000659353,-1.01517E-06,-0.002656824,0.003857206,2.1,-0.007873929,-0.008593076,-0.007075229,0.008506855,27.6964
-0.003982717,-0.005024658,0.003489669,0.014663801,0.00186361,0.010955124,0.009610059,0.012930917,0.012061945,0.092026247,-0.007506259,0.015356025,0.012683831,0.031929922,0.005411283,0.014700182,-0.003587388,-0.011662721,1.0451,-232,-0.014690795,-0.001384137,-0.000771677,0,1.2,0.007358856,-0.145020066,0.000255167,-0.17671802,0.122752655,-0.054531646,-0.002613661,-0.007847452,-0.01170529,-0.013063324,-0.004958547,-0.005025136,-0.004853308,-0.001759985,-0.004063002,-0.004474441,-0.003507506,-0.001791656,-0.002439188,39.3,0.2,39.9,6.386879319,4.110873864,4.700480366,5.693732139,4.836281907,6.388561406,4.158883083,4.691347882,5.676753802,4.86753445,-0.012667886,0.065807183,0.070042577,-0.007980883,-0.010600904,-0.02,-0.02249852,-0.000570375,0.000866176,0.048330568,0.092375952,0.17467974,-0.006119324,-0.000895045,0.009315728,0.000605357,0.010419334,0.010562719,-0.088837383,0.161013961,-0.05,-0.03,0,-0.04,-0.03,-0.25,-0.16,-0.2,-0.41,0.17,0.02,0.11,0.32,2.3,3.4,5.25,6.93,-0.007964292,-0.002686555,-0.023537398,0.000549669,-0.003112082,-0.030210344,-0.03809551,-0.016986573,-0.084624617,-0.247292682,-0.003283084,-0.00856337,-0.004411444,-0.046423984,1.12038E-05,-0.021170876,-0.003568924,-0.000158599,-0.009671922,-0.012397519,-0.009156246,-0.005840993,-0.004495695,-0.024337938,-6.56348E-05,0.002509659,0.000880667,0.004378722,-4.8,-0.000469008,0.008580825,0.010043474,-0.01463771,25.9276
-0.00236908,-0.003086289,0.009156307,0.000572133,0.017902499,0.011249864,0.008833368,0.009813983,0.009203965,0.011488928,0.008671629,0.012264858,0.014445832,0.021941129,0.012363304,0.011367682,0.002601813,-0.00675263,0.8421,110,0.005262904,-0.001262917,-0.002927778,0.1,0.2,-0.064857348,0.113685255,-0.001404226,-0.046210532,0.024112078,-0.01296989,-0.001500973,-0.006972495,-0.014261919,-0.013065427,-0.003606083,-0.004628664,-0.001992253,-0.000614057,-0.001573311,-0.003156711,-0.00062147,-0.003207393,0.000710196,39.3,0,40,6.37331979,4.234106505,4.644390899,5.655991811,4.844187086,6.423246964,4.248495242,4.663439094,5.755742214,4.820281566,0.023795069,0.011194803,-0.039319404,-0.009212476,-0.014284389,-0.04,0.000179884,-0.00060498,-0.003367007,0.026138877,0.056056176,-0.00023946,0.005847319,-0.00117704,-0.000285037,-3.2386E-05,0.076015097,0.062251907,-0.251543583,0.232529873,0,-0.04,-0.01,-0.01,-0.02,0.11,0.03,-0.15,-0.51,0.13,0.01,0.1,0.3,2.41,3.43,5.1,6.42,-0.015737844,-0.009038873,0.005601711,0.009358926,-0.032309041,0.025491488,0.032925691,0.019157619,0.087910031,0.186861232,0.059482801,0.00364087,0.004528779,0.014062788,0.000700846,0.006310351,-0.006721959,0.001841313,0.003925728,0.004012563,0.003839706,0.002822429,0.001001686,0.009785911,0.000889274,-0.004018338,-0.003968741,-0.004943683,-0.3,-0.00390227,0.004000735,-0.000218415,0.00460953,24.3137
0.001562905,-0.001848686,-0.009493145,0.001183468,-0.023822778,0.007532409,0.005632613,0.007301809,0.006999313,0.040849207,-0.001856637,0.006410428,0.010003455,0.022477644,0.001533039,0.00868678,0.009702158,0.026185469,0.6752,172,0.009437377,-0.00311553,-0.004843529,0.2,1.3,-0.034253478,-0.039475393,0.070762723,0.041065605,0.086845921,-0.021144729,-0.001756546,-0.005967858,-0.0085907,-0.011681974,-0.003015034,-0.004085376,-0.001330377,-0.001077735,-0.002142064,-0.002931121,-0.002171268,-0.001671919,-0.003823246,39.2,0,40,6.371611847,4.189654742,4.65396035,5.693732139,4.762173935,6.411818268,4.248495242,4.65396035,5.733341277,4.828313737,0.016569589,0.006653427,0.01239526,-0.013229607,-0.003280287,0,0.001262037,-8.30247E-05,-0.002046141,0.031560841,0.06765002,0.080616472,0.003952902,-0.005740761,-0.001248317,-0.000568684,0.033903202,0.034720607,-0.134693248,0.205143051,-0.01,-0.06,-0.05,-0.05,-0.06,-0.2,-0.19,-0.13,-0.27,0.08,-0.03,0.06,0.25,2.22,3.25,4.98,6.16,-0.017067481,-0.027713646,-0.03891841,-0.01272274,-0.005164158,-0.016199977,-0.02116655,-0.012784292,-0.058510205,-0.126009788,-0.016937804,-0.001413834,0.002407874,-0.00676376,0.000462208,-0.001688305,0.009619933,-0.001159605,-0.001562684,-0.001172544,-0.001535563,-0.001213469,0.006710965,-0.005833725,-0.000967968,0.00050163,-0.00443947,0.003804775,7.8,0.000648898,-0.008958046,-0.006397481,-0.010127637,23.7671
-0.004225611,-0.001496776,0.001062761,0.004910302,0.009253757,0.003262322,0.003339194,0.003692346,0.003907286,-0.014967538,0.008971709,0.004370696,0.003105305,0.004574151,0.008660891,0.001868432,0.079558977,-0.018709644,0.2274,-78,-0.008769516,-0.000279574,-0.002784492,0.2,0.9,0.1261565,-0.060889558,0.028858308,0.033144732,0.026759251,-0.041202584,-0.001605834,-0.007119447,-0.004731999,-0.012344763,-0.004582999,-0.005662529,-0.00288857,-0.000722109,-0.004216678,-0.003394171,-0.004627919,-0.001932617,0.003246251,39.2,0.2,40.2,6.280395839,3.988984047,4.634728988,5.583496309,4.709530201,6.368187186,4.204692619,4.644390899,5.700443573,4.727387819,0.025100744,0.028705101,0.033386664,-0.008172164,0.005160173,-0.01,0.005974023,0.003363244,0.0002304,0.030399533,0.028450657,0.047403464,-0.003436228,0.005745189,-0.002652725,-0.000434326,0.021883167,0.024554219,-0.096045452,0.20721466,-0.03,-0.01,-0.05,-0.05,-0.03,-0.04,-0.01,0.02,-0.02,0.1,-0.05,0.04,0.25,2.21,3.27,5.03,6.17,-0.01677614,-0.017278628,-0.009994473,-0.006823447,-0.02518506,0.006903175,0.009392451,0.001135282,0.082366036,0.110384606,-0.065365335,0.00106841,-0.006818628,0.00453689,-0.000896703,0.001343731,0.009425857,0.000961119,0.00100251,0.000932937,0.001196716,0.002159735,0.000676834,-0.000719222,0.003345536,0.00450564,0.02470273,-0.007617585,-2.9,0.000621714,0.009547895,-0.019949763,-0.00572914,23.5397
0.002646306,0.003125332,-0.001610366,0.007479735,0.007932651,0.004002399,-0.000759727,-0.003250256,-0.005901237,0.016729754,-0.011843574,-0.000202865,0.010146801,0.018271018,0.022285424,0.009711032,-0.097285953,-0.012255883,0.7539,-50,-0.001919175,0.00061106,0.001638451,-0.1,1.4,-0.134995165,-0.027109664,0.012296885,-0.054344483,0.045891526,-0.06162436,9.22708E-05,-0.002570983,0.00505752,-0.003505086,-0.002516598,-0.003412973,-0.001113214,0.000517118,-0.000894273,-0.001947314,-0.000306044,0.000257898,0.000399494,39.7,0.2,40.5,6.376726948,4.204692619,4.644390899,5.707110265,4.753590191,6.434546519,4.304065093,4.736198448,5.762051383,4.762173935,0.014154041,-0.009006376,-0.032385162,-0.013793436,0.006700945,-0.02,-0.005464674,0.000307634,0.000204755,-0.047566196,-0.05846874,-0.118106302,0.008914101,0.022727543,0.006386199,-0.000318621,0.018936147,0.027183594,-0.086764472,0.083777667,0,-0.03,-0.02,-0.01,-0.06,-0.1,0.01,0.04,0.03,0.07,-0.07,0.03,0.19,2.11,3.28,5.07,6.2,-0.005837423,-0.008061389,-0.012243903,0.023590744,0.004351946,0.008508983,0.009749714,0.006790606,-0.026980744,-0.058239231,0.019379301,0.000345562,-0.001787002,0.00499691,0.000590802,0.002164172,-0.007504927,-0.001102019,0.000449363,0.001781335,0.000330368,-0.001348686,-0.002740375,0.003865792,-0.002868475,-0.00300826,-0.018494773,0.004347828,-3.2,0.001167286,-0.011962119,0.016548897,0.010499111,22.4795
0.005087696,0.003420898,0.005420694,0.003354894,0.004915666,0.002980562,0.002729549,0.003237456,-0.001731915,-0.007099417,-0.000239368,0.016669744,0.003268835,0.002217363,-0.013765029,-0.001667034,0.069318497,-0.020468224,-0.0068,57,0.005012841,-0.004996932,-0.004669798,0,0.8,0.022125573,0,0.00909614,-0.048579438,0.035581476,-0.017356229,-0.00213209,-0.00431845,-0.000651148,-0.007400915,-0.002958582,-0.002995936,-0.002900169,-0.001784297,-0.004687668,-0.00260842,-0.003372684,-0.001677528,-0.002265912,39.6,0.1,40.6,6.364750757,4.143134726,4.574710979,5.746203191,4.682131227,6.498282149,4.615120517,4.753590191,5.765191103,4.852030264,0.010554826,-0.006386106,-0.068706912,-0.018470309,-0.00086973,-0.01,0.004132063,-0.004117907,-0.001075434,-0.047954786,-0.078267411,-0.117516977,-0.005822494,-0.023393241,0.005538761,0.000375567,0.020296814,0.023927459,-0.087028714,-0.057554903,0,0.01,0,0.02,0.06,0.11,0.19,0.07,0.05,0.08,-0.07,0.05,0.25,2.22,3.47,5.14,6.25,0.012053051,0.016640948,0.007627606,-0.022727559,-0.005300533,-0.010282079,-0.012053917,-0.005723905,-0.016190573,-0.078994822,0.01244692,-0.002822955,0.007709611,-0.016772872,-0.001315133,-0.006049187,-0.001425631,-0.00049993,-0.003427945,-0.005027536,-0.002922351,-0.002063401,-0.002841554,-0.005284948,-0.000864685,-0.00149738,0.001745772,-0.002173914,5.1,-0.00388047,0.004332737,0.004733732,0.005566417,19.5161
0.00400885,-0.002703259,-0.001698683,-0.00286323,0.000294693,0.011669517,0.010231427,0.011011902,0.007334282,0.012514989,0.006010959,0.015167048,0.013462309,0.027231969,0.007760136,0.011080606,0.042181122,-0.031668821,0.8566,229,0.015770976,0.002433179,0.003074688,-0.1,0.6,0.014483012,-0.01957124,0.006655786,-0.052225261,0.031672127,-0.011809937,0.000138686,-0.004788876,0.008109029,-0.013174483,-0.001308045,-0.001429797,-0.001117693,0.00091931,0.002774493,-0.003622927,0.004644936,-0.001292324,0.00040024,39.9,0.1,40.8,6.419994928,4.234106505,4.543294782,5.783825182,4.836281907,6.455198563,4.317488114,4.59511985,5.746203191,5.003946306,0.013312081,0.129887585,0.214690144,0.005186367,0.000905765,-0.01,-0.016002414,-0.003888088,-0.005111291,0.009889943,-0.023920314,-0.050318823,-0.001749379,0.001916921,-0.012922672,-0.001423101,0.011817717,0.010348836,-0.038544008,-0.190092372,-0.01,-0.02,0.01,-0.02,-0.02,0.14,0.14,0,-0.12,0.07,-0.05,0.04,0.24,2.37,3.62,5.15,6.14,0.007391322,0.004262333,0.012705913,-0.004199611,-0.009439879,0.007285189,0.009065086,0.011657403,0.035426678,0.101037408,-0.032180005,0.000128481,-0.008028477,0.00688276,0.002534553,0.003516435,0.001234437,-0.002014726,-6.45421E-05,0.002454514,-4.31884E-05,0.001584452,0.000961143,0.003590358,0.000996788,0.001993025,0.003042431,0.000542741,1.9,-0.001186481,0.050870695,0.010323711,-0.013096289,19.8354
-0.000606244,-0.001646548,0.003038815,0.006581355,0.001792288,0.003510223,-0.00444264,-0.00598634,-0.008543486,-0.016733462,-0.006320064,-0.005455777,0.013329301,0.011659692,0.005908553,-0.000571164,0.010670258,0.025529165,0.071,-58,-0.004614446,0.001367286,0.00103242,0,-0.5,-0.039809726,0,0.003143245,0.081655178,-0.030529363,0.012324738,-0.000562566,-0.004528224,0.009164788,-0.014440684,-0.000611007,-0.000572492,-0.000671216,6.24468E-05,-0.000366771,-0.002147006,0.000180626,-0.001164521,-0.000667156,39.6,-0.2,40.5,6.403574198,4.248495242,4.691347882,5.655991811,4.934473933,6.476972363,4.356708827,4.700480366,5.743003188,5.010635294,-0.016967025,-0.028810165,0.028228827,0.002676228,0.005487609,0.01,0.022852629,0.010297374,0.00680074,0.006819084,0.121761603,0.14873841,0.008937657,-0.004343633,0.002451606,-0.000186622,-0.031113259,-0.02915057,0.047260326,-0.221970349,0.02,0.02,0.05,0.03,0,-0.12,-0.04,0.09,0.09,0.07,-0.02,0.05,0.22,2.23,3.56,5.22,6.21,0.022543091,0.035794394,-0.010611409,-0.033991188,0.012756004,-0.016842701,-0.021934141,-0.018946965,-0.08781003,-0.074695345,-0.08712038,-0.001600752,0.006700985,-0.01422473,-0.00018728,-0.007591566,-0.005190586,0.00226519,-0.001449975,-0.004544786,-0.001701659,-0.00216212,-0.002266919,-0.006201052,-0.000810311,-0.000500859,-0.002182889,0.001625282,-0.8,0.006338296,-0.058904011,-0.012646936,0.002811114,21.4925
0.003156315,0.00317579,0.004582639,0.012600285,0.022276307,0.006533525,0.007006588,0.008027901,0.002411934,0.012614382,-0.000243426,0.017763431,0.005946705,0.021781007,0.004008363,0.0117837,-0.048695986,0.031011907,0.9219,88,0.004790043,0.001690244,0.001225968,0.1,1.8,-0.013630053,-0.02872729,0.018324684,-0.094165114,0.065669795,-0.03242962,0.001486646,0.002549649,0.010191171,0.006704746,0,0.001573564,-0.002464987,0.001319391,0.0024426,0.000128583,0.003259546,-0.002073614,0.001866916,40,0.2,41,6.455198563,4.17438727,4.564348191,5.834810737,4.890349128,6.532334292,4.276666119,4.744932128,5.877735782,4.96284463,0.025196502,0.009976655,-0.052296179,0.000821277,0.00605077,-0.02,-0.007459078,-0.006267499,-0.000741982,-0.003651139,-0.13085548,-0.167651559,0.001201599,0.005757452,0.008634659,0.00027704,0.056136207,0.050420304,-0.125117134,-0.129350846,0.03,0.04,0.04,0.04,0.05,0.07,0.04,-0.08,-0.07,0.08,-0.01,0.06,0.24,2.27,3.57,5.11,6.11,-0.004058345,-0.005236593,0.006376379,-0.036514684,-0.032982173,0.013460511,0.017094121,0.00719135,0.040770849,0.084444222,0.141723712,0.001283543,-0.001941355,0.002764334,-0.000436519,0.002122643,-4.59787E-05,0.000902789,0.001215359,0.001977624,0.001405512,0.001383594,0.002115123,0.002174527,0.001024789,-0.000498624,-0.000869745,-0.002168023,0,-0.00691267,-0.000333134,-0.000972424,-0.006297421,16.8442
0.008136478,0.010346738,0.001945698,0.00890386,0.007476066,0.003767847,0.002872277,-0.001078757,-0.007495707,0.004695765,-0.01071525,0.01254505,0.004836404,0.016713715,0.003876863,0.008243292,-0.078212689,0.007734919,0.6884,554,0.034742531,0.004329572,0.003927384,0,1.7,-0.016017816,-0.065226878,0.004720874,-0.087082905,0.038221213,-0.0026617,0.001699615,0.003220251,0.007418549,0.002885484,0.003138351,0.004278997,0.001345292,0.001459997,-0.000569407,-0.000165324,-0.001344142,0.000648466,0.002262294,40.6,0.2,41.1,6.532334292,4.406719247,4.770684624,5.937536205,4.682131227,6.456769656,4.317488114,4.753590191,5.765191103,4.844187086,-0.00483127,0.031088652,0.063837859,0.003852429,0.004007443,-0.01,-0.014585436,0.003985599,0.003321838,-0.009146582,-0.024247047,-0.031686293,0.008891308,0.005491418,-0.007257852,-0.001238084,0.038542762,0.034411301,-0.068287829,-0.133822503,0.04,0.06,0.01,0.02,0.05,0.15,0.12,0.02,-0.02,0.1,-0.04,0.04,0.25,2.38,3.65,5.09,6.05,0.002420539,0.002247613,0.029720576,0.018032736,-0.017455204,-0.006730255,-0.009079117,0.002715835,-0.023257309,-0.022056211,-0.009167212,-0.000101299,-0.00516869,0.002487318,-0.001375526,-0.000455365,-0.001418659,-0.000163151,4.1445E-05,-0.000394766,-1.91407E-05,-0.000817863,-0.002405665,-0.000686048,-0.000620416,0.000990586,-0.003464892,0.002163332,-1.4,0.002230738,-0.002962708,0.005896056,0.003458911,16.0581
0.008345582,0.010156572,0.001578745,-0.00313577,-0.009138441,0.014299171,0.014714734,0.017168624,0.018584894,0.034537218,0.014290982,0.020238704,0.013797033,0.019201038,0.007487573,0.013589941,0.060883106,-0.004852216,1.0747,-329,-0.015420948,-0.003440092,-0.0004021,-0.3,0.7,0.017461339,0.013198325,-0.025851553,-0.030503454,-0.024111899,-0.020681478,0.004003042,0.000732993,0.015293681,-0.005960462,0.003128533,0.003835504,0.00201455,0.004517806,0.00069138,-0.000808645,0.000852423,-0.001816767,0.018743005,40.5,0.2,41.4,6.368187186,4.276666119,4.682131227,5.669880923,4.727387819,6.354370041,4.158883083,4.624972813,5.700443573,4.700480366,-0.012379079,0.006321546,-0.002546067,0.002843848,0.002245904,0.01,0.014479465,0.002859582,0.006940147,0.025181383,0.052780958,0.049438583,-0.006743669,-0.005141815,0.002062528,-0.000956751,-0.062249358,-0.060541798,0.121615635,-0.213115627,0,0.14,0,-0.02,-0.08,-0.4,-0.43,-0.33,-0.2,0.24,-0.04,0.02,0.17,1.98,3.22,4.76,5.85,0.040242873,0.055051425,-0.01596037,-0.044205724,0.034322606,0,-2.83235E-07,-0.003868249,-0.014016766,-0.173721313,-0.133099415,-0.000749921,0.00484432,-0.004678511,-0.000965692,-0.001408717,0.000848044,-0.000269836,-0.000796973,-0.001333014,-0.000727182,-0.000199044,0.001109318,-0.002194102,0.000258731,-0.000993538,0.003899012,0.001611274,1.4,0.006610349,-0.003532988,-0.000533697,-0.004194124,30.7986
0.002298307,0.00270975,0.002570509,0.009589589,0.000307847,0.001410476,-0.001823789,-0.002303829,-0.003233392,-0.010158129,-0.001308671,0.003743294,0.005208461,0.004146433,0.006476002,-0.001329469,0.04149536,-0.006593206,0.0266,-227,-0.010639079,-0.003087355,-0.000718437,-0.2,0.5,-0.032994195,0.010181443,0.001123343,0.010563479,-0.002262274,0.002391565,-0.001072041,0.001182932,0.008021021,-0.0007249,0.001733854,0.002690267,0.000223589,-0.001426806,0.000975253,0.000716787,3.4636E-05,-0.001299714,-0.011194799,40.3,-0.2,41,6.284134161,4.127134385,4.430816799,5.638354669,4.691347882,6.37502482,4.343805422,4.574710979,5.690359454,4.762173935,0.005100054,0.00598817,0.043505626,0.003214945,0.008514615,0.01,0.004423775,-0.00418532,0.002656514,-0.000349322,-0.005489285,-0.004721606,0.003351842,-0.001034253,0.00096298,6.3388E-05,-0.037769045,-0.035361015,0.079256477,-0.171223545,-0.02,0.02,-0.04,-0.03,-0.05,-0.18,-0.22,-0.08,0.18,0.28,-0.06,0.01,0.14,1.82,3.02,4.7,6.05,0.007196842,-0.003547676,-0.012770794,0.006726254,-0.002598779,-0.003359466,-0.004271513,-0.009839975,-0.001943162,0.154857565,0.025539648,0.000101024,-0.000225684,0.001096445,0.001516756,0.000390535,-0.00023718,-1.63074E-05,0.000239304,0.000143432,-5.20631E-06,-0.000764358,-0.000664053,-9.62356E-05,-0.001002928,0.000493457,0.000860932,-0.004312965,2.4,-0.001647576,0.001756815,0.002315048,0.001290932,28.7407
0.002946249,0.003483837,0.002409029,0.008438379,0.001298126,0.004270144,0.005513965,0.007700789,0.005942334,0.036929931,-0.002564553,0.011735897,0.002816409,0.008450577,-0.001490668,0.005690104,-0.004380763,0.019246095,0.5252,301,0.020259505,0.000488111,0.000273067,0,-0.6,0.04482441,-0.061020395,-0.021906557,-0.033841163,-0.017823611,-0.002827011,-0.000597779,0.000787845,0.010088743,-0.001451379,0.001384922,0.001554221,0.001117194,-0.000816232,0.001177163,0.000551025,0.000657856,-0.001692158,-0.007548205,40.3,0,41.1,6.302618976,4.33073334,4.521788577,5.602118821,4.672828834,6.361302478,4.204692619,4.624972813,5.693732139,4.727387819,0.005038573,0.016975586,-0.031226964,0.002648926,0.008399222,0,-0.015861046,-0.001073402,-0.000707714,0.000801708,0.000499875,-0.001010945,0.004620829,-0.00092379,0.000208127,-0.000178529,-0.003291484,-0.004881118,0.016585637,-0.125791951,0,-0.09,0.04,0.01,-0.03,-0.24,-0.19,-0.16,-0.22,0.19,-0.02,0.02,0.11,1.58,2.83,4.54,5.83,-0.029479823,-0.066584148,-0.037079754,0.035651554,0.004423509,0.004480542,0.006407702,0.003819282,0.050469577,-0.006797311,0.053949597,0.002286392,-0.002310441,0.012944885,-0.002989659,0.005197683,0.002817817,0.000308809,0.002657798,0.003437797,0.002665178,0.001413475,-0.001035062,0.006356637,0.00016616,0.000491263,-0.000868409,0.003764167,-8.2,0.002173827,0.002314681,0.003012863,0.028648994,25.0588
0.003662423,0.00165383,0.002928501,0.000507084,0.005991822,0.003224582,-0.000666836,-0.001242552,-0.002349109,-0.027934529,0.004667183,-0.000644204,0.007703399,0.006483355,0.005217918,0.00102948,0.005728498,-0.007129742,0.1929,-45,-0.004969051,0.002566795,0.001859184,0.1,-0.2,-0.049307048,0.173195247,-0.034202342,-0.021053409,-0.0387044,0.033828959,-0.000122666,0.000899635,0.0119436,0.002900655,-0.000692221,0.000987794,-0.003355333,-0.000284063,-8.11392E-05,9.1808E-05,0.000304545,0,-0.006623866,40.5,0.1,41.2,6.395261598,4.317488114,4.663439094,5.641907071,4.912654886,6.363028104,4.262679877,4.584967479,5.648974238,4.844187086,0.007660744,0.001505689,0.015838649,0.002730582,0.008715338,0,0.021021149,0.004641823,0.004339496,0.004094607,0.007991501,0.0101925,-5.12035E-06,0.003837759,0.001350368,-0.000158049,0.006903326,0.009838137,-0.004299529,-0.10318998,0.01,-0.1,0,-0.01,-0.03,-0.29,-0.31,-0.23,-0.35,0.08,-0.03,0,0.07,1.28,2.51,4.3,5.47,-0.010752982,-0.013577032,-0.02461813,0.023059313,-0.001728609,0.00446553,0.005316593,0.00713217,-0.006862082,-0.00757095,0.080112813,-0.000407212,-0.000519009,-0.002417816,0.002576162,-0.000145157,0.000520789,-0.000536436,-0.000693647,-0.000351586,-0.000619526,0.000480128,0.005188728,-0.000904109,0.000217749,0.000488353,0.000427227,-0.002152848,1.1,0.004760268,-0.003992388,-0.000939947,-0.00925648,23.9907
-0.00013907,8.3548E-05,0.001101123,-0.000155236,0.007206574,0.002180666,-0.002138522,-0.002874607,-0.003712591,-1.99143E-05,-0.004681913,0.003468545,0.007082973,0.004003763,0.000139881,-6.79026E-05,-0.011817694,-0.002604918,0.1109,-153,-0.009551081,-0.000720637,-0.000301255,0,-0.3,0.053929278,-0.066086597,0.003911116,0.057954684,-0.015456756,-0.046319534,-0.000483142,-0.000337268,0.011505543,-0.004172342,0.000865202,0.002113421,-0.001120951,-0.000506187,0.001945526,0.001467782,0.001562792,0.000911518,-0.00774625,40.6,0.1,41.4,6.386879319,4.248495242,4.553876892,5.690359454,4.890349128,6.333279628,4.219507705,4.553876892,5.66296048,4.718498871,0.016787686,0.052225736,0.100772486,0.012914619,0.01228062,0.01,-0.006181477,-0.002218159,0.001986847,-0.016487282,-0.032392553,-0.031905518,-0.000628413,-0.001691442,0.000192133,0.000417712,0.031504941,0.033305395,-0.053969778,-0.066834082,0,-0.02,-0.01,0,0,-0.06,-0.05,0.04,0,0.06,-0.04,0,0.07,1.22,2.46,4.34,5.47,-0.01271639,-0.037866221,-0.011967399,-0.004479721,-0.007138064,-0.002249562,-0.002685392,-0.001113565,-0.028624441,-0.025727169,-0.047334273,0.00015365,0.005137761,-0.000949284,0.003304155,0.000659075,-0.000989899,-0.000134205,-0.000181177,-3.33226E-05,-7.34342E-05,-0.00040892,-0.00179149,0.000906664,-0.000635227,-0.000497093,-0.003013439,0.002139033,-0.7,-0.002424887,-0.004209564,-0.006217927,-0.004778549,20.8896
0.00190786,0.003040108,0.002465409,0.005149547,0.011668434,-0.002634826,-0.000992373,-5.79491E-05,1.49216E-05,0.00473576,-0.001223315,0.002916298,-0.004494044,0.008291601,-0.009876769,0.000809308,-0.042926677,-0.006830362,0.1694,266,0.019148318,-0.002210592,-0.001989122,-0.1,0.6,-0.059937557,0.011122916,0.018632988,0.041048944,0.010331004,-0.014884202,0.002046001,0.000786782,0.011815231,0.001271687,-8.64865E-05,0.000562825,-0.001122209,0.002244809,0.00210339,0.001666988,0.002146583,-0.000130166,0.002244972,40.6,0,41.2,6.29710932,4.418840608,4.543294782,5.579729826,4.615120517,6.324358962,4.204692619,4.718498871,5.583496309,4.727387819,0.026969762,-0.028320298,-0.025019123,0.005600222,0.009582739,-0.01,-0.001160737,0.002049608,0.002158419,0.025470256,0.027027446,0.024640375,0.000716273,-0.000820076,0.005412284,0.000594562,0.043169159,0.051358324,-0.073666922,-0.046915808,0,0,-0.02,-0.01,-0.03,-0.23,-0.11,0.15,0.06,0.06,-0.06,-0.01,0.04,0.99,2.35,4.49,5.53,-0.036484653,-0.032103529,-0.0316562,0.017547656,-0.014725509,0.00495717,0.007841756,0.008095792,0.042293551,0.103738158,0.051429328,0.001861852,-0.004560215,0.012753353,-0.004083674,0.004552557,-0.001132598,0.000110279,0.002482794,0.002762535,0.002285211,0.002031244,-0.000504016,0.004825812,0.001495354,0.001465648,0.007724619,-0.002143618,-0.5,0.000587557,0.006992405,-0.023235286,-0.000382566,19.8217
0.00239043,0.003178507,0.002950489,0.002849989,0.010497233,0.000404759,-0.000857749,-0.004521049,-0.005865406,-0.014507924,-0.003628624,-0.001928466,0.001810943,0.003479409,-0.000374457,0.000432059,-0.002310549,0.002920446,0.1363,-119,-0.015718596,0.003184302,-0.000539252,0.4,-0.1,0.092395476,-0.007200751,0.00959046,-0.007147392,0.015773449,-0.047085039,0.00098702,0.001459526,0.009352691,-0.000363174,0.001987299,0.002248139,0.00157074,0.000912453,-0.000525433,0.00113416,-0.001635402,-0.0003906,-0.000448591,40.6,0,41.3,6.300785795,4.290459441,4.691347882,5.583496309,4.574710979,6.327936784,4.158883083,4.553876892,5.634789603,4.795790546,0.013892533,0.004244469,-0.066973814,0.008298812,0.007005238,0,0.017868987,-0.003246509,-0.000150436,-0.01241895,0.006851569,0.005120478,0.002713753,0.002400631,-0.007467377,-0.000308558,0.023042864,0.02630313,-0.033427769,-0.044034759,0,0,0.01,0,0.02,0.17,0.22,0.19,0.2,0.06,-0.05,-0.01,0.06,1.16,2.57,4.68,5.73,0.007255371,0.016485296,0.009613673,0.005906766,-0.004924178,-0.003898603,-0.005833291,-0.00333866,-0.02230906,-0.056902975,-0.055752871,-0.000945162,0.00338546,-0.008293301,-7.6526E-05,-0.00341921,-0.001026998,0.000548379,-0.001185199,-0.001722388,-0.00100246,-0.001078432,0.001212057,-0.002965628,-0.000801608,-0.001476226,-0.00430212,0.000532051,3.9,-0.002117013,-0.000179237,0.029025951,-0.003971573,19.1184
0.007096596,0.008460497,0.001349404,0.001776923,0.005183209,0.009376989,0.00664407,0.008949634,0.010647737,-0.004120459,0.01436029,0.007715352,0.012409339,0.008299556,0.010976729,0.00479125,0.092062723,0.016582506,0.4436,-57,0.005898568,-0.003086673,0.00184663,-0.5,0.8,-0.078184317,-0.046849862,-0.017048833,-0.111473866,0.01615088,-0.014176256,0.000558115,-0.001740449,-0.00247579,-0.007108387,0.000862813,0.001682794,-0.000448531,0.000920468,0.000969815,0.00122418,-0.000870545,0.000520766,-0.000942698,40.7,0,41.3,6.289715571,4.060443011,4.219507705,5.609471795,4.941642423,6.448889394,4.727387819,4.584967479,5.549076085,5.099866428,0.036029901,-0.004828151,-0.066433437,0.002691362,0.012190605,0,-0.021097375,0.001235218,-0.00037619,0.012780776,0.038198015,0.040039755,0.002656207,-0.000640815,0.001243346,0.008784338,0.034948361,0.033664866,-0.054827562,-0.015119578,-0.01,0.02,0,0.01,0.04,0.58,0.53,0.15,0.18,0.09,-0.04,0.01,0.11,1.75,3.11,4.84,5.92,0.013156155,-0.016175619,0.009883377,-0.023197897,-0.004750133,0.004338068,0.00510266,0.002042308,0.0334913,0.029620542,-0.013742227,0.001477895,0.000720744,0.008501762,0.000938281,0.003872174,0.002025345,-4.73025E-05,0.001823474,0.002179611,0.001508657,0.000380131,-0.002510386,0.003909365,-0.000363751,-0.00146759,-0.002988444,0.000529499,2.9,-0.00162832,0.00174696,0.001235499,-0.017607588,16.3639
0.012413514,0.01525084,0.000878178,0.012182001,0.006704442,-0.001016825,0.001505279,0.003438248,0.00151161,0.012782034,-0.00129354,0.009459204,-0.003816635,0.011331673,-0.006946093,0.001732639,-0.012629355,-0.001886095,0.2145,83,0.010683352,-0.002521889,-0.000366181,-0.2,2.5,-0.002602716,-0.043863852,-0.018416292,0.0451898,-0.040310123,0.015465747,0.000336247,-0.000674536,0.001020185,-0.007343525,0.002239836,0.004334156,-0.001122209,0.000495286,0.001452961,0.000912592,0.004413983,-0.000390549,-0.000359357,40.2,0,41.1,6.445719819,4.532599493,4.744932128,5.713732806,4.779123493,6.356107661,4.343805422,4.615120517,5.66296048,4.700480366,0.021803347,0.043440979,0.10730772,0.01016889,0.006611423,-0.02,0.005585605,0.000576232,0.000952739,0.014460632,-0.007635069,0.003259079,-0.001475462,-0.000704054,-0.001199866,-0.0012644,0.032560371,0.029715696,-0.040459735,-0.004360098,-0.01,-0.01,0.01,-0.01,-0.02,0.06,0.1,0.02,-0.01,0.09,-0.02,0.01,0.1,1.82,3.22,4.87,5.92,-0.011810098,-0.012880619,-0.00858753,0.0119197,-0.014186052,-0.001153784,-0.00266601,0.003540865,-0.012864539,-0.052344965,0.029203607,-0.000770737,0.003349597,-0.00955502,-0.001073952,-0.00260037,0.000387024,0.000389964,-0.001597632,-0.001213099,-0.00074061,0.001028762,0.004783454,-0.002431434,0.001581765,0.00292374,0.003408428,0.002645885,-0.3,-0.002077385,-0.003788273,-0.001848703,0.010192454,15.798
0.002568109,0.004117637,0.000418395,-0.014425981,0.008875235,-0.004404267,-0.001317124,-0.001148539,-0.002427799,0.023045678,-0.008810069,0.002807021,-0.007829946,0.005396842,-0.008655213,0.001240053,-0.040204347,-0.002011858,0.1666,122,0.011757771,-0.000319763,0.001033577,-0.1,0.2,-0.084239888,0.027639542,-0.026317308,0.029322403,-0.046913384,-0.061107986,0.001389642,0.003368141,0.003635046,0.004412583,0.002835662,0.003759665,0.001346499,0.001078167,0.002778954,0.002277843,0.00152656,-0.000520969,-0.001933758,40.9,0.2,41.4,6.248042875,3.951243719,4.158883083,5.739792912,4.49980967,6.295266001,4.094344562,4.48863637,5.690359454,4.574710979,0.006937665,-0.039341942,-0.032280443,0.002428125,0.006275867,0.01,-0.001770388,0.000907162,0.00190276,0.063215999,0.099804357,0.107654933,6.8823E-05,-0.005859883,-0.000653511,7.3787E-05,0.029575001,0.031809208,-0.034512369,-0.003829511,-0.01,-0.01,-0.02,-0.01,0.02,0.27,0.19,0.18,0.06,0.09,-0.03,0.01,0.13,2.1,3.42,5.06,5.99,-0.013123142,-0.006818804,-0.001068044,0.021438795,-0.006358841,0.003149821,0.004952965,0.000315705,-0.007577418,-0.002470954,-0.016177681,-2.84756E-05,-0.004294122,-0.001562263,0.002245676,-0.000670342,0.002003364,0.000437368,0.000122711,1.58896E-05,-0.000198778,-0.000402256,-0.000703876,-0.000683608,-0.000242657,-0.001953351,-0.003832962,-0.003717611,3.3,0.003480814,0.00150623,-0.002286787,-0.001530997,15.5491
-0.002655476,-0.002794189,0.003615388,0.011390314,0.009000641,0.009901123,0.001607644,0.000597035,0.001984842,0.016657434,-0.001741641,-0.00258901,0.018992321,0.011598072,0.011954787,0.005821223,-0.040493955,0.023300174,0.4892,70,0.006434427,0.001056786,0.001756065,0,1.7,0.026380427,-0.04526847,-0.001101524,-0.10273699,0.035512609,0.011145626,0.001936168,0.003468535,0.020400075,0.004758428,0.001800335,0.002637242,0.000448431,0.001694437,0.002329973,0.003361714,0.002100365,0.000651169,-0.001035873,40.7,0,41.4,6.396929655,4.127134385,4.394449155,5.831882477,4.753590191,6.368187186,4.077537444,4.553876892,5.733341277,4.787491743,0.035388245,0.068725907,0.108802377,0.009816698,0.013288016,-0.02,0.000286734,-0.000216631,-0.000275175,-0.007675305,-0.002333135,-0.012305869,0.002871908,0.000676138,-0.0026601,0.000271876,-0.012667702,-0.009931516,0.040270791,-0.047236023,-0.02,-0.02,-0.03,-0.01,-0.03,-0.15,-0.17,-0.09,-0.12,0.09,-0.04,0.02,0.12,1.97,3.27,4.99,5.89,-0.016751594,-0.03372008,-0.010839178,0.002168325,-0.011200606,-0.003286833,-0.004149657,-0.000206625,-0.00704391,0.137226503,-0.035522432,0.001950892,-0.002077855,0.011538131,-0.001712696,0.005797083,0.000503171,-0.000492531,0.001793211,0.002973882,0.002211263,0.001141692,-0.003198579,0.006011374,0.000149922,-0.002431079,-0.000426892,-0.001587162,-10,0.004372266,0.005739936,0.006250584,0.007752579,19.7765
-0.001746203,-0.001422552,-0.000671168,-0.003655495,0.006164095,-0.003453837,-0.002106384,-0.002104052,-0.001081522,-0.037589963,0.007883432,-0.008217676,-0.004917834,-0.006231265,-0.010381477,-0.005574846,0.027840056,-0.023714348,-0.3579,154,0.007440036,0.001088235,-0.000379622,0.1,-0.4,0.094772111,0.002346239,-0.018539649,0.013972764,-0.029927421,0.035329104,0.002456733,0.002844159,0.022776185,0.001459588,0.00248086,0.003597624,0.000672269,0.002395548,0.003684721,0.002771716,0.003934871,0.00052063,-0.000360555,40.9,-0.1,41.4,6.317164687,4.043051268,4.543294782,5.634789603,4.812184355,6.364750757,4.060443011,4.584967479,5.700443573,4.836281907,0.006206405,-0.041302257,-0.060905641,0.004824984,0.008585025,0.01,-0.004968437,0.002072558,0.002299139,-0.037341255,-0.064167283,-0.072261771,0.000545886,0.002605448,0.002163346,0.000426787,0.020501477,0.025664042,-0.013666742,-0.007228949,-0.04,-0.01,-0.04,-0.04,-0.01,0.06,0.05,0.03,-0.01,0.12,-0.04,0.02,0.15,2.07,3.36,5.06,5.92,-0.01808085,-0.023463102,0.018566993,0.013522857,-0.019229374,0.001521057,0.001386197,-0.001199313,0.031297054,-0.072316572,0.029070995,-0.000477095,0.003862703,-0.002435394,0.001604232,-0.001273737,0.000141711,-0.000236853,5.33123E-05,-0.000738672,-0.000617848,0.00014734,0.004314253,-0.001228092,-5.64081E-05,0.002915925,0.005955829,0.001057921,2.3,0.002299993,-0.023539488,-0.00728363,0.000259005,15.1848
-0.000843924,-5.40609E-05,-0.000753058,-0.007879078,-0.001279742,0.002101138,0.004413174,0.004468136,0.002631017,0.012820655,0.000179669,0.008405462,-0.000408631,0.009420014,-0.011273998,0.001081064,0.018556553,-0.000417378,0.113,-172,-0.010681009,-0.000416908,0.000272197,-0.1,0.9,-0.04363662,-0.028524854,0.02330418,-0.018349139,0.037759081,0.004507184,0.000615139,0.00278056,0.014490007,0.005635866,0.000768672,0.002345314,-0.001793722,0.000272658,0.000399696,0.000669132,-0.000102452,0.002079814,-0.002482343,41,0.1,41.5,6.329720906,4.060443011,4.65396035,5.579729826,4.890349128,6.426488457,4.394449155,4.59511985,5.713732806,4.905274778,-0.018893854,0.017122358,0.043514881,0.008266831,0.012223343,0.02,0.014897513,-0.001254694,0.002517982,-0.018828028,-0.023207872,-0.024518722,0.005062785,0.002111679,-0.002658353,8.6574E-05,0.005093987,0.009105232,0.013608774,-0.018622462,-0.01,-0.04,-0.02,-0.03,-0.06,-0.33,-0.29,-0.2,-0.24,0.09,-0.05,0,0.1,1.75,3.08,4.87,5.69,0.001466259,-0.026198427,-0.024972266,-0.002873653,0.010384309,-0.003728327,-0.004013622,-0.004121251,-0.077262987,-0.14915906,-0.045410731,-0.001506452,0.006710747,-0.009421689,-0.000992743,-0.003918255,0.000531288,0.000164378,-0.001754475,-0.002196812,-0.001552106,-0.00112728,-0.001393492,-0.005319652,0.000353646,-0.000973232,-0.00552677,-2.79651E-07,4.5,-0.002069255,0.021540202,0.008408745,-0.007963852,16.275
0.005018116,0.006609754,0.002511376,0.010053852,0.007588763,0.002635242,-0.000781662,-0.001026418,-0.001452581,-0.00744267,-5.56549E-05,-0.000316351,0.006314045,0.002901836,-0.00068391,0.000726604,-0.006851289,0.014018279,0.0706,109,0.006084448,-0.000866944,-0.001720381,0.1,0.3,0.094696662,0.028524854,-0.007585062,-0.09234188,0.018996064,-0.010110107,0.001774946,0.002108067,0.01603731,0.002173127,0.001194539,0.002477293,-0.000898069,0.001722184,0.002394828,0.001715994,0.002421895,-0.001299376,0.001580385,40.8,-0.2,41.3,6.410174882,4.234106505,4.820281566,5.65248918,4.86753445,6.455198563,4.234106505,4.624972813,5.789960171,4.927253685,0.010406786,-0.02128469,-0.041626306,0.001824758,0.005369219,0,-0.011209032,0.003595323,0.009318531,0.007917195,0.007046368,0.006761186,-0.007793982,0.001635366,0.000401633,-0.000224049,-0.038868391,-0.036050609,0.094747581,-0.054735932,0,-0.01,0,0.01,-0.01,-0.26,-0.17,0.03,-0.03,0.08,-0.05,0.01,0.09,1.49,2.91,4.9,5.66,-0.001233239,-0.039559443,-0.00866354,-0.006942979,0.008845064,-0.008897664,-0.012729782,-0.007961221,0.030812032,0.031443372,0.019700509,-0.003176664,-0.004551665,-0.014077496,-0.000819901,-0.007768248,-0.000545795,0.000107099,-0.003470419,-0.00511386,-0.003334709,-0.003224128,0.000235221,-0.009450442,-0.001631878,-0.000485554,0.002121971,-0.001586323,-2.8,-0.001099012,-0.00212375,0.001238206,-0.000150766,19.2487
0.003491371,0.005017868,0.00197822,0.004526889,-0.001062676,0.005288876,0.008054636,0.00919192,0.007164336,0.015156613,0.005276348,0.013383352,0.00232215,0.003933996,0.002726834,0.006451117,0.005718224,0.007595153,0.4736,253,0.021720361,-0.000378301,0.001003915,-0.1,0.8,-0.108281777,-0.018925878,0.004166673,0.057633389,-0.012193316,-0.013600739,0.000545504,0.002711754,0.014057397,0.003431155,0.001618882,0.001922549,0.001122461,0.000201899,0.001792365,0.000829846,0.002844197,0.00038999,-0.005202102,40.9,0.1,41.4,6.434546519,4.477336814,4.521788577,5.726847748,4.912654886,6.431331082,4.094344562,4.615120517,5.796057751,4.875197323,0.008856832,0.045540775,0.063851166,0.006823498,0.003214666,-0.01,0.014246394,0.011158192,0.017847575,-0.018896364,-0.028428629,-0.030375962,0.004855019,0.001075216,0.008951847,0.000960607,0.029016612,0.033171998,-0.032947039,0.01279912,-0.02,0,0,-0.02,0.01,-0.04,0,-0.06,0.01,0.1,-0.03,0.01,0.12,1.47,2.93,4.86,5.69,-0.006307786,-0.022510731,-0.014823493,-0.003768111,-0.022051724,0.007846156,0.010282262,0.003451553,-7.60702E-06,0.0603214,0.031066314,0.002616611,0.002208728,0.010515188,0.001066104,0.00482873,-0.000787792,0.000952925,0.002755612,0.00355299,0.002725299,0.002005723,-0.001673386,0.006313192,0.001092244,0.001452198,0.000421841,0.002643685,-7.8,0.00881789,0.006086514,-0.000649974,0.003575679,18.7232
-0.001091091,-0.000819709,-0.000253399,0.00739346,0.002965879,0.00578236,0.005378769,0.006944159,0.004788581,0.009902097,0.003567009,0.010399293,0.006219445,0.004133683,-0.007660403,0.003718453,0.013231968,0.008714352,0.2586,-300,-0.022716085,0.00307444,0.002991422,0,-0.2,0.006815627,0.019595222,0.008524163,0.103896276,-0.024014876,-0.007541697,0.000847971,0.001435909,0.005303645,0.000900982,0.001531264,0.00191886,0.000897062,0.000754565,0.000477422,0.001549606,-0.000176676,0.000519751,-0.001452367,40.8,0,41.3,6.371611847,4.025351691,4.465908119,5.703782475,4.955827058,6.472346295,4.143134726,4.709530201,5.802118375,4.955827058,-0.014583885,0.016293466,0.072565675,0.009959039,0.005618115,0,0.032869817,0.002231085,0.019532715,-0.02051756,-0.036123246,-0.036589926,0.006528227,-0.000580555,-0.016406723,-0.000779342,-0.111551502,-0.107144873,0.242869469,-0.128710714,0.03,0.04,-0.02,-0.02,-0.08,-0.52,-0.7,-0.56,-0.4,0.11,-0.08,-0.04,0.01,0.92,2.2,4.27,5.26,-0.000463253,-0.051716282,-0.029152903,0.012179519,0.027260335,-0.006797121,-0.00734539,-0.011854094,-0.017798112,-0.127794018,-0.053072861,0.000532887,0.001305932,0.001322427,-0.000692751,0.001181562,-0.001593563,0.000181003,0.000495545,0.001083425,0.00061876,0.000595478,-0.00068981,0.001795836,0.000383089,-3.7449E-06,0.005896854,-0.003172086,-7.9,-0.003151287,0.000628852,0.001405514,0.007584829,36.1286
-0.001675424,-0.001650364,0.002025399,-0.00651814,0.009810315,-0.000522334,-0.000605883,-0.001858191,-0.005222635,4.36738E-05,-0.006489031,0.005355941,-0.000428726,0.006870391,0.007096011,0.003273563,-0.028172053,0.006369367,0.2124,318,0.020656734,0.002409945,0.001720661,0,-0.1,0.03849476,-0.036801427,0.008331872,-0.088873459,0.041456714,0.019946264,0.001761782,0.002590461,0.012223324,0.005747142,0.000424935,0.001368364,-0.001121454,0.001630021,0.001550049,0.000953795,0.001616102,-0.00064973,-0.001545455,40.9,-0.1,41.3,6.476972363,4.077537444,4.59511985,5.793013608,5.099866428,6.413458957,4.219507705,4.691347882,5.707110265,4.882801923,0.006815171,-0.025227606,-0.067089256,0.005532528,-0.002780058,0,-0.048491092,-0.020111768,0.000403892,-0.000332209,0.003884964,0.003677541,-0.010123395,0.000676835,0.009067209,0.000708989,-0.009689842,-0.003631442,0.044307073,-0.024643993,-0.02,0.01,-0.01,-0.02,-0.01,-0.12,-0.32,-0.28,-0.09,0.14,-0.07,-0.04,0.02,0.82,1.9,4.01,5.19,0.030474643,0.116870939,-0.002211219,-0.036421992,0.020966396,0.011469545,0.013663437,0.012360988,0.017832122,0.1101156,-0.015418311,-0.000980304,-0.010647293,-0.000884189,-8.65084E-05,-0.000821073,-0.001659917,-0.001111202,-0.001065185,-0.001150077,-0.001046719,-0.00096794,-0.003252584,0.000175495,-0.000991878,-0.000968051,-0.00717169,0.002115004,3.7,-0.007994576,0.000153673,-0.000255771,-0.003170698,37.2978
0.001225139,0.001258092,0.00133452,0.012546214,0.005719798,0.006941101,0.004250617,0.006603665,0.002693587,0.017438094,-0.000874179,0.014048183,0.009853559,0.004197998,0.002062884,0.005564708,-0.029462549,-0.017508215,0.3714,-72,0.00122684,-0.001103567,0.001318833,-0.2,-1.7,-0.031725272,0.12051754,-0.063801259,-0.024146042,-0.07679608,-0.037436549,0.001577674,0.001155275,0.00884386,0.000716076,0.000934222,0.00232193,-0.001347406,0.001644852,0.001151045,0.003071151,0.000345968,0.001688422,0.000682113,41,0.1,41.5,6.413458957,4.158883083,4.644390899,5.749392986,4.852030264,6.508769137,4.219507705,4.682131227,5.886104031,4.905274778,0.006608998,0.00726148,-0.000540747,0.002868572,0.006975127,0,-0.000793485,0.000693634,0.002609481,0.017122002,0.01119464,0.01124819,0.003076788,0.003300492,-0.000342537,0.000453053,0.028005694,0.028276849,-0.024724914,0.017518547,-0.01,0.02,0.01,0.01,0.01,0.16,0.17,-0.11,0.1,0.17,-0.05,-0.02,0.04,0.99,2.08,3.91,5.3,0.006078586,0.021552315,-0.001990372,-0.000190241,0.017109649,-0.010933375,-0.014127115,-0.014370392,-0.03102736,0.017676375,-0.028298229,-0.001494214,0.006787167,-0.007332825,0.00260033,-0.003389641,-0.000380729,-0.000137188,-0.00115679,-0.002496654,-0.001782605,-0.001399258,0.004691869,-0.004777533,-0.001180904,0.000480881,-0.00294321,0.00316595,1.3,-0.001393062,-0.005174944,-0.002216605,-0.003492751,31.9911
-0.000597115,-0.000490557,-0.001466046,-0.003625281,0.004219961,-0.000616714,-0.005030004,-0.004655633,-0.011284672,-0.017466532,-0.009800643,0.007351574,0.004138855,0.004667733,-0.006250716,-0.002608731,-0.030874598,0.018265029,-0.2465,-270,-0.014771855,0.001084102,0.00325754,-0.2,1.5,-0.042885592,-0.109471518,-0.012380865,0.022653876,-0.024273036,-0.033224808,0.001093098,-5.49828E-05,0.003618978,0.000894374,-0.000849257,0.000136416,-0.00247497,0.001275522,0.000911957,0.002149575,0.000508559,0.001685576,-0.001228138,41,0,41.5,6.56667243,4.59511985,4.532599493,5.85220248,5.141663557,6.559615237,4.406719247,4.634728988,5.877735782,5.099866428,0.011260159,0.035651978,0.069624176,0.012458003,0.005230459,0,0.00635607,0.001050998,0.002484532,-0.029081385,-0.026021935,-0.02548102,0.001853724,-0.001199375,0.002510865,0.000784686,0.015779161,0.01788505,0.000780268,0.005861194,0.01,-0.03,-0.01,0,0,-0.15,-0.14,-0.11,-0.23,0.13,-0.07,-0.03,0.03,0.83,1.93,3.79,5.06,0.008842309,0.013417067,0.011887107,0.002407045,0.004890942,0.004672226,0.006801075,0.010418352,0.055682276,0.108468866,0.059659418,0.001171165,0.00364325,0.005767155,-0.00047224,0.003210508,0.000573948,-0.000330716,0.001364371,0.001856729,0.001291817,0.001993732,-0.001306775,0.00393393,0.001828327,-0.001927943,0.00168067,-0.004749207,2.9,0.000345211,0.003535232,0.00526442,0.003901303,31.483
0.009012034,0.010083701,0.0006069,0.008725485,0.000681608,0.005455785,0.004746855,0.003196723,-0.000649126,0.006605428,-0.002427984,0.016136117,0.00622213,0.012520801,0.004076717,0.007248012,-0.019249857,-0.012223647,0.4789,220,0.020585349,-0.000863292,0.000539528,-0.1,0.2,0.046626711,-0.013826698,-0.021114154,-0.025202947,-0.019851769,-0.031976623,0.001513287,0.003129206,0.008095129,0.003213141,0.002715087,0.005034367,-0.001127015,0.001256457,0.000594307,0.002965983,-0.000393263,0.001035867,-0.000774047,41.1,-0.1,41.6,6.542471961,4.110873864,5.176149733,5.786897381,4.86753445,6.546785411,4.33073334,4.709530201,5.880532986,5.023880521,-0.006629343,0.04205246,0.098771106,0.016266016,0.005430888,0,-0.012957699,-0.00030872,0.003774123,0.013427343,0.032736123,0.032535501,-0.001536451,-0.003822567,-0.000448902,-0.000427245,0.013685865,0.013531844,0.004681367,0.007292545,-0.01,-0.03,0,0,0.01,-0.02,-0.03,0.06,0.11,0.11,-0.06,-0.02,0.05,0.82,1.91,3.86,5.18,0.013994967,0.027699593,0.00305363,-0.013952381,-0.001269345,-0.003632726,-0.005342286,-0.004486421,-0.052842678,-0.103876808,-0.009472104,-0.001608465,-0.00711729,-0.0085376,-0.000518025,-0.005592034,0.000185564,0.001209997,-0.002019048,-0.002517887,-0.001690889,-0.001478394,0.000157581,-0.006369212,-5.48417E-05,0.002407667,0.002947281,0.003161779,6.2,0.000698594,0.003082165,0.001657778,-0.002280162,24.5547
0.004494217,0.009090732,0.004741353,0.00589613,0.008922597,0.006029177,0.004326142,0.004228094,-0.000483898,0.024263084,-0.006652616,0.016250399,0.007867987,0.008917394,0.009555626,0.008147133,-0.042029003,-0.01774805,0.5429,353,0.03354165,0.002503439,0.004828567,-0.2,-0.2,-0.079233973,0.01210878,-0.014955546,-0.001021451,-0.01988856,0.001987414,0.002614616,0.003283356,0.009805873,0.002669753,0.003045688,0.004063394,0.001352265,0.002508188,0.003953043,0.00274373,0.004573973,0.001164069,-0.000364465,41.2,0.1,41.8,6.583409222,4.304065093,4.691347882,6.008813185,4.890349128,6.568077911,4.343805422,4.691347882,5.978885765,4.875197323,0.003340013,-0.01097737,0.000773196,0.011183776,0.004522943,0,0.019319046,0.004226801,0.005517547,0.024214126,0.008776121,0.008960535,0.004951145,0.006907241,-0.000931465,-0.000344783,0.045025098,0.041853803,-0.070010576,0.033377927,0.01,0.08,0.02,0.02,0,-0.05,-0.01,-0.08,-0.02,0.18,-0.05,-0.01,0.04,0.76,1.89,3.77,5.15,0.001885333,0.004489585,-0.010761234,-0.00405002,-0.010311901,0.004663352,0.005821481,0.004488907,0.033127799,0.002906986,0.065068431,0.002482812,0.003442269,0.013825617,-0.000784207,0.007099986,2.64173E-05,-0.00058918,0.002754913,0.003911868,0.002729662,0.003004581,0.001991775,0.008302494,0.001339474,-0.002406971,-0.005052812,-0.001055404,5.1,0.002950921,-0.00466298,-0.008711719,0.009726301,19.1781
0.006154237,0.007689596,0.005990295,0.003595534,0.012107525,0.002784765,0.003032809,0.00170885,-0.000780878,-0.005309358,0.000348682,0.006584788,0.002522703,0.009510413,-0.005251219,0.003608615,-0.002105149,0.011048028,0.1994,-228,-0.018157913,0.001876707,0.001933377,0,-0.5,0.053513947,-0.020848566,-0.019014562,0.046914791,-0.043671803,-0.039141299,0.001746778,0.001637644,0.008077792,0.000533096,0.001856697,0.002969364,0,0.001764152,0.000197243,0.001742099,-0.001939354,0.001033592,4.55654E-05,41.2,0,41.7,6.556778356,4.158883083,4.574710979,6.011267174,4.905274778,6.603943825,4.564348191,4.828313737,5.924255797,4.96284463,0.011676538,0.006550344,-0.017412082,0.014048207,0.008462536,0,-0.015911444,-0.003937952,0.00217516,0.015048107,0.012118106,0.012254063,0.003903481,0.003835034,-0.001504869,-0.000617325,0.039137019,0.039139366,-0.056227616,0.028353295,0.02,-0.05,0.06,0.05,0.04,-0.01,0,0,-0.09,0.11,-0.01,0.02,0.06,0.73,1.87,3.75,5.04,-0.014780835,-0.027902751,0.019378606,0.017875859,-0.016221682,-0.001044028,-0.000497271,0.002488425,-0.013417088,0.003053129,-0.009889337,-0.000585327,-0.006854596,0.003165568,-0.001640482,0.000638305,0.000814394,-0.001425745,-0.000187424,-0.000976341,-0.000522103,-0.001207369,-0.002318705,-8.77193E-06,-0.001410536,0.002884386,0.005895982,-0.002104156,0.3,-0.003671202,0.000935355,0.000887104,0.002865653,16.6353
0.003624789,0.003580458,-0.001972733,-0.000927353,0.00403252,-0.004878189,-0.007188649,-0.007978564,-0.01599104,-0.009914799,-0.017543316,0.008648959,-0.002389451,-0.00919358,-0.005285954,-0.005016827,-0.053276636,-0.018367569,-0.4528,333,0.028340485,0.000504169,0.001253989,-0.1,-0.4,0.036860134,-0.021292501,-0.016172859,-0.055639506,-0.001145257,0.009180033,0.001975501,0.002070507,0.004390098,-0.000710858,0.003198925,0.003497918,0.002699057,0.001960377,0.002167104,0.001739069,0.002405049,0.003094381,-0.000182274,41.1,0.1,41.6,6.543911846,4.454347296,4.718498871,5.857933154,4.990432587,6.692083743,4.369447852,4.882801923,6.001414878,5.252273428,0.001391871,-0.02658116,-0.078671293,0.004994671,0.004178167,-0.01,0.005432925,0.000195466,0.002426846,-0.049857923,-0.057654965,-0.057780495,-0.01234305,-0.006882367,0.003191337,0.000263784,0.026809497,0.024654001,-0.030819558,0.01368223,0.03,-0.01,-0.01,0.02,0.03,0.19,0.2,0.14,0.09,0.07,-0.05,0.01,0.06,0.89,2.04,3.86,5.1,0.009259313,0.001424736,0.049668488,0.001264702,-0.002913843,-0.001551051,-0.002900186,0.007885259,0.012187564,0.017955663,-0.032992526,-4.38829E-05,0.008764261,-0.007090992,0.002123845,-0.002581094,-0.000849769,0.001611195,-0.000426962,-0.000213538,-0.000209434,-0.000556918,-0.00109401,-0.000895739,-0.00037583,-5.76186E-06,0.002085576,0.002104156,0.9,0.001991167,0.003679972,0.002774703,-0.010406871,14.6666
0.003732089,0.004007364,0.001202128,0.003256087,-0.004679935,0.007614188,0.008432374,0.007444299,0.008563632,0.005824485,0.009247377,0.009528939,0.006736288,0.012020511,0.004958955,0.005509353,0.075895367,-0.009763874,0.3372,-189,-0.013349292,-0.001319133,-0.00096501,0,-0.1,-0.031510484,0.031771116,-0.014598799,0,-0.020062401,0.040494609,0.000538096,0.000652955,0.003124026,-0.001245219,0.001511716,0.002012478,0.000673628,0.000519809,0.000157425,0.002160746,0.000762193,0.000386125,-0.000547021,41.2,0,41.7,6.624065228,4.356708827,4.828313737,5.991464547,5.010635294,6.595780514,4.49980967,4.744932128,5.902633333,5.081404365,-0.005224611,-0.005111062,-0.01340647,0.00361274,0.004306603,0.01,-0.000200788,0.001033903,0.003861458,0.014127679,0.020508533,0.020074991,0.007847166,-0.002471838,0.000748736,0.000418313,-0.002024737,-0.002523708,0.027311431,-0.009909121,0.01,0,0,0,-0.01,-0.13,-0.12,-0.03,-0.04,0.06,-0.06,0,0.04,0.75,1.91,3.82,5.05,-0.001761328,0.00021901,-0.014824515,0.011060947,-0.001006745,-0.001546259,-0.001447062,-0.016794926,-0.036499,-0.06511134,-0.031735455,-0.000431871,-0.001563272,-0.002812548,-0.000373149,-0.001243564,0.001168259,5.16989E-05,-0.000498631,-0.000731768,-0.00043062,-0.000453764,-0.00028421,-0.003649467,0.000590008,-0.000483632,-0.007966736,0.002621503,0.2,-0.000579121,-0.0006102,0.003180329,5.59067E-05,17.2017
0.000871248,0.000551482,0.000160175,0.003028332,-0.001441315,0.001782885,0.002575507,0.003814631,0.004603425,-0.007799258,0.007721692,0.005248557,0.00092801,-0.008070051,-0.01289974,-0.004205237,0.078810468,0.005224878,-0.3931,52,0.003789033,0.002074911,0.002161174,0,0.4,-0.028606512,0.043514683,0.002683049,-0.137959444,0.051088675,-0.02184794,0.00087379,0.000108784,0.002741093,-0.0024951,0.000922703,0.001339406,0.000224442,0.000995546,0.001808603,0.001908903,-0.000128116,0.001286008,-0.000912367,41.1,0,41.6,6.562444094,4.343805422,4.691347882,5.894402834,5.068904202,6.679599186,4.369447852,4.787491743,6.042632834,5.170483995,-0.005385686,-0.00582276,-0.010415051,0.000371592,0.004425213,0.01,-0.004088088,-0.002330097,0.005279501,-0.010687152,-0.005629996,-0.005427743,-0.005139308,0.000651152,-0.000839839,0.001066325,-0.033115172,-0.030980519,0.091311454,-0.036014503,0.02,0,0.01,0.01,0.01,-0.13,-0.25,-0.16,-0.12,0.04,-0.07,-0.01,0.03,0.6,1.64,3.64,4.91,0.015163203,0.027005314,-0.019707422,-0.004761317,0.016879302,-0.005170908,-0.007273691,-0.003514758,-0.000927921,-0.059911558,0.001214394,-0.003729733,-0.002788491,-0.017262282,0.000405504,-0.007791533,-0.000327723,-0.001057625,-0.004160106,-0.005105498,-0.004049308,-0.002544856,0.002019118,-0.009210334,-0.000966611,-0.004306794,0.005866336,-0.006296189,2.9,-0.001805478,0.002226543,-0.009746732,-0.003859002,20.7474
0.001383017,0.001015998,-0.001502645,-0.002791683,-0.008050407,-0.000477658,0.000217233,0.000947653,-0.003502023,0.000134244,-0.0044242,0.012893687,-0.001233861,0.003982806,-0.000377834,0.001776148,-0.008721349,0.01083467,0.0572,107,0.007695037,0.001400231,0.001300084,0,0.7,0.074416048,-0.06885031,0.018997638,0.07245826,0.001480111,0.015145766,0.000507493,0.001358807,-0.000871351,0.003028956,0.000754306,0.001203933,0,0.000371993,-0.000471494,0.001552713,-0.001309069,0,0.000866769,41.1,0,41.7,6.629363253,4.382026635,4.574710979,5.910796644,5.351858133,6.677083461,4.394449155,4.787491743,6.013715156,5.214935758,-0.027377388,0.005053843,-0.008232463,0.002096347,0.003180505,0.02,0.004563937,0.003857453,0.007890268,0.018333097,0.015924088,0.016033161,0.006039901,-0.002485574,-0.000306219,0.000866607,-0.013352295,-0.012915432,0.052488023,-0.015394178,0,0.01,0,0,0,-0.05,-0.18,-0.16,-0.05,0.05,-0.07,-0.01,0.03,0.55,1.46,3.48,4.86,0.014875473,0.020360427,-0.004423149,-0.023380989,0.01796191,0.001530389,0.002381944,-0.001087649,-0.001431506,-0.051793461,0.002318523,0.001243617,-0.005107192,0.003413419,0.002486447,0.001484113,-0.000893286,0.001236217,0.001254545,0.001873788,0.001152007,0.000640726,-0.002517092,0.002367747,0.000519233,0.004785836,-0.002096698,0.004721245,-6.1,0.002811118,0.000843477,0.008566163,-0.000199946,20.6091
-0.006157667,-0.006865104,0.002453154,0.00190135,0.003349217,0.002661182,-0.001070676,-0.000573866,0.001734595,0.001419478,0.001806107,-0.010767872,0.006713179,-6.38556E-05,0.001139128,-0.001369836,0.023297057,-0.00388919,-0.1768,-106,-0.007523828,-0.000870881,-0.00069551,0,-1,-0.031431687,0.061504701,-0.034345388,-0.024513762,-0.037484377,-0.017826733,0.001163276,0.001953444,-0.003493018,0.001955035,0.002343097,0.003070149,0.001121454,0.001037389,0.000196483,0.001286219,-0.000425479,-0.000257069,-0.000775494,41.1,0,41.7,6.606650186,4.465908119,4.736198448,5.857933154,5.241747015,6.744059186,4.49980967,4.787491743,6.075346031,5.318119994,0.011330821,0.032279395,0.102829461,0.011948735,0.007193824,0.01,0.009250664,0.00028892,0.007055226,0.005499041,0.020096605,0.020318478,-0.002480279,0.002228711,-0.001700867,0.00158135,0.027058291,0.026470724,-0.025990886,0.02617238,0,0.03,0.01,0,0,-0.09,-0.09,-0.24,-0.15,0.08,-0.06,-0.01,0.03,0.46,1.37,3.24,4.71,0.002677638,0.021386217,-0.004807592,0.002375679,-0.013515043,0.005716319,0.006835006,0.005986777,0.065149446,0.203841466,0.013728423,0.001115473,0.000799464,0.011078777,-0.001735272,0.00341783,0.001238074,-0.000583121,0.001509678,0.001661531,0.00132526,0.000912514,0.001574109,0.004670346,-0.000462608,-5.71239E-06,0.002919011,-0.000527544,-0.9,0.001024021,0.000842334,-0.002169555,0.011833939,16.765
-0.003010395,-0.002524717,-0.00088044,-0.00088956,0.01170309,-0.004103533,-0.002026853,-0.002343712,-0.005721179,-0.011297305,-0.004326739,0.006393042,-0.006359203,-0.007113441,0.004749527,-0.001859778,-0.011122737,0.00871526,-0.2121,-10,0.00352797,-0.001194662,-7.02783E-06,-0.1,0.3,0.044811022,-0.05972439,-0.013552687,0.040348109,-0.032777027,0.002011399,0.001288463,0.000650301,-0.001250469,0.002836881,-0.000334392,-0.001467156,0.001567925,0.001390142,0.00129582,0.001038339,0.000492998,0.001027881,0.000136896,40.9,-0.1,41.5,6.625392368,4.33073334,4.875197323,5.937536205,5.123963979,6.733401892,4.406719247,4.828313737,6.086774727,5.262690189,0.022298361,-0.115121665,-0.258583242,-0.010801802,0.005702702,-0.01,-0.004858581,-0.000340247,0.001227859,-0.009089503,-0.019084412,-0.019304421,-0.002716211,0.001071324,0.001351401,0.000907633,0.031610569,0.034636568,-0.035610309,0.024786612,-0.03,-0.05,0,-0.01,-0.01,0.09,0.15,0.08,0.04,0.06,-0.03,0.01,0.05,0.58,1.55,3.35,4.78,-0.012962672,-0.010480984,-0.003094675,0.00823891,-0.021729152,0.010322906,0.014548282,0.01410388,0.011792833,0.003620165,0.019197951,0.00550395,-0.00230938,0.02898158,-0.002800693,0.012656121,-0.003672765,0.000890967,0.006256836,0.007766421,0.006147099,0.002952153,-0.000453704,0.012185355,0.000387809,-0.004296514,-0.001675181,-0.004715749,2,0.000669337,0.001894224,0.006468243,-0.00793092,14.5822
0.00550944,0.005837941,0.002129735,0.001505608,0.007987352,-9.2093E-05,-0.001743582,-0.002052887,-0.001880193,-0.010750205,0.000321179,-0.000404066,0.001690938,-0.003951018,0.004921012,-0.000536443,-0.02311219,0.001384306,-0.112,-163,-0.004773891,0.002561928,0.005278019,-0.3,0.2,-0.092512373,0.00284192,-0.01668657,0.009166956,-0.026325242,0.022648475,0.001442894,0.000108342,-0.006024115,0.002299055,-0.000501798,-0.001202003,0.000671216,0.001655287,0.001215758,-0.001549105,0.002353585,0.001796254,0.000410575,41,0.1,41.5,6.741700695,4.356708827,4.9698133,6.047372179,5.308267697,6.835184586,4.454347296,5.010635294,6.161207322,5.393627546,0.008503019,0.076015145,0.172753676,0.003030611,0.005863599,0,0.004745207,0.001089062,0.003334887,-0.020243998,-0.04074736,-0.039768361,-0.002551253,0.000809002,-0.001319078,-0.000482681,0.028081807,0.027721142,-0.028219646,0.024029529,0.01,-0.02,0.01,0,0,-0.04,0.04,0.01,-0.07,0.03,-0.03,0,0.04,0.53,1.58,3.35,4.7,-0.022710317,-0.030945984,-0.00708558,0.025371871,-0.01430988,-0.002680855,-0.002611005,-0.000100306,-0.03231758,-0.062524711,0.075222495,-0.001032798,0.013158227,-0.008712294,0.000827848,-0.002414046,-0.000541866,-0.000222567,-0.001043284,-0.001674541,-0.001177057,-0.000250075,-0.000255213,-0.000760229,-0.000102264,0.003341631,-4.31867E-06,0.003669453,4,0.000217384,-0.006693353,-0.004192455,0.001075774,14.365
0.007363494,0.009549299,0.000539213,-0.00387223,0.001281931,0.002247848,-0.00363698,-0.004278284,-0.001324178,0.008111255,-0.003671185,-0.012213559,0.008551997,0.003540935,0.003230408,-0.003562856,0.041444819,0.017949225,-0.3348,187,0.015208208,0.002536096,0.002701808,0,-0.2,0.037506813,0.014089701,0.001327532,-0.036626122,0.015557441,-0.0354562,0.001136486,0.000595673,-0.011266655,0.002293781,0.000585407,0.000267237,0.001117693,0.001222462,0.001801308,0.002691792,0.001426985,0.001024984,-0.001003925,41,0,41.5,6.818924065,4.356708827,5.081404365,6.098074282,5.442417711,6.787844982,4.454347296,5.043425117,6.124683391,5.241747015,0.006252603,0.008816857,0.033067991,0.006774487,0.001103827,0,-0.004015721,-0.002158244,0.00325608,0.032459726,0.047050062,0.045799295,0.004316756,-0.002237303,0.002031406,-0.000434748,-0.00388722,-0.008190866,0.046468467,-0.001420447,0.02,0.02,-0.01,0.01,0,0.04,0.03,-0.02,-0.26,0.03,-0.06,-0.01,0.02,0.55,1.59,3.31,4.42,0.002252648,-0.006734752,0.011172988,-0.002856613,0.009056282,-0.008185225,-0.01149091,-0.007984025,-0.017970063,-0.061834437,-0.059268435,-0.002066755,-0.001231433,-0.012197252,-0.000674913,-0.00475898,0.002582284,-0.000257661,-0.002608601,-0.003012691,-0.002175004,-0.000148471,0.001304507,-0.00526526,0.001369925,-0.000478579,-0.003321053,0.001047943,4.3,-0.003069697,-0.00149338,0.000596689,-0.004010683,15.8872
0.014292493,0.01623196,0.003995084,0.018261191,0.004272723,0.00489018,0.00641547,0.006611828,0.00476166,0.013803202,0.002487015,0.013162063,0.003256614,0.009477255,0.003471241,0.007235983,-0.01096529,-0.005504982,0.4714,-166,-0.010795925,-0.00138955,-0.000683489,-0.1,-0.6,-0.005708864,-0.029460871,-0.035101849,-0.028807414,-0.037377985,0.085143963,0.000964628,0.000270643,0.008367189,0.001760874,-0.000920079,0.000400721,-0.003132694,0.001074876,0.002110447,0.00033377,0.004228592,0.000896,-0.000913534,41,-0.1,41.5,6.725033642,4.204692619,5.049856007,6.095824562,5.111987788,6.821107472,4.33073334,5.117993812,6.186208624,5.236441963,-0.008752898,-0.003827458,-0.065656729,0.001203311,0.004045462,-0.01,-0.013141367,-0.000180447,0.00744451,-0.006209888,0.008057699,0.00808105,-0.004703777,0.008679625,0.000284728,-0.00087172,-0.030584979,-0.031368949,0.104790251,-0.023625235,0,0.02,-0.01,-0.01,0,-0.04,-0.1,0.03,-0.07,0.05,-0.07,-0.02,0.02,0.51,1.49,3.34,4.35,0.011761839,0.006947813,0.0252107,-0.006989544,0.009878117,-0.006114145,-0.008569429,-0.009430928,0.01303401,0.022876702,-0.049452976,-0.004373921,-0.007920998,-0.02449762,-0.000426383,-0.010864283,0.001477273,-4.0591E-05,-0.005067819,-0.006041229,-0.004675366,-0.003590397,0.000724306,-0.012845786,-0.001148402,0.001426643,0.003733667,0.000520406,0.1,0.000305304,-0.000614416,0.001095766,0.005915455,17.1308
0.025290171,0.029032504,0.000427455,0.003697146,0.002866097,0.003142854,0.003250586,0.002998407,0.000731709,0.021037047,-0.004463986,0.010086605,0.003020237,0.009280742,0.003019811,0.008305476,-0.080104894,0.002125958,0.5592,28,-0.004752628,0.001865156,-2.09305E-05,0.2,-1.4,0.050606035,0.044044462,0.011988914,0.064359422,-0.007730113,-0.111262286,0.001800621,0.002972252,0.005413926,0.007012651,0.00083647,0.002267726,-0.001570035,0.001614441,0.000741507,0.00184251,-0.001675873,0.001278609,0.000182774,41.2,0.2,41.7,6.883462586,4.762173935,5.236441963,6.126869184,5.361292166,6.84694314,4.553876892,5.030437921,6.159095388,5.393627546,0.000249333,0.057215751,0.067629964,0.012581127,0.002263485,0.01,0.015147838,0.006343833,0.012226643,-0.009255618,0.002213265,0.002136684,0.006197973,-0.008648366,0.00022082,-0.002475987,0.01972515,0.017382707,-0.00409018,0.024306155,0,-0.04,-0.02,-0.02,-0.02,0.03,0.07,0.15,0.12,0.01,-0.09,-0.04,0,0.54,1.56,3.49,4.47,-0.006610442,-0.018816748,0.033494009,0.011023685,-0.007247867,0.003050814,0.004272399,0.007948129,-5.3324E-05,0.051209306,0.046119402,0.001559667,0.001556108,0.012472986,0.000886716,0.003267013,-0.000729753,0.000407932,0.001805344,0.002214983,0.001610221,0.000566346,-0.000695061,0.003097324,-9.21387E-05,-0.00095487,-0.002488595,-0.002093146,-9.8,0.007183565,0.001560578,-0.000472918,0.003277384,17.5725
0.00136558,0.001276716,0.003729978,0.003324047,0.008440184,-0.000483636,-0.003629062,-0.005921697,0.000132071,-0.007525416,0.002105485,-0.021858848,0.002843002,-7.00531E-05,0.001615213,-0.003494501,0.03136032,0.021343994,-0.3199,235,0.014816746,0.000867077,-0.000265158,0.1,-2,0.008670575,0.071173647,-0.008635763,0.015991812,-0.018415167,-0.016854332,0.001531309,0.002586766,0.005010031,0.003836099,0.00192123,0.001331558,0.00291382,0.001363373,0.001792953,0.002014099,0.0015754,0.001276976,-0.000822744,41.1,0,41.7,6.788971743,4.454347296,4.532599493,6.186208624,5.407171771,6.845879875,4.605170186,5.023880521,6.124683391,5.442417711,0.011233479,-0.059419973,-0.026998899,0.001206535,0.008881329,0,-0.009809243,-0.009591847,0.000531103,0.037153707,0.025926728,0.026671065,-0.004576929,0.003566308,-0.00178145,0.007921939,0.040044073,0.035823185,-0.066880813,0.038952064,-0.02,0.02,0,-0.01,-0.01,0.11,0.19,0.15,0.1,0.05,-0.07,-0.03,0.01,0.67,1.77,3.66,4.59,0.006025489,0.002276794,0.06096933,-0.011211578,0.002321006,0.007662595,0.010513106,0.0039759,-0.006873041,0.052253423,-0.02223637,0.002099919,0.005393548,0.008607495,-4.88495E-05,0.00527597,0.001049459,0.00010337,0.002504858,0.002947379,0.002263593,0.001956617,-0.000373991,0.006690633,0.000738547,0.000472017,0.00165563,0.001566989,0.9,-0.007614959,-0.000588124,-0.005682129,-0.013470273,13.0018
-0.004301581,-0.004787489,-0.000366429,0.003687332,0.01134297,0.005423524,0.00650599,0.006881043,0.005582034,0.022073486,0.001314307,0.00960957,0.004270458,0.004066783,-0.000935378,0.005031387,-0.000153911,0.000310961,0.3268,165,0.027109723,-0.002899624,0.000488394,-0.3,0.8,-0.024395894,-0.106966942,-0.017653387,-0.068388687,0.002134017,0,0.001956955,0.003116774,0.007840249,0.006591524,0.001084282,0.001063971,0.001118443,0.001772177,0,-0.000770133,0.000877125,0.002039776,0.000548571,41.3,0.1,41.8,6.869014451,4.663439094,4.912654886,6.210600077,5.402677382,6.886531643,4.48863637,5.056245805,6.21860012,5.442417711,0.034051707,0.055226494,0.089655185,0.009639224,0.000785847,-0.02,-0.006682665,-0.002944372,-0.005835449,0.010584338,0.015750975,0.01646125,-0.002878166,-0.004120762,0.002577754,0.001385063,0.021325962,0.020233028,-0.025993725,0.015042187,0.01,-0.03,0.03,0.01,0.01,0.04,0.07,0.1,0.12,0.01,-0.05,-0.03,0.01,0.7,1.83,3.75,4.7,0.013429736,-0.002385342,0.043327732,-0.03123763,0.017683662,0.000474831,0.000414091,0.005397468,-0.003224671,-0.063803448,0.011517197,0.003436408,-0.005710992,0.020874922,-0.000729088,0.008768151,-0.002009954,-0.000183859,0.004258775,0.00487182,0.003757527,0.001777695,0.000261043,0.008661333,-0.000321117,0.000469331,-0.000828842,0.001039215,3.8,-0.004586313,-0.003146249,-0.002227844,0.000266822,13.3347
0.002191581,0.001569339,0.00020799,-0.005400081,-0.006938113,0.0038584,0.003684668,0.00457902,0.004831498,0.010272963,0.003406139,0.004994903,0.004034846,-0.00158339,-0.002009173,-0.00132483,0.085524271,-0.007612087,-0.1432,-48,0.003311557,-0.001978623,-0.000320918,-0.2,0.6,-0.097081006,0.009600074,-0.009961172,0.035598865,-0.027665477,-0.003405225,0.001150231,0.001179688,0.001610207,0.003107201,0.000250052,0.001062841,-0.001118443,0.001145534,3.89416E-05,0.00045515,-2.00782E-05,0.000636578,-0.000502846,41.4,0,41.9,6.91770561,4.564348191,4.94875989,6.318968114,5.384495063,6.841615476,4.59511985,4.9698133,6.180016654,5.347107531,-0.036205008,-0.088691566,-0.142447348,-0.009044864,-0.00083682,0.02,0.003916656,0.007227626,0.009611413,-0.01077386,-0.013291719,-0.014010254,0.001390619,0.000157994,-0.003064215,0.00070242,0.025151988,0.023580532,-0.033782197,0.024855367,-0.01,-0.01,-0.01,-0.01,-0.01,-0.03,-0.02,0.03,0,0.01,-0.05,-0.03,0.01,0.68,1.82,3.79,4.71,0.021893613,0.02719945,0.018836206,-0.025791834,0.014354784,-0.011673743,-0.015634389,-0.019743497,0.001205852,-0.030733923,-0.040361017,-0.008231118,-0.009578507,-0.042879207,0.002367401,-0.019724789,-0.000464416,-0.000671248,-0.009759648,-0.011792883,-0.009041369,-0.004960566,-0.002916611,-0.019859641,-0.000230569,-0.00283979,-0.002067226,-0.002606204,1,0.004581442,0.003562628,0.006056681,0.000703601,12.4216
0.004656999,0.006374039,-0.001189096,-0.000995155,-0.004205978,-0.001214661,-0.003133085,-0.004073843,-0.002870478,-0.004318209,-0.002488152,-0.00815667,0.000797419,-0.002136136,-0.002553676,-0.003815957,0.01831025,0.008447256,-0.3219,13,-0.000920286,0.002506453,0.002223377,0.1,-0.5,0.010103137,0.028603275,0.004370227,0.065050685,-0.021039421,-0.013017851,0.001318188,-0.000375204,-0.00322301,-0.001034661,8.33368E-05,0.000398274,-0.000447728,0.001587898,0.001167542,0.000209999,0.001357719,0.001907306,-4.57258E-05,41.2,-0.1,41.8,6.727431725,4.369447852,4.997212274,6.011267174,5.298317367,6.923628628,4.615120517,5.141663557,6.246106765,5.429345629,-0.014486537,0.04879356,0.053233464,0.002229636,0.001822002,0.01,0.01070215,-0.003435076,0.005451042,-0.009854964,-0.004246059,-0.004475572,-0.000804273,0.002496072,-0.000492148,0.000169317,0.012731108,0.012366618,-0.001575254,0.015798854,0.01,0.01,-0.03,-0.02,-0.03,-0.11,-0.2,-0.2,-0.26,0.01,-0.09,-0.06,-0.03,0.56,1.61,3.58,4.44,-0.000570221,-0.010620321,0.031044179,0.015202162,-0.005579771,-0.000543239,-0.00149639,0.004400459,0.002020447,0.013514843,-0.027165975,0.000725718,0.00861369,0.000589318,-0.00367447,0.002791297,-0.000225457,-0.000671585,0.000685211,0.000968473,0.001059303,0.000582917,0.000503645,0.002522133,-7.2116E-05,0.002835317,0.004132405,0.001040583,-2.2,-0.000539256,-0.001124045,-0.000724561,0.012437803,13.4116
0.005696164,0.005378422,0.002851459,0.010699867,0.004505384,0.000557394,-0.001627847,-0.003081768,-0.001854571,0.004171988,-0.003437757,-0.005566015,0.002838441,0.002303445,0.010552495,0.002676865,-0.061463787,0.017884879,0.1711,-50,-0.001246908,0.000913389,0.00171816,-0.1,0.3,0.072498314,-0.100101558,-0.013799811,0.016755914,-0.027454929,0.001438849,0.00176468,0.002035134,0.005695199,0.005677435,0,-0.00013274,0.000223889,0.00172164,0.00151577,0.001066816,0.002303233,0.001650061,-0.00022866,41.3,0,41.8,6.835184586,4.634728988,4.934473933,6.177944114,5.327876169,6.910750788,4.65396035,4.997212274,6.246106765,5.455321115,0.006788786,0.039332321,0.097028687,0.008249237,-0.000871942,-0.01,-0.007706024,7.3551E-05,0.003020423,0.006191129,0.010617542,0.011107854,-0.002762918,-0.003184917,0.000609499,-0.000107418,0.043077296,0.041197541,-0.06365199,0.041761816,-0.04,-0.02,-0.02,-0.01,0,0.13,0.17,0.16,0.14,0.03,-0.07,-0.03,0.01,0.73,1.82,3.78,4.62,0.009110741,0.02018776,0.031817168,-0.000914794,0.000883089,0.010213489,0.014340202,0.00397391,0.010450092,0.039808078,0.033653102,0.002504232,0.000598738,0.014633837,-0.00152615,0.005205852,0.000533407,0.000779289,0.003371829,0.003512048,0.002810784,0.00139638,0.002160293,0.004085736,0.000340084,-0.001418996,-0.005370283,-0.000520697,8.1,-0.001331252,0.003784522,0.005087552,-0.015570862,12.7706
0.00081838,0.000671349,-2.96608E-05,-0.002782964,0.003557033,0.001933233,0.003146104,0.002754625,0.003358757,0.01308442,0.000778695,0.00024108,0.000665385,0.002411055,0.00066156,0.00238377,-0.025389368,0.004678658,0.1559,18,-0.001219991,0.001368521,0.000812836,0,-0.4,0.002241316,0.080305808,-0.016237224,-0.056980715,0.001838658,-0.009099507,0.00116005,0.001763999,0.003081667,0.004450538,0.000333278,0.000796178,-0.000447828,0.001063889,0.002094973,0.000506776,0.002903185,0.000253614,-0.001098298,41.2,0,41.8,6.732210706,4.454347296,4.812184355,6.052089169,5.323009979,6.84694314,4.672828834,4.96284463,6.156978986,5.38907173,-0.006351466,0.046755822,0.077624673,0.018228932,-0.000138407,0,-0.005906061,0.001733614,0.00279342,-0.004042105,-0.010318238,-0.010763104,0.005426334,0.001802479,0.000356531,0.000455077,-0.012932074,-0.013756203,0.049987244,-0.015839353,-0.02,0,0.01,0.01,0.02,0.36,0.37,0.38,0.46,0.05,-0.04,0,0.05,1.11,2.21,4.18,5.1,-0.009441225,-0.02393168,-0.037183522,0.012731578,0.011506709,-0.003578081,-0.004787216,0.000997755,-0.016065855,-0.018726976,0.024105262,0.00196351,0.00053559,0.010554494,0.006331337,0.005038516,0.000338549,1.13887E-05,0.001783241,0.002965664,0.001632416,0.00152208,0.000864941,0.006539456,-2.39671E-05,-0.000472032,0.002064666,0.001038152,-0.4,0.002698539,-0.002897757,-0.001923267,-0.000499134,16.9314
-0.002087873,-0.002265455,0.001244998,0.00018491,0.006746641,-0.004942127,-0.011228179,-0.014159261,-0.011552556,-0.026988523,-0.0074652,-0.021898648,0.001566036,-0.007311986,-0.002274533,-0.010007065,-0.000182793,-0.000194664,-0.765,-31,0.009454879,-0.000963552,0.001838599,-0.2,0.9,-0.07232999,-0.029544772,-0.029643864,-0.046367728,-0.022525044,0.004054451,0.000814168,-0.001015256,-0.001108306,0.000682944,-0.001667501,-0.002922425,0.000447828,0.001105245,0.001316809,0.00186761,0.002702498,0.0020266,-0.001145344,41.1,0,41.7,6.779921907,4.700480366,5.068904202,5.981414211,5.370638028,6.905753276,4.779123493,5.049856007,6.167516491,5.505331536,0.025133813,-0.103165093,-0.196933946,0.000567648,0.002987366,0,0.00512213,0.000103986,0.003328804,0.000790702,0.000266857,0.000242199,-0.000974363,-0.001358562,0.000440376,0.001109443,0.030366293,0.028264665,-0.03889995,0.028570316,0,0,-0.01,-0.02,-0.02,0.2,0.28,0.07,0.13,0.05,-0.05,-0.02,0.03,1.31,2.49,4.25,5.23,0.012702431,0.012566726,0.024761089,-0.020475415,0.0084959,-0.001529702,-0.001431867,0.000999251,0.015209561,0.077483189,-0.018337268,-0.000422041,0.004482992,-0.000908196,-0.002953671,-0.002416418,2.61079E-05,0.000770217,-0.000272692,-0.000448932,-0.00022847,-0.000941621,-0.0019694,-0.002113328,-0.000404655,-0.000471365,0.002480194,-0.002077113,1,-0.000238219,0.002754126,-0.000482827,-0.003684068,13.4529
0.001796202,0.001860979,0.001371654,0.004063935,-0.002303699,0.007168222,0.007965841,0.008895375,0.006428466,0.030800821,-6.37519E-05,0.017512109,0.006352455,0.015923721,0.003235129,0.009644813,-0.009968406,-0.003799301,0.705,42,0.005419756,3.85599E-05,0.000429675,-0.1,0.3,-0.007246409,-0.029327615,-0.012643655,-0.06576764,0.008884791,-0.037095805,0.001904469,0.002722833,0.001108306,0.003237627,0.00250021,0.003983011,0,0.001774337,0.002667029,0.001585601,0.00282747,-0.0002531,0.000733171,41.3,0.1,41.9,6.821107472,4.584967479,5.075173815,6.11368218,5.332718793,6.867974409,4.836281907,5.062595033,6.084499413,5.472270674,0.001326143,0.014479457,-0.018872907,-0.00096156,0.005142472,0,-0.002689705,0.000130036,0.003014631,0.005551727,0.007414874,0.007773949,-0.005693438,-0.001130775,0.000548028,0.000564822,0.000844622,0.003692713,0.020851327,-0.00311129,-0.01,-0.02,0,0,0.01,0.12,0.16,0.2,0.1,0.04,-0.04,-0.01,0.05,1.44,2.66,4.46,5.34,-0.011810899,-0.020096882,-0.018841482,0.021249659,0.000480561,0.006108957,0.006668955,0.000997755,-0.026852415,-0.069413568,0.051701633,0.000428907,-0.006932301,0.00069098,0.00336915,0.001746589,0.000241211,-0.000365041,0.000463668,0.000312385,0.000205906,0.000264516,-0.000886332,0.001864397,-8.07954E-05,0.000471143,-0.004133087,0.003111766,-3,-0.000869908,-0.000393428,-0.000308631,0.004210786,13.7962
0.003754482,0.004337433,0.002904846,0.003081722,-0.000287438,0.004897175,0.004386661,0.004358466,0.003856199,0.007925358,0.002751795,0.008954067,0.0054274,0.00573281,-0.011031489,0.001233693,0.028676719,0.009129926,0.08,23,0.002317936,0.000526837,0.000637243,0,-0.2,0.050808328,0.001115449,-0.007393749,0.069112125,-0.038922806,-0.059949984,0.00146982,0.002874942,0.004298441,0.005429263,0.001497131,0.002250017,0.000223839,0.001246096,0.002813917,0.001583091,0.00221269,0.000379627,0.000183209,41.3,-0.1,41.9,6.745236349,4.532599493,5.056245805,6.035481433,5.204006687,6.9117473,4.59511985,5.164785974,6.253828812,5.347107531,-0.003085875,0.049842019,0.107169439,0.009368684,0.005039879,0.01,0.01010737,-0.000582776,0.004451078,-0.006676648,-0.01227821,-0.012803373,0.00323513,0.002628627,0.000525723,0.000513728,0.010175052,0.01327738,0.001701681,0.004394339,0,-0.01,-0.02,-0.03,-0.01,0.08,0.07,0.1,0.05,0.03,-0.06,-0.04,0.04,1.52,2.73,4.56,5.39,-0.003981328,-0.003244649,0.01418848,0.024212715,-0.006265383,-0.007630367,-0.009520205,-0.001996257,0.014423212,-0.021193736,-0.035357354,-0.002007572,0.000798354,-0.010777585,-0.002446228,-0.005399974,0.001414992,0.000181484,-0.002206525,-0.002652278,-0.001975179,-0.00108492,0.002228009,-0.006683954,0.000270035,0.000470477,-0.000418959,-0.001557493,-4.6,0.002154395,-0.000206044,0.000700444,0.000373685,14.5934
-0.002167828,-0.002230784,0.003014076,0.005815943,0.005063556,-0.00130201,0.00029275,0.000105509,0.003118228,0.001015723,0.003694858,-0.005534201,-0.002922851,0.004230684,0.000264995,0.00076794,0.023935044,0.010896978,0.047,171,0.019559162,-0.00653437,-0.006119031,0,-2.3,0.080751425,-0.019512814,-0.028744494,-0.033959121,-0.026485118,0.132535674,0.001533328,0.002495554,0.001714216,0.003547001,0.001992694,0.001585205,0.002682165,0.001379912,0.001500087,-0.000712951,0.002563234,0.000758821,-0.000229016,41.2,0.1,41.9,6.829793738,4.828313737,5.123963979,6.023447593,5.38907173,6.947937069,4.672828834,5.093750201,6.274762021,5.480638923,0.002607326,-0.026216206,-0.081235906,0.002960871,0.006127842,0,0.001940783,0.005483192,0.009761617,0.00828358,0.004043742,0.004194011,0.001823271,-0.000700279,-0.001247754,0.001048819,0.019289163,0.019645905,-0.027518214,0.015505774,0.01,0.01,0.03,0.04,0,-0.23,-0.19,-0.11,-0.16,0.03,-0.04,-0.01,0.03,1.28,2.53,4.44,5.22,-0.012662059,-0.022568881,-0.014621034,0.013319773,0.002028496,0.004574852,0.006661689,-0.000499625,-0.010224693,-0.052984711,0.011507162,0.000158214,-0.001275957,0.003617278,-0.001932276,0.002072667,-0.000725415,-0.001052256,7.27942E-05,0.000397018,0.000316673,0.001219713,-0.000812444,0.002776495,0.00098698,0.000938964,0.007037548,-1.07052E-06,-4.3,0.001738221,0.001473949,-0.001388634,0.005650736,13.9679
0.003699789,0.004584864,0.004421194,0.012123695,0.002834795,0.003103121,-0.001284384,-0.002277878,-0.00065931,0.011134865,-0.003902772,-0.002631558,0.007579235,0.006151288,-0.005337236,-0.00038439,0.013753443,-0.009325639,-0.0374,-263,-0.012446102,0.003820124,0.006541327,-0.3,1.5,-0.158588426,-0.020287777,-0.004174645,-0.024476746,0.004463186,-0.088305481,0.00161111,0.002859566,-0.002572427,0.005380877,0.001905946,0.001714475,0.002229655,0.001411803,0.001382701,0.001963732,0.000276358,0.000252813,0.000595334,41.4,0,41.9,7.003065459,4.510859507,5.347107531,6.356107661,5.407171771,6.938284484,4.682131227,5.093750201,6.255750042,5.476463552,0.014602199,0.051598464,0.14096764,0.007806516,0.004965332,-0.01,-0.013647431,-0.00950064,-0.001046684,-0.014616065,-0.003360455,-0.003482515,0.000166116,0.00223483,1.8665E-05,0.000166155,0.036258421,0.03835981,-0.060597063,0.029999525,-0.01,0,0.02,0.02,0,0,0.1,0.1,0.07,0.04,-0.01,0.02,0.04,1.29,2.64,4.55,5.3,0.013009349,0.011457655,0.023289133,0.000124231,0.011799264,0.001009044,0.000465689,0.000498877,-0.007681057,-0.013135799,-0.025666115,0.001307703,0.005017755,0.003245972,-0.000926568,0.001926834,-0.000492379,0.000769156,0.001546861,0.0011322,0.001478603,-0.00012046,3.78681E-05,0.001090894,-0.000521143,0.000465183,-0.002489764,0.00154652,1.9,-0.007573609,-0.013194211,-0.006241916,0.002768654,11.893
0.003623435,0.004019068,0.0006732,-0.003957625,0.005286289,0.003030523,0.003033163,0.003937677,0.00866887,0.001727355,0.010590822,-0.006340097,0.003045348,-0.001356121,0.008060529,0.000341907,0.059073985,-0.013760035,0.0194,-63,0.007066457,-0.000534713,0.002067366,-0.2,-0.1,-0.034202194,-0.01598163,-0.035122447,-0.011272739,-0.045295535,0.052815596,0.000677203,-0.001587638,-0.002456098,-0.005212286,0.000331098,0.000263505,0.000445335,0.001038558,0.003601398,0.000485993,0.005628939,0.000252749,-0.001053524,41.1,0,41.9,6.909753282,4.406719247,4.997212274,6.210600077,5.613128106,6.91671502,4.762173935,4.96284463,6.159095388,5.620400866,-0.000146245,-0.028301399,-0.015836274,0.008469316,0.004435531,0.01,0.014022797,0.004867803,0.003030241,-0.024016954,-0.026627307,-0.027264771,0.004093505,-0.000579622,-0.000555321,2.2057E-05,0.01349942,0.013245725,-0.015278835,0.00377518,0.01,0.02,0,0,0.01,0.21,0.18,-0.01,0,0.05,-0.02,0.01,0.04,1.49,2.81,4.53,5.29,0.002154709,-0.021703875,0.03327815,0.01742494,0.01448546,0.000999852,0.001404433,0.004987292,0.038617396,0.108131861,0.023719792,0.000797889,0.007009136,0.004839439,0.000555366,0.002386632,-6.28704E-05,-6.47417E-05,0.000901566,0.00131008,0.000821927,0.000448509,-0.002171071,0.002835055,5.256E-05,-5.48975E-06,0.002049566,0.000507364,7.4,0.002852401,0.008598534,0.007804193,-0.000546916,12.7602
0.006014579,0.006924965,-0.002451065,-0.010495617,-0.009917515,-0.004559946,-0.009845748,-0.011675863,-0.01640409,-0.033662484,-0.011690658,-0.000729633,0.000757515,-0.00973061,-0.010733865,-0.011614957,-0.000778768,-0.008303333,-0.8716,207,0.027487731,0.001094888,0.002566156,-0.1,-1.4,0.060422459,-0.045827955,-0.043352726,0.011862535,-0.068567682,-0.058774816,0.001265795,0.002803122,0.006495519,0.008226354,-8.27643E-05,-0.00092257,0.001334817,0.001020619,0.000114725,0.002322559,-0.001918676,0.00012635,-0.0004584,41,0,41.6,6.791221463,4.753590191,4.094344562,6.171700597,5.459585514,6.892641641,4.584967479,5.087596335,6.21860012,5.407171771,-0.00413674,-0.040349308,-0.105599521,0.001382797,0.004501155,0.02,-0.002295397,-0.001088671,0.001915832,0.017532601,-0.003441578,-0.003455702,-0.002365765,0.000142155,0.000961964,-0.000201503,0.008032791,0.007027645,0.007195837,-0.006943915,-0.02,-0.02,-0.03,-0.03,-0.01,0.07,-0.04,-0.13,-0.19,0.05,-0.03,0,0.05,1.58,2.79,4.42,5.12,0.011561064,0.011685626,0.002908968,0.005296332,0.027899302,0.00349338,0.004192247,0.002947312,-0.001542025,-0.070696466,-0.018895542,3.12873E-05,-0.015236068,-0.003652132,0.003031967,-0.001741175,-0.001839269,0.001182048,-5.10296E-05,0.000183897,-0.000193859,1.57171E-05,0.001684485,0.0006832,-0.000458683,-0.001405698,-0.002881583,-0.003088011,-1.3,0.000969481,-0.002168583,-0.007159692,-0.000922589,13.108
0.007006162,0.007372769,0.004302467,0.008473966,0.013412896,0.008689051,0.010384585,0.012039477,0.011809837,0.034424442,0.005601685,0.01502638,0.007023107,0.014969522,-0.002995502,0.010778758,-0.002238061,-0.002147892,0.8041,156,0.009520026,0.000842891,-0.000110237,0.1,1.4,-0.040013587,0.06335518,0.018678167,-0.045229295,0.047640944,0.033901552,0.001322281,0.002742618,0.005117594,0.004337678,0.001901849,0.00263366,0.000666741,0.001095373,-0.000726814,0.001124675,-0.001731932,0.002145517,0.000595879,40.7,-0.1,41.6,6.84694314,4.48863637,4.844187086,6.228511004,5.384495063,6.953684211,4.744932128,4.905274778,6.306275287,5.517452896,0.018447157,0.038923402,-0.021325331,0.004344878,0.004401926,-0.01,-0.001881377,0.002709887,0.006549895,0.022795634,0.029971925,0.030603276,0.012868283,0.002155255,1.89949E-05,-0.000100945,-0.002923561,-0.001584041,0.028435587,-0.0174861,0,0.01,0.01,0.01,0,-0.13,-0.15,-0.04,-0.09,0.06,-0.02,0.01,0.05,1.45,2.64,4.38,5.03,-0.001890723,-0.011237949,-0.015893542,0.005328825,0.010366556,-0.00653533,-0.007517266,-0.004476396,0.035707975,0.094783831,0.017396397,-0.00192866,0.000692648,-0.00833801,-0.000938625,-0.003269192,-0.000329378,-0.001103762,-0.002545905,-0.002640431,-0.002017902,-0.001625217,-0.00058668,-0.004943415,-0.000696762,0.003725261,0.010989847,0.001540437,0.4,0.001804682,-0.002771539,-0.00279692,0.003622412,14.1168
0.005719818,0.005709087,0.0045748,0.008490845,0.010616259,0.009488478,0.007540811,0.008168237,0.005672597,0.009006544,0.004741735,0.01189723,0.011452732,0.014275774,0.002016689,0.008160047,-0.008618998,0.012906545,0.6176,59,0.004487844,0.003499077,0.003535298,0,-1.2,0.023706662,-0.011260068,0.00203346,0.054034752,-0.021104029,-0.044532574,0.001893191,0.002892684,0.00484967,0.005644105,0.001320895,0.002364378,-0.000444444,0.001733292,0.0014531,0.000535938,0.001240211,0.000126064,0.000366519,41.5,0.2,42,6.877296071,4.852030264,5.010635294,6.180016654,5.342334252,6.966967139,4.9698133,5.105945474,6.200509174,5.556828062,-0.010045074,0.007044687,0.030546847,0.00439692,0.003300135,-0.01,-0.000587825,-0.003576835,0.001878609,-0.021355224,-0.026030024,-0.026646621,-0.011838775,0.001236445,0.000579194,-7.4196E-05,0.025258369,0.022823431,-0.026984379,0.007940465,0.01,-0.01,0,0,0.01,0.12,0.01,-0.07,-0.04,0.04,-0.03,0,0.05,1.56,2.64,4.3,4.98,-0.004478734,-0.01488022,0.002095227,0.003978066,0.004783187,0.00149638,0.001860238,-0.002466335,-0.049377812,-0.063666271,0.002046002,0.001097713,0.006587718,-0.000972491,0.000399072,-0.000847173,-8.82023E-05,0.002198615,0.00112681,0.001093623,0.00114857,0.001698664,0.000470922,-0.000468099,0.002620695,-0.005590073,-0.020758484,0.000509795,-1.6,-0.003960688,0.005766963,0.007654194,0.001627235,13.6955
0.001771281,0.001226293,0.003038281,0.000759121,0.010908343,0.001461796,-0.003843898,-0.003556066,-0.004520329,-0.010398545,-0.002873434,-0.003262639,0.006711559,-0.005145554,0.005273047,-0.001321018,-0.043898623,0.011230923,-0.0946,334,0.062728977,-0.004232545,0.000130443,-0.5,-0.4,-0.003705996,-0.074558619,-0.083542206,-0.130280442,-0.062668421,0.003710579,0.002251202,0.003198493,0.009868897,0.006599595,0.001154354,0.00144215,0.000666593,0.002099483,0.00293798,0.002951153,0.003064394,0.001511526,0.001190258,41.5,-0.1,42,6.955592608,4.812184355,5.247024072,6.192362489,5.509388337,6.993015123,4.762173935,5.081404365,6.304448802,5.575949103,0.006392102,0.016974276,-0.013455545,0.009758953,0.005086115,0,-0.001901706,0.001365462,0.002926965,-0.004466399,0.004193299,0.004239542,0.00136819,-0.00081686,-0.000324196,0.000484213,0.000397019,0.000697849,0.019790505,-0.013155372,0.01,0,-0.02,-0.03,-0.02,0.06,-0.01,-0.14,-0.16,0.03,-0.06,-0.04,0.02,1.61,2.62,4.15,4.81,-0.003198697,0.002608746,0.001159193,0.007431414,-0.010407805,0.002478254,0.002767179,0.001474322,0.008734253,0.01271889,-0.003592773,0.000305381,-0.00128031,0.014317167,-0.000557021,0.006251312,0.001268107,-0.003451192,0.000481621,0.000789352,0.000375989,1.52732E-05,0.002235802,0.005858364,-0.002272449,0.002789833,0.015455999,-0.004100463,4.1,0.000642828,0.001216916,0.000385799,-0.005669225,13.7168
0.002339446,0.001407964,0.002460619,0.002655344,0.001663445,0.003000964,0.001907118,0.000633575,-0.001737288,0.016543088,-0.006905273,0.00548813,0.004102305,0.010305937,-0.009529696,0.002288592,-0.014076205,-0.017009949,0.1829,71,-0.000246979,0.002025379,0.001084078,0.1,-0.5,0.064693212,-0.008449564,-0.040144649,-0.05262574,-0.034803922,-0.029441525,0.001820415,0.002248543,0.001555676,0.00492127,0.000988387,0.002093968,-0.000888889,0.001751791,0.001751047,0.000826831,0.000777699,0.001006416,0.000274474,41.5,0.2,42.2,6.915723449,4.49980967,5.117993812,6.326149473,5.257495372,6.926577033,4.762173935,5.105945474,6.228511004,5.438079309,-0.008108292,-0.021580123,-0.002676543,0.002744781,0.004156925,0,-0.002355884,0.000973545,0.004343044,-0.018237796,-0.02398565,-0.024042737,-0.002457046,-0.001298731,-0.00014702,0.000470361,0.013590937,0.01606441,-0.006226844,0.000606498,0,-0.01,0,0,-0.01,-0.11,-0.15,-0.08,-0.14,0.02,-0.06,-0.04,0.01,1.5,2.47,4.07,4.67,-0.001664856,0.006210849,-0.006702207,0.005596918,-0.008955557,-0.007459608,-0.009269799,-0.004917875,-0.026290398,-0.011443385,0.000511116,-0.000439346,0.001870994,-0.012778021,0.000409333,-0.004655417,-0.000518318,0.002313228,-0.000702512,-0.000868285,-0.00050161,-0.000616471,-0.003348955,-0.003912631,0.000895997,-0.00139524,-0.007728986,0.004100463,-2.2,0.002067908,-0.00413356,9.41152E-05,0.002983258,11.4427
0.003959192,0.003921834,0.004557832,-1.54906E-05,0.002946851,0.003338317,0.000395306,-0.000111662,0.000259503,0.005068508,-0.001121658,-0.003386401,0.006229822,0.007224307,0.003195688,0.003471433,-0.041950158,-0.026894454,0.2786,67,0.026800123,0.000147724,0.0028897,-0.2,-0.5,-0.067585179,0.029266303,-0.035307793,0.053291297,-0.075390846,-0.000317914,0.002206058,0.002556145,0.004771571,0.003267443,0.001973847,0.002741695,0.000666741,0.002149918,0.00284841,0.00187506,0.002635752,0.001507727,0.00146259,41.5,-0.1,42.1,6.805722553,4.564348191,5.272999559,5.953243334,5.424950017,6.909753282,4.744932128,5.272999559,6.156978986,5.393627546,0.000461074,0.023399182,0.029131012,0.006704191,0.002073422,0,0.006203255,-0.001337518,0.003364931,0.017997406,0.022340681,0.022365738,0.000185441,0.002273506,-0.000254623,0.000210072,0.029880822,0.029519467,-0.037945843,0.019069044,0.01,0,0.01,0.01,0,0.09,0.04,0.09,0.04,0.01,-0.06,-0.04,0,1.58,2.5,4.15,4.7,0.002955505,0.00840765,0.002836586,0.003911116,-0.005892118,0.004968947,0.006482988,0.002951306,0.004452662,0.033642922,0.00915001,-0.000352781,-0.000614419,0.006213312,-0.000441057,0.001970811,-4.02058E-05,-0.001776112,0.000171991,9.56284E-05,-0.000349747,-0.000196248,0.002302693,0.00186686,-0.001255331,-2.1553E-07,-0.000813337,-0.00153833,0.6,-0.001702451,0.003645826,-0.000115592,0.000857134,10.1531
0.003798274,0.003881732,0.002050968,0.005660924,0.001385372,0.001445708,0.002393019,0.002831176,-0.000340427,0.021166739,-0.006637405,0.01062325,0.000572009,0.003847646,-0.001857136,0.003382548,-0.03346214,0.008414911,0.279,-54,-0.013234303,0.001924842,0.001038798,0.1,-1.2,0.073368885,-0.006199648,-0.001299827,-0.017450107,0.006397974,-0.041385216,0.001410478,0.003484596,0.005695993,0.006989057,0.001559871,0.002213975,0.000444247,0.001077402,0.001780877,0.000979138,0.001406369,0.00163081,-0.000776735,41.6,-0.1,42,6.986566459,4.8978398,5.087596335,6.263398263,5.564520407,6.977281342,4.820281566,5.18178355,6.255750042,5.517452896,-0.005045729,0.210714184,0.507613251,0.051042471,0.003539123,0,-0.008984441,0.000660552,0.004143552,-0.000175244,0.000885816,0.000893759,0.002693118,-0.002263578,0.000482229,0.000251442,0.01326996,0.01530092,-0.006555007,0.005054496,-0.01,0.02,-0.01,0,0.01,0.02,-0.06,-0.09,-0.07,0.04,-0.06,-0.03,0.02,1.61,2.45,4.07,4.64,-0.001563128,0.002230153,-0.00316875,0.009301297,-0.008438086,-0.002484473,-0.003703922,0.000984737,-0.00796958,-0.05573523,0.006887095,-0.000102885,-0.001891179,-0.00351927,-0.000713282,-0.001806162,0.002321564,0.000884032,-0.000356898,-0.000688234,-5.86996E-05,0.000376516,0.000825781,-0.00278689,0.001341459,0.002316209,0.002031117,0.002043684,-0.7,0.001276532,0.002337635,0.001933186,0.00316303,10.3675
0.005301867,0.005256405,0.007135937,0.002316607,0.007874281,-0.00076952,-0.00392607,-0.004376949,-0.004417289,-0.020878656,0.000413142,-0.006785277,0.002371627,-0.005697926,0.003871901,-0.004493386,0.009780677,-0.017771771,-0.3132,323,0.034100377,0.000788116,0.000894415,-0.1,-0.7,0.007278331,-0.009581411,-0.032833179,0.019444126,-0.058434738,-0.001824364,0.001623902,0.002385398,-0.000828648,0.004847319,0.001311691,0.001429964,0.001109755,0.001501414,0.000832513,5.1507E-05,0.000338275,0.001878405,-0.000685855,41.5,0,42,6.89060912,4.709530201,5.225746674,6.169610732,5.33753808,6.948897222,4.770684624,5.123963979,6.295266001,5.365976015,-0.006907114,-0.210198681,-0.476669288,0.002434181,0.002555991,0,-0.016222446,-0.002835041,0.002718323,0.012209938,0.016234197,0.01659026,-0.000758598,0.000854402,-9.27113E-05,0.000272951,-0.005881129,-0.00522689,0.030147948,-0.012626425,0,0,0,-0.01,0,-0.07,-0.12,-0.08,-0.04,0.04,-0.06,-0.04,0.02,1.54,2.33,3.99,4.6,0.0158887,0.013277469,0.011762669,-0.021679461,0.017263295,0,-2.13938E-07,-0.000492732,-0.012064011,-0.049468173,-0.006174315,-0.001445103,-0.00523129,-0.003407596,-0.001714184,-0.00140481,-0.000608045,-0.001437782,-0.001670194,-0.001894535,-0.001413972,-0.001726623,-0.001467071,-0.002432349,-0.001526654,-0.002317712,0.001217615,-0.002045251,0.7,-0.003769333,0.000181625,0.000357716,-0.009210039,12.2484
0.003133965,0.003191418,0.000760196,-0.000363035,-0.002165008,0.002945042,0.002005643,0.00186294,0.003420999,-0.000983425,0.004693343,-0.005245869,0.003930845,0.002560659,-0.002090949,-0.000432163,0.039875614,-0.01244731,0.0035,-357,-0.019800455,-0.000576609,0.001691056,-0.2,-0.1,-0.102396296,0.06913239,-0.017627575,-0.04620387,-0.00338639,-0.02504543,0.002036924,0.002947948,0.008960211,0.005144706,0.001473598,0.001298196,0.00177305,0.001890242,0.001738474,-0.000188872,0.002053215,0.001874883,0.001508261,41.6,0.1,42.2,6.927557906,4.663439094,5.135798437,6.22059017,5.484796933,6.977281342,4.86753445,5.123963979,6.276643489,5.488937726,-0.008039082,-0.003423349,-0.017887309,0.002424857,0.000681475,0.01,0.033883074,0.000428719,0.002917596,-0.02790249,-0.039387925,-0.039777512,-0.002478696,-0.00208345,-0.000346051,0.000492733,0.016031658,0.012820567,-0.012344332,0.006871832,0,-0.01,-0.01,-0.01,0,0.14,0.11,0.03,0.11,0.03,-0.07,-0.05,0.02,1.68,2.44,4.02,4.71,0.025923507,0.029458487,0.042616238,-0.024857297,0.007749503,-0.00298211,-0.004175586,-0.003447672,0.033724722,0.035380952,-0.019287142,0.000248465,0.008648497,-0.002205262,0.00212208,-0.000252842,-0.000190774,0.000547812,0.000240783,0.000364594,8.77703E-05,0.000426459,-0.000781046,0.000756908,0.000502234,-2.13938E-07,0.000807083,-0.001020669,2.1,0.002813664,0.000870481,-0.001243261,0.007516563,11.8225
0.004247074,0.004552056,0.005720904,0.001025087,0.00341498,0.000232507,0.0004175,0.001600107,-0.002554004,-0.004610294,-0.001964382,0.010404804,0.000104721,-0.006721864,-0.003713986,-0.001143884,-0.000478867,-0.014400925,-0.044,353,0.054253305,0.002413133,0.004411897,-0.2,0.4,0.053109825,-0.107098136,-0.021664825,-0.026781023,-0.01917867,-0.020637018,0.001825399,0.002424244,-0.00388076,0.002882308,0.002614381,0.002720738,0.002432822,0.001728896,0.002715036,0.001509978,0.002677135,0.00149738,0.00095862,41.4,-0.1,42.1,6.981934677,4.584967479,5.068904202,6.393590754,5.402677382,7.002155954,4.744932128,5.043425117,6.311734809,5.627621114,-0.017348302,-0.023637382,-0.10610362,-0.001286886,0.003054708,0.01,-0.018881124,0.002140467,0.005131651,-0.00143623,-0.009691671,-0.009516988,-0.005021229,-0.000621409,-0.003105444,-7.9162E-05,-0.028476673,-0.032814299,0.0721259,-0.034151402,0,0,0,0.01,-0.01,-0.22,-0.23,-0.19,-0.11,0.03,-0.07,-0.04,0.01,1.46,2.21,3.83,4.6,0.015449633,0.016721736,0.005576196,-0.013348363,0.01808986,-8.91958E-06,0.000445349,-0.007458511,-0.03579752,-0.064185192,-0.026955884,-7.58065E-05,-0.003957772,0.000405213,-0.00029161,-0.000915133,0.001524967,0.00051074,0.000114116,-0.000129091,-5.26982E-05,-0.000571817,0.001888703,-0.001475414,-0.00067558,0.001846509,-5.89601E-06,0.003059405,2.3,0.002253749,-0.007494172,-0.003709641,-0.006054905,17.0319
0.004581896,0.004888514,0.002876479,0.00179521,0.001921906,0.007978265,0.013370303,0.016501361,0.019845914,0.033406206,0.01593265,0.013996955,0.002456419,0.004289627,0.003044118,0.008255658,0.066006974,0.00253793,0.6783,-243,-0.032778996,0.000492153,-0.000156022,0.1,0.4,-0.008051573,0.043808834,-0.015023757,0,-0.022378556,0.014661755,0.002193226,0.002058567,-0.003186407,0.002555096,0.002119163,0.002197093,0.001986098,0.002214932,0.002782794,0.000548518,0.003508946,0.001744114,0.000775353,41.6,0.1,42.2,6.908754779,4.65396035,5.129898715,6.120297419,5.605802066,6.968850378,4.912654886,4.9698133,6.232448017,5.613128106,-0.020695684,-0.013224915,0.038792281,-0.001500753,0.001039607,0.01,0.004441888,-0.001551698,0.005269051,-0.041433721,-0.050023425,-0.047852551,0.01022494,0.001229242,0.002522609,0.000308853,0.053907733,0.053069571,-0.0896387,0.053768766,0,0.01,0,0.02,0.03,0.07,0.03,0,0.1,0.04,-0.07,-0.02,0.04,1.53,2.24,3.83,4.7,0.023093246,0.011893724,0.073792259,-0.019030249,0.010028038,-0.001010977,-0.001425114,0.002406127,0.016525783,-0.008313433,0.036384968,-0.001686043,-0.00358838,-0.009847695,0.002153662,-0.004343007,-0.004997809,-0.000198319,-0.002051039,-0.002658851,-0.002004534,-0.000290954,-0.003967112,-0.003913444,0.001467193,-0.001386853,-0.000811669,-0.002040036,1.9,-0.001808562,-0.001851901,0.002458138,0.001352081,12.2694
0.006282751,0.005994557,0.002746143,0.006525991,-0.005813316,-0.0014993,-0.004823518,-0.00533662,-0.004078569,-0.007349117,-0.003131427,-0.011460547,0.002081546,0.000679057,-0.00336917,-0.003116016,-0.050626896,0.024053135,-0.1865,121,0.035996125,-0.00103572,0.001430417,-0.2,0,-0.042946319,-0.035150771,-0.038331799,-0.097455336,-0.010307538,-0.027779564,0.001789592,0.00159248,-0.002840911,0.003979313,0.000732511,0.000645286,0.000881446,0.001821358,0.001275989,0.001455542,-0.000412938,0.000995273,0.000683636,41.6,0,42.1,6.97354302,4.727387819,5.129898715,6.198478716,5.683579767,6.981934677,4.543294782,5.135798437,6.356107661,5.468060141,-0.026667304,-0.010958069,-0.053194486,-0.006908492,-0.000441152,0.01,0.012313391,0.003197038,0.010030501,0.062031508,0.104125159,0.102361623,0.000110492,0.001673155,0.003349169,0.0007804,0.004733055,0.000999493,0.0063796,0.00718623,0.03,0.02,0.01,0.04,0.08,0.02,-0.12,-0.13,-0.05,0.03,-0.09,-0.01,0.09,1.52,2.09,3.67,4.62,0.016527736,0.011446374,0.025668716,-0.008085354,0.018113108,-0.009624245,-0.012383441,-0.009225016,-0.041267799,-0.137924656,-0.006177091,-0.001555022,-0.001718093,-0.013035963,0.001073993,-0.004704692,0.000815992,0.000559928,-0.002027086,-0.002064295,-0.001778978,-0.001330492,-0.000393907,-0.004648844,-0.000439785,-0.00138302,-0.001210572,-0.001527365,4.8,0.003274804,0.005696239,0.008581016,0.010423398,14.8734
0.008015687,0.006904478,0.003347229,0.002519958,-0.006216627,-0.0058951,-0.002796979,-0.003565477,0.001373704,-0.006751617,0.003707437,-0.006086071,-0.009167969,-0.010071132,-0.009979933,-0.005372689,0.015863821,-0.006222746,-0.356,292,0.021248346,0.004601377,0.003617741,0.1,-0.8,0.010075652,0,0.021155804,0.087405,-0.01041489,0.013986242,0.001501924,0.00174368,-0.010366491,0.005860475,0.000406719,0.000386972,0.000440432,0.001462961,0.001274363,0.000838115,0.000400036,0.002235748,0.000273324,41.4,-0.1,42,6.997595983,4.682131227,4.955827058,6.289715571,5.720311777,6.966024187,4.795790546,4.941642423,6.272877007,5.59471138,-0.051948271,0.008461288,0.058198289,-0.000682703,-0.000756714,0.03,-0.017385826,-0.001518832,0.011332992,0.017651937,-0.005229398,-0.005398147,-0.002567773,0.000681232,-0.003984154,0.000323645,-0.012781715,-0.010244985,0.0472133,-0.009169392,-0.01,0.01,0,-0.03,-0.01,-0.27,-0.33,-0.33,-0.29,0.05,-0.08,-0.03,0.09,1.26,1.77,3.35,4.34,0.039199993,-0.032301204,-0.009035589,-0.032615117,0.049896204,-0.004318347,-0.007659621,-0.008137178,-0.044931631,0.017902574,-0.025251322,-0.002825699,0.004062921,-0.015507853,-0.004711267,-0.007875077,0.000118371,8.16902E-05,-0.002701369,-0.004491182,-0.002675735,-0.002810855,0.002469702,-0.009584311,-0.001560365,0.001843106,0.00482106,0.00203666,4.5,-0.00284195,-0.004423318,-0.013628254,-0.004442401,17.802
0.003463617,0.003606057,0.001683439,-0.005484808,-0.003587879,-0.004334201,-0.006308472,-0.006142542,-0.002447676,-0.016483489,0.001517799,-0.006659809,-0.002096154,-0.008145918,-0.002536613,-0.005590774,0.042746145,-0.000863068,-0.3708,51,0.02545927,-0.002486326,-0.000654956,-0.2,-0.7,0.00375235,-0.035537848,-0.040260715,-0.037490609,-0.041649653,0.050772325,0.001897311,0.000819504,-0.015571562,0.003783107,0.000406554,0.000902353,-0.000440432,0.002070932,0.001347558,0.001503426,0.001282907,0.001487727,0.00091054,41.4,-0.1,42,6.788971743,3.828641396,4.584967479,6.230481448,5.463831805,7.032624261,4.543294782,5.093750201,6.385194399,5.645446898,0.02072295,-0.032036462,-0.037105894,-0.004887327,0.003585934,0.02,0.02007942,0.004701361,0.008073804,-0.002463236,-0.100960701,-0.098899283,-0.001093433,0.002318265,0.001803272,0.000378449,0.026286188,0.031270363,-0.0291024,0.02116266,0,-0.01,-0.01,-0.01,0.02,0.1,0.1,0.15,0.06,0.04,-0.09,-0.04,0.11,1.36,1.87,3.5,4.4,0.018536798,-0.008721604,0.004303623,0.01227412,0.030626658,0.018461795,0.025170498,0.020639619,0.071961892,0.296361836,0.026668322,0.007951215,0.00087755,0.052671335,-0.000924675,0.022872627,0.003862328,-0.001111965,0.009077589,0.011881153,0.008700791,0.006011025,0.003788043,0.024381389,0.000566116,0.000457757,-0.007230061,0.003551366,-2.7,0.003919696,-0.000932049,-0.000126412,0.000498872,15.2967
-0.001298155,-0.00283738,0.004103182,0.006542615,0.016825347,-0.003170475,0.001142481,0.003577593,0.010491165,0.025016714,0.006389919,0.001177097,-0.007966703,-0.000561725,0.003638014,0.00284594,0.010192194,-0.004443176,0.2672,20,0.009824877,-0.000236204,0.000465941,-0.1,-0.7,0.017736081,0.029051339,-0.05271821,-0.073013786,-0.042674167,-0.059490776,0.000553592,-0.001024485,-0.019532591,-0.00252048,0.000975055,0.000644039,0.001540663,0.000807408,0.001457808,0.000170701,0.001512874,0.001238084,-0.000500694,41.2,0,41.9,6.870053412,4.624972813,4.9698133,6.248042875,5.298317367,6.97634807,4.890349128,5.036952602,6.246106765,5.590986981,0.015159827,0.03465638,0.021573913,-0.002834058,0.001093796,-0.01,-0.023469045,-0.008464185,-0.001430587,-0.00042043,0.138400953,0.138174068,0.005752861,0.003267799,-0.000435327,0.00093883,-0.001061941,0.000454709,0.0240144,-0.006720035,0,-0.01,0.01,0.04,0.03,0.05,0.06,0.03,0.03,0.03,-0.08,0,0.14,1.41,1.93,3.53,4.43,0.029062291,0.045626161,0.013669201,-0.024500185,0.009475725,0.002064782,0.003919411,0.00367633,0.017969589,-0.124850989,-0.02553804,0.00103116,0.006926232,0.004417743,0.005182248,0.00162031,7.24941E-05,0.000544506,0.001627004,0.001304322,0.000677395,0.000815663,-0.003663832,0.002277365,0.001054364,0.001371822,0.009208931,-0.002545404,-2.4,-0.006245464,0.006963892,0.005080924,-0.005562842,14.8862
0.005331006,0.005650815,0.002305305,0.005720062,0.000934661,-0.005010361,-0.006437834,-0.010053458,-0.008098985,0.005243544,-0.011927735,-0.007393091,-0.00330058,-0.004382421,0.003568163,-0.00066798,-0.080795594,0.004237716,-0.0044,417,0.047336861,0.002493282,0.002488092,0,0.4,0.102125526,0.019760093,-0.036846981,-0.127906629,0.004702203,0.005240187,0.001998895,0.001996775,-0.020174859,0.0078555,0.000405992,-0.000257566,0.001538293,0.001999236,0.001157256,-0.000665898,0.001523435,0.000618467,0.001637704,41.2,-0.1,41.9,7.092573716,5.272999559,5.123963979,6.267200549,5.746203191,7.064759028,5.192956851,5.010635294,6.343880434,5.602118821,-0.005393858,-0.003285898,0.009887588,-0.001220788,0.004619429,0,0.00236313,0.002485368,0.0030772,-0.052213481,-0.058179419,-0.060439887,-0.007528595,-0.007130209,-0.00099085,-3.0254E-05,0.007123639,0.010173108,0.000871,0.00633204,0.01,-0.01,-0.01,-0.02,-0.02,-0.17,-0.1,-0.12,-0.06,0.01,-0.1,-0.03,0.11,1.23,1.82,3.4,4.36,-0.009062325,-0.020936154,-0.007377985,0.000668315,-0.022521489,-0.008271159,-0.010790851,-0.005825858,0.019649398,0.185951167,0.030919187,-0.002009188,-0.007742879,-0.016029363,0.002234704,-0.006519665,0.000583964,0.000769111,-0.002579809,-0.002974895,-0.002362642,-0.00152973,0.003633418,-0.008110544,-0.000276335,-0.000923942,-0.001636298,-0.001013681,2.9,0.000688733,-0.001020466,0.000355409,0.001180074,13.7553
0.00351311,0.00396361,0.003596059,-0.006990577,0.009339213,-0.004725168,-0.002325749,-0.002652227,-0.002540539,0.01768555,-0.008461661,0.001902939,-0.007501407,-0.003173197,-0.001826079,-0.001171023,-0.010467235,-0.016489348,-0.0503,-175,-0.041312547,0.003807615,0.002092213,0.2,-0.2,-0.093576726,0.059848681,0.02676197,0.129516935,-0.020537847,-0.042711118,0.002305811,0.00168647,-0.028503663,0.005929179,0.00146021,0.001287167,0.001755156,0.002405298,0.002012673,0.000819504,0.001822499,0.001112278,0.000454442,41.1,0.1,41.8,6.983789965,4.983606622,4.983606622,6.244166901,5.605802066,7.147559271,5.65248918,5.176149733,6.298949247,5.579729826,0.003962159,-0.033649343,-0.099493427,-0.006755995,0.000807145,-0.01,-0.005742648,-0.001136546,-0.000495683,-0.034201376,-0.051312726,-0.050457308,0.001320751,0.000157473,0.000424877,3.1941E-05,0.008120231,0.00789739,-0.0011962,0.005960549,0,0.02,0,-0.01,0.01,0.19,0.26,0.46,0.41,0.03,-0.1,-0.04,0.12,1.42,2.08,3.86,4.77,-0.019785595,-0.029508777,0.010723863,0.032082688,-0.013136076,0.018572636,0.023972051,0.013760308,0.021206778,-0.045018461,0.017927677,0.002441509,-0.002390041,0.023189746,-0.004732969,0.00893925,-0.001837222,-0.001440527,0.002660363,0.004192528,0.003046265,0.001853541,-0.002345267,0.010774111,-0.00028435,-0.000461322,-0.006359951,0.002015109,-5.2,0.000146162,0.001106795,0.000806992,0.002447787,13.4299
0.002036978,0.002762837,0.001137294,0.000778988,0.002336889,-0.003642728,-0.001801556,-0.002294604,-0.000797808,-0.021566396,0.005265133,-0.006240952,-0.005825037,-0.006595854,-0.004046861,-0.003637825,0.002528111,-0.000230117,-0.248,-259,0.010751886,-0.003826722,-0.000248683,-0.3,-2.3,-0.066188307,-0.04088877,-0.052009531,0.1146495,-0.146267495,0.000908678,0.001348485,0.000867679,-0.003784176,0.002486017,0.000324202,0.000257235,0.000438308,0.001425669,0.001488262,-0.000426741,0.00114058,0.001974334,9.08637E-05,41.3,0.1,41.8,7.077498054,5.365976015,4.9698133,6.298949247,5.645446898,7.216709487,5.669880923,5.198497031,6.388561406,5.690359454,0.009390909,0.043850467,0.094474646,0.000536805,0.006170069,0.01,0.016530785,0.001259863,0.001268457,0.030345228,0.030961235,0.030122913,0.000569917,0.002359669,0.001510815,0.000563755,-0.006007764,-0.006819388,0.0265878,-0.00466466,0.01,0.03,0,0.01,0.04,0.14,0.16,0.21,0.24,0.05,-0.11,-0.04,0.15,1.55,2.23,4.06,5,0.005527445,0.000536567,0.023889903,0.007733991,0.0154031,-0.007266898,-0.008888008,-0.002144549,-0.02347691,-0.075583649,-0.054648569,-0.000520122,0.001980782,-0.010897773,-0.002741733,-0.003675055,-7.32507E-05,0.001448782,-0.000978787,-0.001254922,-0.000337009,-0.000344745,-0.001134149,-0.004405934,0.001056847,-3.32996E-06,0.001983104,-0.001516287,5.4,0.001578537,0.000572141,0.00161985,-0.006149668,15.0949
0.002217525,0.002368846,0.002731612,0.0025973,0.006653871,0.005340184,0.006684607,0.01008827,0.015255527,0.048402016,0.005500515,-0.001438549,0.003714595,0.00861494,0.000530152,0.006353365,-0.004075463,0.015070283,0.4968,698,0.089387053,-3.82139E-05,0.000336044,-0.1,-0.3,0.109423278,-0.075843135,-0.049535033,-0.102654154,-0.016767976,0.005434796,0.001804546,0.001427479,-0.012497696,0.003408214,0.001214821,0,0.003281202,0.001865046,0.001671651,5.12186E-05,0.001318375,0.002708361,0.000998956,41.2,-0.1,41.8,7.032624261,5.036952602,5.153291594,6.295266001,5.575949103,7.037905963,4.736198448,5.147494477,6.361302478,5.613128106,-0.010501235,0.005083527,-0.00439703,9.27951E-05,0.00115363,0,-0.006397291,0.000174308,0.002690141,0.011658671,0.026164828,0.026214299,-0.004222068,-0.001119765,-0.002085629,0.000372793,-0.002456224,-0.004200763,0.0171461,0.004256445,0,0.01,0.01,0.03,0.02,-0.05,-0.04,-0.04,0.07,0.06,-0.1,-0.01,0.17,1.5,2.19,4.02,5.07,0.02153838,0.02395705,-0.003300823,-0.001027749,0.039485072,-0.007145221,-0.01061083,-0.00683755,-0.039448989,-0.170713907,-0.001853436,-0.001229834,0.003115907,-0.006188708,0.001927775,-0.003272358,-0.001070767,-6.4521E-05,-0.001029946,-0.0023486,-0.001495945,-0.001057616,0.000669458,-0.002617039,-0.000837692,-0.002278632,-0.005161179,0.001001237,-3,0.001337724,-0.001833193,-0.001240019,-0.005552518,14.8148
0.002891261,0.003078997,0.002944724,0.000804465,-0.000197685,-0.001079778,0.000508122,-0.000610645,-0.000593798,-0.024239809,0.00641651,-0.003135658,-0.00303648,-0.007851212,-0.00402029,-0.002643725,0.013400571,0.009060674,-0.2017,-498,-0.044059224,0.000999449,0.00241619,-0.1,0.2,-0.217240975,0.041884015,0.020167277,0.022013468,0.018613846,-0.009256804,0.001154328,-5.09463E-05,-0.016147679,0.002934138,-0.000728715,-0.000257235,-0.001529888,0.001347538,0.000148456,-0.000443981,-0.000377415,0.001474202,0.001723122,41.3,0,41.8,7.033506484,4.736198448,5.010635294,6.434546519,5.509388337,7.055312843,4.718498871,5.159055299,6.368187186,5.669880923,-0.023483433,-0.017157063,-0.00026956,-0.002662083,-7.69411E-05,0.01,-0.006835369,4.80583E-05,0.004316766,-0.006211703,-0.008206482,-0.008297478,0.001949114,0.000471221,-0.000452688,0.000335053,-0.026256888,-0.029504097,0.0659364,-0.016030643,0.01,0.07,0.04,0.1,0.08,-0.09,-0.15,-0.11,-0.01,0.12,-0.07,0.08,0.24,1.4,2.03,3.9,5.05,0.001834429,0.014351328,-0.002493559,0.001156144,0.021838623,-0.001535691,-0.000975955,-0.005289852,0.001472504,-0.010213513,-0.002619316,-0.001593727,0.001515267,-0.009382632,-0.001631992,-0.002724285,-0.000460779,-0.000915201,-0.002106608,-0.001515386,-0.001585229,-0.000889903,-0.001505792,-0.003704024,9.07858E-05,0.004093498,0.007942822,-6.28769E-06,-1.2,-0.000642811,0.002056401,-0.001472118,0.00830329,19.8997
0.001719509,0.001634077,0.001276418,0.010354653,-0.003177198,-0.003884352,-0.006164001,-0.007329138,-0.004710886,-0.002983054,-0.005220571,-0.011821737,-0.001007007,-0.006239264,0.005551167,-0.004216298,-0.004811178,0.018272566,-0.3345,2,0.008591423,-0.002675928,-0.002160872,-0.1,-2.3,0.128392791,-0.016982773,-0.035939067,-0.040465656,-0.032805191,-0.025673217,0.000618847,-0.000305732,-0.022448395,0.002002619,-8.10012E-05,-0.000514668,0.000655953,0.000766877,-0.000593957,-0.002171516,-0.000588796,0.000736287,-0.001405482,41.1,-0.2,41.7,7.100027167,4.86753445,4.934473933,6.464588304,5.707110265,7.03438793,4.718498871,5.164785974,6.343880434,5.631211782,-0.0040074,-0.024733832,-0.099275706,-0.006898909,0.002657402,0.01,0.007250304,0.000179011,0.006684661,0.008032181,0.006818117,0.006896406,-0.001886443,0.000285492,0.002962928,0.001254301,-0.047413329,-0.043761484,0.1148935,-0.035478641,0,0.01,-0.05,-0.04,-0.01,-0.05,0,0.03,0.15,0.13,-0.12,0.04,0.23,1.35,2.03,3.93,5.2,-0.002190574,0.004121593,-0.023494262,-0.015526253,0.009010775,-0.010324106,-0.014699546,-0.007019982,0.009862504,0.230791031,0.053296925,-0.00217898,-0.003397763,-0.019054495,0.002536749,-0.007025309,0.002823039,0.000693958,-0.002685774,-0.003650654,-0.002574288,-0.001547288,0.004012782,-0.008543215,-0.000254472,-0.006365296,-0.017539057,0.00148963,-4.7,-0.002269248,0.006521348,0.007526087,-0.007516218,24.4603
0.001124768,0.001106199,0.001870359,-0.003179925,-0.001447322,-0.003585005,-0.001791065,-0.004905783,-0.002800169,-0.002289513,-0.002952974,-0.009152965,-0.005824231,0.00159796,0.001411898,-0.000207478,-0.006516117,-0.000499351,-0.0449,169,0.019110703,0.00282226,0.002797505,0,1.5,0.005078301,0.00263158,0.002994911,-0.02045061,0.016537112,-0.004688241,0.002464551,0.002392407,-0.01009481,0.006442728,0.001052504,-0.000257433,0.003273325,0.002476096,0.00148423,0.001282962,0.002646857,0.001960785,0.000816327,41.3,0.1,41.8,6.96979067,4.890349128,5.141663557,6.249975242,5.488937726,7.057897937,4.852030264,5.159055299,6.396929655,5.560681631,-0.010357426,0.015153713,0.092472268,-0.001391176,0.000839921,0.01,-0.013950361,-0.001995986,0.001249634,0.000629702,-0.004034222,-0.004049498,0.001574553,0.000166918,-0.003293361,0.000601214,0.062645741,0.042214213,-0.0723241,0.053785813,-0.02,-0.02,0,-0.07,-0.11,-0.1,-0.1,-0.12,0,0.13,-0.1,-0.01,0.14,1.27,1.95,3.83,5.22,-0.004987312,-0.003915109,-0.000828491,0.000325935,-0.014731833,0.010273192,0.015106638,0.010101427,0.014414597,-0.042960452,-0.010787363,0.003445706,-0.004988719,0.024513558,0.004838952,0.008525136,-0.00227432,0.000495387,0.004350671,0.005410361,0.003317436,0.001363643,-0.003148314,0.010355152,-0.000718956,0.009531565,0.032274659,-0.004991023,2.8,0.001023301,-0.014788715,-0.009498619,0.006614845,16.5926
-0.001873426,-0.002496567,0.001748004,-0.002969763,0.003034958,-0.006061472,-0.003881076,-0.005409942,-0.002429736,-0.004346113,-0.001865473,-0.012825604,-0.008810462,-0.006877277,0.002670147,-0.002263317,-0.045626783,0.002478817,-0.2139,-311,-0.045632998,0.001995615,0.001579779,0.1,0.4,0.004212306,0.009156375,0.001494099,0.054675996,-0.02996657,0.011215071,0.001849686,0.001625604,-0.02291518,0.007919627,-0.000323729,-0.001932866,0.002393647,0.001885536,0.002481161,0.000376023,0.002697181,0.001590312,0.001132683,41.2,0,41.8,7.065613364,4.836281907,5.111987788,6.411818268,5.598421959,7.137278437,4.820281566,5.332718793,6.428105273,5.730099783,-0.008327829,0.002500475,-0.059180265,-0.00147288,-0.002846555,0,0.029739218,0.005146341,0.0063412,-0.030088908,-0.033450276,-0.033193568,0.002922134,0.004247166,0.000111752,0.000951109,0.004547433,0.027857726,-0.0426055,0.042617057,0,0.05,0.1,0.21,0.22,0.28,0.19,0.11,0.12,0.18,0,0.2,0.36,1.55,2.14,3.94,5.34,0.029305817,0.041552604,0.021386831,-0.009758731,0.015711302,0.004674114,0.005434909,0.000523493,-0.042483033,-0.101461227,-0.05460085,4.46452E-05,0.008246207,0.003173284,-0.003475347,2.09182E-05,-5.71189E-05,-0.000149932,0.000395998,-6.31609E-05,0.000346297,0.000986651,-0.000566307,0.000527086,0.001348091,-0.00544897,-0.015950563,0.000997009,1.3,0.002483736,-0.003943253,-0.002749226,0.004119861,16.0358
0.002808499,0.002096593,0.002310725,-0.001075443,0.003611211,-0.004514112,-0.005114693,-0.007088801,-0.005768724,0.001033124,-0.007793122,-0.010282077,-0.003756043,-0.002142335,-0.000542366,-0.002262496,-0.035461817,-0.009611074,-0.2257,171,0.028123945,0.003663077,0.004391504,-0.1,-0.1,0.007120449,-0.047098887,0.003576755,-0.033415997,0.02574022,0.00925076,0.001636639,0.001825651,-0.013890107,0.006049625,0.000485555,-0.000774194,0.002604733,0.0016064,-3.6987E-05,-0.000222179,-0.001682494,0.000855275,0.000724244,41.4,0,41.7,7.051855623,5.043425117,5.099866428,6.388561406,5.484796933,7.104144093,5.209486153,5.141663557,6.390240667,5.587248658,-0.018913015,-0.018796625,-0.110255426,0.000309281,-0.000521798,0.02,-0.016425757,-0.002801822,0.005857976,-0.035596773,-0.045356755,-0.043302759,-0.005117559,-0.002690155,-0.040059463,-0.005963923,-0.012837867,-0.011731389,0.0410435,0.004543612,0.12,0.24,0.11,0.17,0.17,0.03,-0.02,-0.09,0,0.3,-0.01,0.25,0.41,1.46,2,3.73,5.22,0.001603663,-0.014664336,-0.00825457,-0.014117882,0.032160448,-0.008854346,-0.012401779,-0.007660527,0.009407079,-0.046730115,0.04098106,-0.002324194,-0.001126757,-0.011212157,-0.002074452,-0.004279928,-0.000840131,-0.000958339,-0.002649357,-0.003359748,-0.002345807,-0.001770089,2.52099E-06,-0.00598727,-0.000737276,0.002249912,-0.00118474,0.003485191,1.3,-0.004086627,-0.112975906,-0.001330908,0.000338018,18.7364
0.001333201,0.000925185,0.00020068,0.001556075,-0.006907311,0.007421333,0.009180961,0.009518431,0.014922695,0.010223265,0.016325137,0.002228853,0.005178905,0.001596247,0.008592585,0.005469985,0.069791459,0.015556785,0.3448,330,0.057276653,0.001839148,0.003045357,-0.1,1.3,-0.080355778,0.041440547,-0.049712934,-0.095876683,-0.023810649,0.031541495,0.000719553,0.000709076,-0.021277398,0.000602954,0.001939865,0.001934361,0.001949107,0.000721229,0.000665557,0.000837185,0.001714332,0.001830273,0.000588062,41.3,0.1,41.8,7.01571242,4.990432587,5.017279837,6.338594078,5.521460918,7.072421901,4.442651256,5.278114659,6.359573869,5.768320996,-0.016099106,0.026623005,0.163855699,0.001858102,-0.001752201,0,-0.001404483,0.004981539,0.009133886,0.044013339,0.052982708,0.05075735,0.001110815,-0.001606644,0.040962065,0.000576843,-0.068232306,-0.065101854,0.1576768,-0.055335982,0.1,0.03,0.03,-0.06,-0.11,-0.18,-0.15,0.03,-0.01,0.23,-0.08,0.09,0.2,1.18,1.75,3.66,5.11,0.011659468,0.013078607,-0.028428402,-0.040110235,0.035460898,0.004677011,0.007426014,0.000421916,0.038264671,-0.028302935,0.000521986,0.001714768,-0.002860194,0.005213304,0.002822597,0.002991604,0.001554003,0.000890144,0.001696833,0.002163239,0.001612396,0.001644218,0.003869535,0.003089361,0.000832174,-0.004505322,-0.005111536,-0.001499094,-0.6,-6.0178E-05,0.113592538,0.001460877,-0.005070804,23.9267
0.000716373,-0.000337045,0.006300909,0.003794609,0.006958298,-0.006704856,-0.005840637,-0.005790873,-0.002281132,0.002865105,-0.003824409,-0.008274428,-0.007819722,-0.00368855,-0.005034125,-0.003672063,-0.02581656,0.038636396,-0.3533,-125,-0.018177397,0.002106751,0.002069268,0,0,0.011243653,-0.030130768,0.027145405,0.019400961,0.031311856,-0.03800803,0.001793134,-0.00126656,-0.032029077,0.001957095,-0.001373682,-0.00154719,-0.001082368,0.002281813,0.002252212,-0.000478305,0.003699047,0.000974778,0.001129918,41.1,0,41.8,7.091742115,4.369447852,5.347107531,6.406879986,5.726847748,7.085901464,4.8978398,5.198497031,6.361302478,5.707110265,-0.008726832,-0.045234262,-0.110831533,-0.005165894,-0.002345315,0,0.005818555,-0.004221268,0.007516758,0.043135841,0.045353321,0.045634661,0.005975807,0.002148325,-0.000644008,0.000850963,-0.008148401,-0.003429028,0.025479,0.006186872,0.04,-0.03,0.05,0.01,-0.01,-0.3,-0.31,-0.04,-0.11,0.16,-0.07,0.06,0.15,0.84,1.4,3.58,4.96,-0.022033257,-0.016198734,-0.031013307,-0.007112505,-0.029354009,-0.005278368,-0.007567633,0.002116725,-0.012810266,0.116476335,0.050674961,-0.002611442,0.01352691,-0.019383936,7.08537E-05,-0.006519966,-0.000969796,-0.00034348,-0.00312511,-0.003757705,-0.002872444,-0.001740914,-0.003246305,-0.00544403,-0.000383657,0.004046867,0.010998154,-3.93677E-06,-0.3,0.003455101,-0.003449764,-0.004272968,-0.001334586,23.9636
0.001284215,0.001324011,-0.001669101,0.004502457,-0.000184011,-0.007861358,-0.007509402,-0.008348705,-0.008459917,-0.008074763,-0.00857492,-0.005792122,-0.008321623,-0.00616391,0.003895517,-0.002448271,-0.070276455,0.006880198,-0.2683,343,0.028612983,0.002353801,0.001403602,0.1,-0.7,0.067441281,-0.025975486,0.032338147,0.025863511,0.035783634,-0.012121361,0.001636827,0.000152072,-0.028853348,0.006147407,-0.001537528,-0.002325282,-0.000216614,0.00187334,0.002357536,0.000375831,0.002844411,0.001946709,0.001579744,41,0,41.8,7.016609684,5.023880521,5.068904202,6.29710932,5.564520407,7.008505182,4.644390899,5.209486153,6.324358962,5.564520407,0.01695186,-0.003031533,-0.06211712,-0.003531076,0.004450576,0,-0.000870321,-0.000388361,0.003142157,-0.029016095,-0.025106241,-0.02552641,0.005041086,0.000208799,0.000271382,0.000437417,0.06061504,0.058748253,-0.1253548,0.068977188,-0.02,0.01,-0.02,0.02,0.13,0.16,0.11,-0.14,-0.21,0.19,-0.07,0.1,0.3,1.02,1.53,3.46,4.77,-0.017188719,-0.011048716,-0.014799837,-0.002873263,-0.042266588,0.009481224,0.01258736,0.010585191,0.026200478,0.257743824,-0.010437258,0.00398706,-0.019583878,0.033277968,-0.0018079,0.01040386,0.000219054,0.000113127,0.005166682,0.006282459,0.004514314,0.002320825,-0.001733275,0.010882952,0.000347499,0.000884583,-0.002776305,0.001970413,-0.7,0.001238946,0.005889988,0.006786922,0.002176025,16.1653
-0.001268127,-0.001551384,0.00446585,-0.00095853,0.005569604,0.002030603,0.003733256,0.004280208,0.008769839,0.004599475,0.010030856,-0.00352758,-0.000171323,-0.001844117,-0.008900375,-0.003397616,0.115169958,-0.020326455,-0.3444,-52,-0.006180944,-0.001182502,-0.001211483,0,-0.2,0.084150544,-0.02572038,-0.012750358,0.061875404,-0.054643222,-0.000375305,0.001210224,0.000101368,-0.019602272,0.001344387,0.000485791,0.000129324,0.001082603,0.001386594,0.001103185,0.000546411,0.000499628,0.002549319,0.000180383,41.1,0,41.8,7.067319849,4.795790546,5.327876169,6.406879986,5.480638923,7.057897937,4.663439094,5.252273428,6.368187186,5.641907071,0.009625982,0.054763984,0.170283789,0.005124655,0.002838759,0,0.007230401,0.001796031,0.003565537,-0.008254353,-0.016564456,-0.016507828,-0.009117035,-0.002993706,0.000931502,0.00068381,0.026158968,0.026787009,-0.0467202,0.033873034,0.01,0,-0.06,-0.09,-0.1,-0.12,-0.08,-0.2,-0.34,0.18,-0.14,0,0.19,0.89,1.44,3.25,4.42,-0.023135346,-0.018205697,-0.030384802,0.004900598,-0.031334156,0.001576857,0.001506117,0.002224367,0.015397641,-0.132083356,-0.034860873,0.001382571,0.006824461,0.003406037,0.001373639,0.003490626,-0.000891892,0.000236553,0.001041922,0.001727898,0.001385644,0.001954602,0.005202136,0.005051326,0.000501726,0.000873889,-0.001184835,0.001456832,-2,-0.000882283,-0.000968949,-0.000951106,0.004023776,14.2246
-0.000616849,-0.000831529,0.002356224,-0.004184299,0.004830258,-0.001443823,-0.002304218,-0.002810846,-0.003013499,-0.013877159,0.000249262,-0.002439974,-0.000342733,-0.000530186,0.002136448,-0.001229565,0.003655872,0.005843061,-0.1849,-197,0.003598609,-0.001202805,0.000735009,-0.2,-1.3,-0.137381994,0.066431565,-0.104664448,-0.116084479,-0.097931413,0.034495719,0.00023631,-0.001826207,-0.018366877,-0.000896057,-0.00145808,-0.003108408,0.001297578,0.000563761,0.000257235,-0.000563491,-7.58769E-05,0.001816971,0.000631085,41.1,-0.1,41.8,7.032624261,4.406719247,5.247024072,6.383506635,5.59471138,7.083387848,4.644390899,5.187385806,6.349138991,5.82008293,-0.001139779,-0.029860543,-0.028622557,0.001201942,0.002064608,0,-0.004294148,-0.001396348,0.00310241,-0.010143467,-0.004480382,-0.00440249,-0.000155509,0.002554275,-0.000227939,0.000807328,-0.004824826,-0.007972202,0.019631,0.002429439,0,0.02,0.04,0.04,0.03,0.04,0,0.03,-0.11,0.2,-0.1,0.04,0.22,0.93,1.44,3.28,4.31,0.003963912,0.01473418,-0.006445077,0.014215127,0.00985918,0.003131402,0.004987612,0.003855459,0.002808629,0.054719973,0.010105447,-0.000951071,0.008559183,-0.006562037,-0.000517343,-0.003450275,-0.000572786,0.000505873,-0.000660926,-0.001681018,-0.000990113,-0.001625059,-0.005038672,-0.00559089,0.000121603,-0.003127471,-1.21877E-05,-0.004429014,5.7,-0.001027063,0.002307847,0.000894585,-0.001602044,14.5867
0.00013481,0.000502138,0.004166204,0.004606393,0.009347638,0.003404594,0.004300845,0.005767175,0.00787758,0.021630943,0.0037315,0.001894609,0.002240163,0.002472456,-0.005557167,0.002527295,0.013223837,0.019828882,0.0941,-45,-0.021963702,0.001253153,0.000198558,0.1,1.2,0.050719938,-0.031519944,0.048190407,0.030962226,0.058615503,-0.032246,0.001978638,0.000862791,-0.015402566,0.00074677,0.001700887,-0.000129727,0.004743433,0.002155468,0.000881446,-0.000444186,0.001377533,0.00193447,-0.00018027,41.1,0.1,41.8,7.075808864,4.753590191,5.231108617,6.364750757,5.700443573,7.085064294,4.836281907,5.135798437,6.403574198,5.683579767,0.019970923,-0.058070804,-0.167846805,-0.01060281,0.001310626,-0.02,-0.00897854,0.000296165,0.003261239,0.010654968,0.010835853,0.010691625,-0.005380882,-0.001397654,-0.003261545,0.000149302,0.008839805,0.012715943,-0.009583,0.015332959,0.01,-0.02,0,-0.01,-0.04,-0.13,-0.17,-0.15,-0.15,0.17,-0.11,0.02,0.17,0.79,1.26,3.12,4.15,-0.001830211,-0.0084224,-0.032656649,-0.022771779,-0.003947526,0.000999072,0.000422545,0.00158189,-0.003594603,-0.093550405,0.003503031,0.000156267,-0.011091786,0.002901316,9.13151E-05,0.00136142,-0.000195345,-0.000479636,-1.82139E-05,0.000254786,0.000164158,8.32263E-05,-0.001471911,0.002873073,-0.000547611,0.002652889,0.001912085,0.002443431,-1.2,0.000654189,0.001525767,-0.00036779,-6.43316E-05,17.1976
0.003024516,0.003195216,0.000206509,0.001714305,-0.000243501,0.001919732,0.001256459,-0.000195741,-0.000811122,0.009878849,-0.00408946,0.001082997,0.002772931,0.003013504,0.001035878,0.001531603,0.00629677,-0.002615207,0.0226,332,0.052059512,0.001578373,0.002287196,-0.1,-0.2,-0.056911908,0.034617977,0.004410845,0.059188871,-0.028114301,-0.026567027,0.002251574,0.001976536,-0.00812406,0.004468948,0.00113232,0.001685139,0.000215077,0.002295125,0.001430694,0.000341699,0.000927817,0.002653801,0.004227766,41.3,0,42,7.110696123,4.882801923,5.068904202,6.456769656,5.693732139,7.077498054,4.65396035,5.252273428,6.411818268,5.634789603,-0.008840212,0.045815615,0.12452221,-0.003092249,-0.001067298,0,-0.003359145,-0.001306235,0.004667148,-0.011860714,-0.01676785,-0.016528941,0.002347934,0.000931096,0.002061557,0.000156142,0.030719744,0.03318632,-0.05570275,0.04064196,0.01,0.07,0.03,-0.01,-0.04,-0.1,-0.14,-0.22,-0.31,0.23,-0.09,0,0.12,0.68,1.11,2.89,3.83,0.015162116,0.013828645,-0.01107093,-0.077826387,0.012179292,-0.008330121,-0.009926617,-0.007699265,-0.022746206,-0.131008027,0.01781602,-0.00271517,0.001710747,-0.018490334,0.001088028,-0.007815425,0.002093286,0.000196671,-0.00314051,-0.003672496,-0.003067924,-0.000875298,0.003613905,-0.009059827,0.000935771,-0.004430667,-0.003476591,-0.003423823,-3.5,-0.001799171,-0.000855814,-0.000596598,0.004435319,12.1127
0.000692177,0.000398685,0.002349398,0.005331007,0.000380444,-0.000764903,-0.000441575,0.000650639,0.000816886,-0.006626198,0.003112655,-0.003448622,-0.001179052,-0.00324516,-0.001637159,-0.00332676,0.028018581,0.008161823,-0.3339,-467,-0.071369493,0.002710743,0.002084323,0.1,-0.6,0.018897508,0.019256613,-0.038453953,-0.117475201,0.007103023,0.007662873,0.00121029,-0.001165177,-0.001666112,0.000445798,-0.001941905,-0.003243176,0.000215031,0.001585853,0.001758049,6.83258E-05,0.001008891,0.00240645,0.000134635,41.1,0,41.8,7.057036982,4.8978398,5.147494477,6.320768294,5.700443573,7.085901464,4.779123493,5.252273428,6.400257445,5.645446898,0.000962297,0.013398426,-0.019991458,0.000746569,0.001789004,0,0.023945737,0.002239316,0.004701082,0.029238213,0.041165703,0.041083399,-0.006197761,-0.000206814,0.00353748,0.000993528,0.013212162,0.012811787,-0.012352035,0.015499217,0.01,0.11,0,0.05,0.06,0.06,0.06,0.04,0.02,0.33,-0.1,0.04,0.17,0.73,1.16,2.92,3.84,-0.011832492,-0.012179671,-0.028748609,-0.002515725,-0.004145879,-0.00156236,-0.002977172,-0.002184897,-0.019740638,0.089622519,-0.028959199,0.002193038,0.00351995,0.009671547,0.004477808,0.005505351,-0.000702484,0.000254789,0.002446149,0.003099468,0.001978751,0.000707402,-3.58295E-05,0.007030496,-0.00111142,0.002649008,-0.00038675,0.003412141,-0.2,0.002386939,0.018442971,0.007791021,-0.004074819,11.0968
0.002853423,0.003588819,0.003638725,0.003114291,0.004785564,-0.001323557,6.97878E-05,-0.000812103,-0.001536298,0.004984939,-0.003526613,-0.001101679,-0.003101278,-0.002283109,0.007986496,0.002694512,-0.033886699,0.002110664,0.1192,135,0.006701175,0.001427713,0.000731122,0.1,-0.5,0.121211583,-0.002604168,0.016845231,0.07384412,-0.015796507,-0.051896128,0.001823041,0.001063911,-0.00652449,0.004742858,-0.0005671,-0.001300221,0.000644815,0.001942843,0.000731609,0.002132834,0.000705619,0.000720807,0.001121252,41.2,0,41.8,6.96979067,4.532599493,5.017279837,6.295266001,5.627621114,7.151485464,4.94875989,5.192956851,6.436150368,5.802118375,0.006568321,-0.009324003,-0.005943397,-0.003077902,0.001324429,0,-0.01897925,-0.002322118,0.00264739,-0.038675786,-0.055025336,-0.054498826,0.010990332,-0.000960234,-0.003170986,0.000217922,-0.00913004,-0.011965382,0.021498889,-0.00411344,0,0.02,-0.01,0.02,0.02,0.05,0.07,0.09,0.07,0.35,-0.11,0.06,0.19,0.78,1.23,3.01,3.91,0.002821046,0.002160161,0.005378725,0.00297245,0.008427231,0.006239985,0.008921703,0.003273027,0.013505442,0.008667161,-0.005768965,-0.00026587,-0.005148404,0.003457974,-0.006763545,0.000803317,-0.000171822,-0.000906098,-0.000255893,-0.000501942,0.000336855,-0.000537943,-0.001867229,0.000889334,-0.000740724,-0.000886893,0.001526704,-0.003898877,1.4,-0.004229807,-0.006542532,-0.003739102,0.003727556,13.4269
0.001811187,0.001315273,0.000802847,0.000552841,0.004198553,0.001228515,-0.000208381,0.000125137,-0.003055568,0.005308538,-0.00562684,0.005041993,0.003067515,0.006348916,0.000942528,0.002088077,-0.036838677,-0.012351807,0.0807,-165,-0.010718444,-0.000262847,0.000473955,-0.1,-0.4,-0.059998131,-0.007853444,0.007998763,0.003424661,0.010728072,0.024030548,0.000965417,0.000961612,-0.003867826,0.003542439,-0.000243141,-0.000260247,-0.000214892,0.000966018,0.000657991,0.000494168,0.000270775,0.000960269,-0.000403506,41.2,0.1,41.9,7.190676034,5.081404365,5.267858159,6.436150368,5.85220248,7.151485464,4.753590191,5.298317367,6.413458957,5.857933154,0.00626504,0.04760144,0.159133491,0.007523296,-0.001051383,-0.01,-0.001480518,0.000544678,0.002382207,-0.014132801,-0.038160091,-0.036037106,-0.003068211,0.001096575,0.000766311,0.000313557,-0.006822156,-0.007064972,0.024707632,-0.00533737,0,-0.03,0.04,0.01,0.07,0.09,0.13,0.1,0.07,0.32,-0.07,0.07,0.26,0.87,1.36,3.11,3.98,0.019929472,0.014688147,0.020645212,-0.063625696,0.01085029,0.001536792,0.002431965,0.000535619,0.00055787,0.086725104,0.023546318,0.000832755,0.005746376,0.005947197,-0.001312591,0.002679661,0.001347625,-0.000110102,0.00095538,0.001261854,0.001033055,0.001219965,0.001725377,0.00074635,0.001278654,-0.000442563,-0.001533728,0.001946236,-4,-0.001318548,-0.01411757,-0.005932691,-0.002553192,14.7328
0.00248308,0.00381151,0.002111087,0.000158401,-0.000161572,-0.002220861,-0.003923464,-0.005819265,-0.009244553,-0.009861154,-0.009045631,-0.001067585,-5.88464E-05,-0.000917525,0.007306169,0.000342299,-0.04805133,0.001274108,-0.0418,146,0.051311132,-0.00087039,0.001321938,-0.2,-0.6,-0.023199052,-0.048002039,-0.058396386,-0.067163045,-0.053756746,-0.025036078,0.00118481,0.001415428,0.004371224,0.003529935,0.000162101,-0.000260315,0.000859291,0.001148426,0.000547995,0.000545006,-0.000447133,0.000959348,-8.96901E-05,41.3,-0.1,41.8,7.048386409,4.418840608,5.365976015,6.371611847,5.59471138,7.13009851,4.795790546,5.225746674,6.401917197,5.826000107,-0.005861066,-0.045925337,-0.234394877,-0.001043935,0.006811309,0.01,0.00169877,0.000551529,0.003884286,0.049868422,0.096417689,0.093871183,-0.002750932,-0.00316092,-0.001541382,0.000231173,0.010199693,-0.001455771,-0.011113158,0.011599886,0.01,-0.01,0.12,0.1,0.08,0.33,0.38,0.35,0.33,0.3,0.04,0.16,0.33,1.19,1.73,3.45,4.3,0.018977125,0.00877066,0.042723609,0.008238476,0.013715786,-0.007760644,-0.010828029,-0.001093447,0.007444451,-0.183349442,0.015888722,-0.00098164,-0.002611871,-0.006127751,-0.000223976,-0.00452004,-0.001437111,0.000827157,-0.001082937,-0.001426173,-0.001054645,-0.00170033,-0.004045703,-0.00461583,-0.00047732,0.000437146,-0.000764232,-2.12703E-06,6.6,0.003815823,8.29377E-05,0.000922896,-0.00869154,15.0939
0.002187739,0.002592209,0.002807867,0.012265422,0.008100199,0.009367814,0.012321927,0.014802234,0.015469151,0.004400745,0.018862977,0.013153972,0.005669013,0.003314961,-0.006785838,0.003204972,0.111808478,-0.002760939,0.1784,-141,-0.02110017,0.000939238,0.000827787,0,0.3,-0.013077596,-0.020427823,0.034858301,0.091647172,0.000536049,0.013986242,0.001238416,0.001161176,-0.00167898,0.001613732,0.000972054,0.001170884,0.000643984,0.001250603,0.001605723,0.000204301,0.000944412,0.003111539,0.000358712,41,-0.1,41.8,7.154615357,4.49980967,5.407171771,6.359573869,5.963579344,7.141245122,4.836281907,5.220355825,6.411818268,5.837730447,0.045630709,0.012535947,0.067306859,-0.002197881,0.00342694,-0.02,-0.00613065,-0.002986706,-0.000275636,-0.050171941,-0.070459785,-0.069515511,-0.00505549,-0.000986605,-0.001007191,-0.000103113,0.037015573,0.027171987,-0.06639075,0.033544466,0.13,0.16,0.06,0.06,0.13,0.36,0.35,0.2,0.12,0.33,-0.03,0.09,0.33,1.42,1.95,3.52,4.29,0.019026322,0.022921081,0.067349122,0.004093925,-0.007096732,0.010832118,0.013239849,0.003771948,0.06498485,0.215834644,-0.04246786,0.001188143,-0.002407572,0.006976479,0.001563132,0.004051057,0.001125217,-0.000218218,0.001314754,0.001847089,0.001157731,0.001341358,0.005078628,0.004490004,-0.000157972,-3.08058E-06,0.001521489,-2.12084E-06,4.4,-0.002702162,-2.7963E-05,0.000646815,-0.001433792,11.7684
0.003370348,0.003201953,0.000399214,-0.003007816,0.011535423,-0.002419556,-0.004081195,-0.006453312,-0.010258033,0.000688295,-0.013585904,-7.34269E-06,-0.000326205,0.009162578,0.005802065,0.003176005,-0.089126375,-0.001514785,0.1838,-48,-0.012341818,-0.000538388,-0.000972392,0,-1.1,0.030115199,-0.026617541,-0.014459667,-0.010901575,-0.017297729,-0.018018506,0.001779256,0.003475461,0.001343409,0.007448008,0.001456311,0.001039636,0.002143624,0.001511379,0.000947626,0.000867812,0.001408664,0.003340096,0.000313768,41.2,0,41.9,7.110696123,4.828313737,5.308267697,6.501289671,5.446737372,7.192182059,5.105945474,5.283203729,6.50578406,5.697093487,-0.001978271,0.002275927,0.047936485,-0.002068786,0.001697135,-0.01,0.018950633,0.0023987,-9.18957E-05,0.062690046,0.079269038,0.078521753,0.00235327,0.00168305,0.001568457,-0.000337784,0.012601483,0.014610639,-0.015509727,0.0009517,0.11,0.03,0,-0.02,-0.04,-0.04,-0.06,-0.14,-0.17,0.25,-0.14,-0.04,0.18,1.27,1.78,3.27,4.01,-0.008825742,-0.011742204,-0.009754476,-0.009336084,-0.011763954,0.000441571,0.001352434,0.004238422,-0.033883161,-0.119297447,0.02163375,0.002211035,0.010427416,0.009865345,-4.69495E-05,0.005846876,0.004432907,7.53383E-05,0.002357925,0.003627598,0.002418185,0.001826043,0.007007774,0.005708502,-0.000148046,-0.000440419,-5.20466E-06,-0.001455251,0.3,-0.000375693,0.000215815,-0.002437631,0.006504383,10.7884
0.004553231,0.005439055,-0.001500096,-0.002393068,-0.00464151,-0.003731379,-0.006614328,-0.008210892,-0.011614421,0.000377686,-0.015306843,-0.002217859,-0.000145867,0.002043961,-0.00195539,0.00135047,-0.153822359,-0.006764084,0.0538,174,0.035777704,0.001007677,0.001897914,0,0.3,0.032430892,0.024739606,-0.068851017,-0.122748971,-0.034390522,-0.021440331,0.00137178,0.003814117,0.014494215,0.006670558,0.001696353,0.000649224,0.003420268,0.000985143,-7.28624E-05,0.001003001,-0.00135832,0.000833284,-0.000179284,41.3,0.1,42,7.161622003,4.718498871,5.225746674,6.487684018,5.811140993,7.129297549,4.753590191,5.521460918,6.403574198,5.627621114,-0.003554001,-0.009234508,0.025496503,-0.004373418,0.002428775,0.01,-0.018033244,-0.001772795,0.002954808,0.026985568,0.035008903,0.036691658,-0.001115535,-0.001268907,-0.000586088,-6.7575E-05,0.023796842,0.023861566,-0.037741829,0.01342819,0.01,-0.03,0.01,0.03,-0.01,-0.02,-0.01,0.03,-0.02,0.21,-0.14,-0.02,0.16,1.24,1.76,3.29,3.98,-0.006697953,-0.006472515,-0.017214124,0.01029693,-0.005629104,-0.008180264,-0.010187775,-0.004863235,-0.035624776,0.008161039,0.018824882,-0.004807616,-0.003425194,-0.030197395,-0.000977184,-0.013455456,-0.007822872,0.000149934,-0.005763825,-0.007377091,-0.005162952,-0.003427379,-0.008133876,-0.013243768,0.000248975,0.000435054,-0.001520333,0.000968992,-2.2,0.000642532,-0.004652301,-0.003445254,-1.0799E-05,10.6052
0.004558406,0.004723588,0.007363452,0.002383304,0.001857495,0.005527125,0.005456992,0.006607167,0.006288361,-0.016830905,0.013362232,0.006475946,0.005627305,-0.005443064,0.001907278,-0.004548229,0.161991056,0.004058592,-0.3804,-9,0.037029727,0.001137891,0.003543188,-0.3,0.1,-0.098426318,-0.038807265,-0.018611847,0.039257377,-0.055102369,0.041440998,0.000500231,0.000901217,0.009547398,0.000433495,0.000806777,0.000519076,0.001279591,0.000436648,-0.000765376,-0.000611881,-0.002003112,0.000713691,0.0002241,41,-0.1,41.8,7.072421901,4.744932128,4.941642423,6.439350371,5.697093487,7.153833802,4.927253685,5.241747015,6.455198563,5.755742214,-0.003277297,0.028349367,0.008529256,0.000372779,0.002682138,0,0.016245273,0.002216987,0.007030644,-0.023117884,-0.028573022,-0.030047844,-0.005952618,0.00046095,-0.001023463,9.7463E-05,0.00686506,0.017640708,-0.021314922,0.006164893,0.13,0.11,0.22,0.23,0.19,0.11,0.06,0.06,0.04,0.19,-0.05,0.08,0.22,1.22,1.69,3.22,3.89,0.005458736,0.000499376,4.33958E-05,-0.011915446,0.02098507,-2.58722E-07,-0.001445667,-0.005316334,-0.036749808,-0.098895913,-0.037436964,-0.001881653,-0.00925749,0.002122653,0.00060512,-2.70078E-05,0.00061469,-0.003087578,-0.002163499,-0.002392041,-0.002116473,-0.002046881,-0.003978453,0.00056258,-0.002541217,-3.05105E-06,0.00151343,0.001449389,0.6,0.001756662,0.010089683,0.007166917,-0.000348181,10.4897
-0.001915235,-0.001587326,0.000784476,-0.002209933,0.006554174,0.009602938,0.011285528,0.01396703,0.009010079,0.017562266,0.006437307,0.028482467,0.007554553,0.010524687,0.010952582,0.011010303,0.009745423,0.003639988,0.7859,494,0.077039209,0.000830718,0.001254459,0,-1,0.026065768,0.014067659,-0.018596707,-0.022243735,-0.016231195,-0.035883713,0.001198167,0.0008004,0.015604998,-0.000722596,0.000806127,0.000518807,0.001277955,0.001261239,0.000145831,0.000951653,-0.000264862,0.001544585,4.48139E-05,41.3,0,41.9,7.060476366,4.442651256,5.303304908,6.345636361,5.733341277,7.134890852,4.787491743,5.262690189,6.391917113,5.843544417,0.003948237,0.013783439,0.014705022,0.003755226,-0.001639792,-0.01,-0.014948144,-0.001307807,0.002653293,-0.036605416,-0.054337232,-0.054853483,0.009354407,0.000788588,0.000662752,0.000569986,0.005674504,0.001377762,0.018105519,-0.016830689,0.11,0.05,0.06,0.06,0.03,-0.19,-0.18,-0.14,-0.11,0.13,-0.1,0.03,0.14,0.92,1.4,2.97,3.67,-0.005254333,-0.000599281,-0.025341311,0.023374153,0.003728009,0.005068176,0.007684724,0.004760654,0.056857769,0.11505733,0.024148586,0.003095458,0.002702428,0.008909285,-0.003016366,0.005123413,0.001047914,0.002019873,0.003718697,0.00407596,0.003670979,0.004235184,0.004946157,0.004463358,0.004047342,0.000866903,-0.001893724,0.001920021,0.1,-0.000358932,-0.009967592,-0.005943048,-0.002645775,11.6507
0.003671272,0.004184186,0.001892548,0.007152527,-0.002936043,-2.60333E-05,0.000567921,0.001325371,0.00440798,-0.011619019,0.009216398,-0.008824114,-0.000739054,-0.011965843,0.002248013,-0.004245783,0.069472963,0.008381414,-0.3533,-412,-0.05545159,-0.001618351,-0.001502924,0,0.6,-0.077081117,-0.070335639,0.02794593,0.0422081,0.018018506,-0.009693796,0.001060036,0.000749794,0.008512057,0.001011488,0.000322269,0.00064813,-0.000212879,0.00110921,0.000291598,-6.79452E-05,-0.000630907,0.001305096,-0.00044823,41.3,0.1,41.9,7.022868086,4.442651256,5.099866428,6.326149473,5.749392986,7.094234846,4.820281566,5.18178355,6.391917113,5.723585102,0.001173064,-0.011911216,-0.036323657,-0.002081693,0.00320573,0.01,0.017189918,0.000278935,0.005159176,-0.005701856,-0.00595973,-0.00582632,-0.001057219,0.000194246,-0.000246841,3.7702E-05,0.015160155,0.018353774,-0.018066752,0.002659268,0.01,0.02,0.09,0.09,0.08,0.02,0,-0.02,-0.02,0.14,-0.02,0.11,0.21,0.93,1.39,2.94,3.64,-0.008489045,-0.014288832,0.019364213,0.022685579,0.012498776,-0.011661905,-0.015370145,-0.004760654,-0.030666038,-0.086319067,-0.029996371,-0.002238317,-0.004028906,-0.012094473,0.001574715,-0.006428243,0.00139772,0.000120838,-0.002641267,-0.003074747,-0.002597271,-0.002557741,-0.001354365,-0.007569869,-0.001220742,-0.000440551,0.003018727,-0.003857517,0.1,0.000660785,0.010449491,0.008616409,0.000793237,9.8692
-0.000126128,-0.00064668,0.00186264,0.002347926,0.004889326,0.000567757,-0.002626142,-0.003027878,-0.00503859,0.000615891,-0.006708036,7.47616E-05,0.004443136,0.002272879,0.005505552,0.001254441,-0.052753844,-0.004533193,0.0586,436,0.067788098,0.001337358,0.001672678,-0.1,0.1,0.049694054,0.004125844,-0.055938055,-0.175337913,0.016529302,0.008255981,0.001632308,0.001747336,0.007805695,0.002308137,0.001127124,0.001812533,0,0.001614078,0.000837872,0.001883767,0.000214553,0.001776936,0.000851464,41.3,0.1,42,7.110696123,5.075173815,5.318119994,6.272877007,5.802118375,7.17930797,4.65396035,5.356586275,6.466144724,5.863631176,-0.002221606,0.068936082,0.198323186,0.013077663,0.00469335,0,-0.016817364,-0.001856415,0.002074259,0.014686581,0.015671241,0.015406201,-0.000300766,-0.001074001,-0.001025981,0.000349615,0.016002528,0.013603157,-0.019605713,0.002398592,0.13,0.11,0.09,0.07,0.08,-0.07,-0.11,-0.17,-0.18,0.12,-0.06,0.05,0.16,0.73,1.15,2.64,3.33,-0.015572444,-0.019030654,-0.011915482,-0.009246734,-0.023122847,0.007101988,0.009613364,0.001581862,0.011073142,-0.018646761,0.019831261,0.001217274,0.005892141,0.00801212,0.003253925,0.003633123,-0.000134472,-0.000104303,0.001736131,0.001656135,0.001025753,0.000860482,0.000162798,0.005548107,-0.000443255,-4.70543E-06,-1.14997E-05,0.001920077,-2.1,-0.003004366,-0.005294028,0.001738152,-0.00417461,9.3122
0.003387975,0.003350596,0.00129828,0.005406878,0.001282591,-0.001450397,-0.002432622,-0.003216895,-0.001361078,-0.014545727,0.002528022,-0.00591006,-0.000266145,-0.007017627,-1.86918E-05,-0.002757324,-0.001287444,-0.015314373,-0.243,77,0.01378844,0.00161619,0.001826294,0,-0.2,-0.039555719,0.038864341,0.036421714,0.069278341,0.01798714,0.002258496,0.001295752,-0.000399122,0.003642991,-0.000864927,-0.000321906,-0.001553398,0.001701766,0.001564117,0.000291269,0.001118398,-6.3099E-05,0.001537461,8.95857E-05,41.3,0,42,7.077498054,4.779123493,5.081404365,6.415096959,5.683579767,7.137278437,4.804021045,5.153291594,6.458338283,5.783825182,0.007561522,-0.076720418,-0.206389775,-0.003281296,0.003154869,0,0.007305757,0.002699861,0.004440656,0.001573982,0.020379746,0.020402115,0.000161281,0.00188154,0.001775453,0.000101827,0.008228209,0.005190898,-0.002993904,-0.004723842,0.11,0.06,0.09,0.02,0.02,0.1,0.13,0.02,0.02,0.07,-0.08,-0.04,0.07,0.72,1.17,2.55,3.24,-0.02422567,-0.007985523,0.013459144,0.014415502,-0.046573743,-0.001525036,-0.002892264,-0.002108871,0.002647605,0.102086431,-0.001634325,0.000339647,0.000278896,2.5696E-05,-2.92636E-05,0.000509682,-0.001248486,0.000233983,0.000110626,0.000920411,0.000377539,-0.000227472,0.000759395,0.001729042,-0.00096757,0.000427187,0.000736801,-0.000963147,-1.6,0.001795392,0.001925668,-0.00584226,0.002525771,8.7933
0.002023017,0.001879315,0.001209042,0.003090791,0.001607736,-0.004109935,-0.001104372,0.000169831,0.000181842,0.003667292,-0.000830316,0.001644847,-0.00770829,0.00087198,-0.020773508,-0.002277794,-0.011863195,-0.006627368,-0.2105,-158,-0.045864142,0.002011904,0.000879344,0.1,-0.6,0.009582551,0.003952574,0.016648955,0.061975299,-0.009823829,-0.023027675,0.001505055,0.003735529,0.014128963,0.004029942,0.003134169,0.004008021,0.001698875,0.001151774,0.000727802,0.000609508,0.000246064,0.001771061,0.000582111,41.2,0,42,7.06646697,4.672828834,5.135798437,6.37331979,5.733341277,7.170119543,4.691347882,5.241747015,6.452048954,5.908082938,0.013598758,0.026876438,0.034425,0.000487888,0.006790791,0,0.001740308,-0.001599801,-0.000502404,0.030976367,0.034947177,0.036002678,0.000836359,-0.001758219,-0.001648358,-0.000213547,0.000863488,0.000884013,0.0112206,-0.015766658,0.01,0.03,-0.06,0,0.01,-0.09,-0.11,-0.07,-0.08,0.09,-0.15,-0.05,0.07,0.62,1.05,2.47,3.15,-0.015267902,0.00508907,-0.023308771,-0.003391401,-0.006482749,0.006084953,0.009134781,0.005784645,-0.010078638,-0.001799713,0.041611096,0.003356449,0.00030293,0.019307101,-0.002198821,0.007326491,0.001290705,0.001093993,0.004029165,0.003906792,0.003876507,0.001650035,-0.000643393,0.005165126,0.000953483,0.000423859,-0.000389431,0.000953959,3.4,0.001456389,-0.001501294,-0.000269307,0.000995086,10.2523
0.001494603,0.001573481,0.004568871,0.006563068,0.019997598,-0.000189949,0.002922249,0.002375612,0.001408156,0.011343296,-0.001502708,0.009780079,-0.003940045,0.009060902,-0.043899473,-0.001494758,-0.016623672,-0.03512766,-0.1567,185,0.067770465,0.003007185,0.005246936,-0.2,2.1,0.024227295,-0.049012082,-0.037298656,-0.099638784,-0.001162115,0.107917579,9.52666E-05,0.000745434,-0.000779727,0.001291897,0.000481309,0.000644953,0.000212157,-7.88435E-06,0.00127238,0.001285521,0.000113547,0.000943285,-8.95335E-05,41.1,0,41.8,7.054449658,4.615120517,5.225746674,6.29710932,5.793013608,7.134093721,4.787491743,5.241747015,6.416732283,5.80814249,0.009873141,0.045753727,0.091967088,0.008262301,0.001358267,-0.02,-0.009247324,-0.000531284,-0.001454807,-0.043597442,-0.067572257,-0.068459376,0.003122718,-0.001320871,-0.001902833,-0.00061556,0.01479904,0.017521125,-0.0159169,-0.003980639,-0.01,0,0.02,0.04,0.05,0.02,-0.01,0,-0.01,0.1,-0.12,0,0.13,0.65,1.05,2.48,3.15,-0.012288634,-0.002904868,0.008603744,0.029516824,-0.026441047,0.000471712,-5.86646E-05,0.001015255,0.012214459,0.006592626,-0.026206483,0.000404681,0.000462122,0.00547868,-0.001552441,0.002681964,-0.001922619,-0.000932841,0.000417257,0.001455193,0.00058374,0.001094028,-0.000737666,0.003564703,0.000619221,0.002134543,0.006276611,0.000470824,-1.7,-0.000569126,0.003267782,0.001090042,0.00082802,8.6979
0.002294396,0.002348048,0.002689613,0.004387561,0.003696741,0.015280615,0.008636722,0.009271665,0.011573511,0.004077419,0.013770256,0.006654835,0.023238125,0.004022676,0.060885115,0.013259063,0.043918964,0.053669282,0.9387,-170,0.002459079,-0.004688684,-0.003581559,-0.1,-0.9,-0.042559614,0.013374685,-0.073420372,-0.107206386,-0.054972023,-0.122717004,0.001842303,0.00188595,0.003426261,0.002435706,0.001602693,0.00128866,0.002119094,0.001835376,0.00101674,0.001266988,0.000409925,0.001060133,-0.000268649,41.2,0.1,42,7.142827401,4.976733742,5.298317367,6.424869024,5.713732806,7.202661197,4.795790546,5.283203729,6.472346295,5.934894196,0.013049495,-0.041982952,-0.06673437,-0.001265462,-9.92322E-05,-0.01,0.007630097,0.000295485,0.002674494,0.007331555,0.000569375,0.000590477,-0.005125775,0.004493906,0.003469672,9.4918E-05,0.025412074,0.021633975,-0.0385785,0.012778019,0,0.01,0.04,0.08,0.12,0.18,0.16,-0.03,0.02,0.11,-0.08,0.08,0.25,0.83,1.21,2.45,3.17,0.018278125,0.02015907,0.019123408,-0.010398707,0.026361729,-0.004040373,-0.004783683,-3.9104E-05,-2.27723E-05,-0.001665022,-0.0122144,-0.003821849,-0.002208095,-0.027562218,0.002116393,-0.011614084,0.00178244,0.000726765,-0.004392973,-0.006101402,-0.004381221,-0.001688382,0.002671236,-0.013151589,0.001093219,-0.006866968,-0.018529499,-8.17108E-06,5.6,-0.001326168,-0.002400695,-0.000995863,0.000693634,8.0164
0.001180765,0.003425344,0.004639736,0.005300989,0.007852094,0.005042404,0.000376073,-0.001124243,-0.001428271,-0.00123591,-0.001484372,-8.19515E-05,0.010552645,0.010615049,0.006410158,0.002486424,0.01379985,0.007052201,0.1289,-128,-0.032093989,0.001183572,0.000636794,0.1,-0.4,0.039007213,-0.019608471,0.028460419,0.113411163,-0.019225398,0.027312622,0.001465977,0.003860053,0.006354148,0.005992314,0.002399233,0.00347111,0.000634853,0.00108546,0.001776811,0.001686825,0.001713559,0.001059011,-4.47818E-05,41.3,0,41.9,7.172424577,4.532599493,5.18178355,6.519147288,5.869296913,7.187657164,4.727387819,5.231108617,6.492239835,5.894402834,0.019110223,0.022108391,0.019942894,0.000355907,0.004767391,-0.01,-0.003546561,-0.00128045,-0.001183793,0.017524263,0.048863319,0.04908925,-0.001505479,-0.002276174,0.001920028,0.000511218,0.014216031,0.016633477,-0.0169636,0.00170348,0.01,0.06,0.16,0.13,0.16,0.07,-0.01,-0.03,-0.05,0.16,0.07,0.2,0.4,0.89,1.19,2.41,3.11,0.005291175,0.009525812,-0.000848787,0.001135547,0.013081353,0.007475442,0.009394906,0.001504194,0.020768213,0.058863958,-0.020449006,0.002577383,-0.007349716,0.020855817,-0.001377162,0.008239572,0.004305769,-0.000846815,0.003070985,0.00430929,0.002953004,0.000483578,-0.003664805,0.008352996,-0.001214186,0.00599536,0.012604059,0.000465472,-2.2,-0.002452587,0.002660157,0.00329347,0.001617651,9.118
0.002244658,0.002432014,0.001124169,0.002349925,-0.00022529,0.004505748,0.003914475,0.003229044,0.005648599,0.004736845,0.005912533,-0.003082607,0.005199036,-0.002716249,-0.002609503,-0.000482204,0.040690231,-0.009791692,-0.1,-262,-0.025009596,6.22545E-05,0.000779196,-0.1,-1.3,-0.008039347,0.033310792,-0.06521425,-0.083829939,-0.055355186,-0.008533718,0.001186139,0.004042003,0.001543687,0.00595662,0.003110422,0.003714857,0.002113272,0.000730842,-0.000326116,0.001448397,-0.001631594,0.000940402,4.47818E-05,41.3,0,41.8,7.098375639,4.477336814,5.135798437,6.386879319,5.880532986,7.185387016,4.9698133,5.393627546,6.378426184,5.905361848,0.001377838,0.031603474,0.033664651,0.00641027,0.005357498,0,-0.006360546,0.001514205,0.001667668,-0.040187381,-0.057947934,-0.057987045,0.002681245,-0.000422128,-0.003915299,-0.000178328,0.026905645,0.023506407,-0.0403148,0.016023187,0.14,0.22,0.09,0.11,0.14,0.13,0.05,-0.06,-0.05,0.24,0.02,0.17,0.4,0.88,1.1,2.21,2.92,-0.004590075,-0.004548909,0.001076367,0.01404929,-0.00031321,-0.010477511,-0.013646031,-0.005171902,-0.012243031,-0.071924997,-0.005787275,-0.001337415,0.005815848,-0.013325398,0.002681264,-0.004710095,-0.000856181,0.000791085,-0.001816309,-0.002488301,-0.001713504,-0.000751867,0.002519005,-0.004700842,-0.000102544,0.001256992,0.000721125,0.000932411,-2.6,0.004355242,-0.000379979,-0.002924768,0.004279021,8.7126
0.002140057,0.000389773,-0.001141474,-0.010103316,-0.001236954,-0.003150468,-0.000197501,0.002478845,0.003098158,-0.005911399,0.005684493,-0.000230412,-0.006610732,-0.003032904,-0.0223122,-0.005190613,0.041608913,0.007697417,-0.4587,561,0.075512826,0.003027113,0.002702993,0,0.1,0.018218678,-0.029150619,-0.007096669,0.072424942,-0.056496819,-0.021978907,0.0011915,0.002701974,0.009365233,0.003951459,0.001591343,0.002171276,0.000633112,0.000950082,0.001231438,0.001160571,0.000749982,0.000352423,-0.000537514,41.2,0.1,41.9,7.195937226,4.753590191,4.976733742,6.527957918,5.963579344,7.21964204,4.744932128,5.170483995,6.546785411,5.934894196,0.013296535,-0.043078394,-0.035586368,-0.00337869,0.0060028,0.01,0.015552493,-0.003107414,-0.004813314,0.026721831,0.016658416,0.016327206,0.001144061,-0.000421893,0.00116176,-0.000267326,0.046013537,0.052609359,-0.0698035,0.029901124,0.11,0.09,0.09,0.12,0.1,0.2,0.18,0.04,0.04,0.22,0,0.18,0.39,0.97,1.17,2.14,2.85,-0.027709199,-0.027320175,-0.018493768,0.030853042,-0.026987907,0.006943483,0.009804313,0.0056014,0.005819822,0.074156208,0.063820651,0.003355716,0.019635276,0.016292632,0.000943748,0.009039233,-0.001241615,-0.000238088,0.003862022,0.005238745,0.003589548,0.00180574,0.003729077,0.009541914,-0.000806196,-0.003416029,-0.002963076,-0.001427449,-0.2,-0.004838511,-0.002337813,-0.002647931,-0.010661447,10.3474
0.001960711,0.002357883,-0.002616464,0.001641266,0.001007553,0.004537425,0.002399473,0.000140536,-0.002145098,0.027410343,-0.010717387,0.001304626,0.007039554,0.017282901,0.011539084,0.014558651,-0.177504262,-0.020316472,1.0205,-156,-0.029782135,0.004810812,0.004720782,0,-1,0.079127748,-0.014110503,-0.021597282,-0.027485874,-0.017662063,-0.048149344,0.002189737,0.005235742,0.013659341,0.009392373,0.002461589,0.003311683,0.001054296,0.001701608,0.002458336,0.000571381,0.002893812,0.003400367,0.000134406,41.6,0.2,42.3,7.162397497,4.882801923,5.036952602,6.421622268,5.963579344,7.187657164,4.976733742,5.257495372,6.424869024,5.910796644,-0.00045624,0.043745177,0.034322243,0.004447624,0.005626404,0,-0.022421462,0.001298254,0.000378,0.016780144,0.023118962,0.023106157,-0.001926896,0.000499892,0.00016977,9.5413E-05,-0.030808848,-0.030823507,0.068461,-0.045793456,0.01,0.15,0.16,0.16,0.16,0.22,0.28,0.27,0.25,0.36,0.15,0.33,0.54,1.18,1.44,2.4,3.09,-0.007081036,-0.026268719,-0.026513953,0.009861516,0.012711527,-0.006443885,-0.009794514,-0.002085351,-0.002315141,-0.119160025,-0.041632187,-0.003871164,-0.002020493,-0.017805581,-0.005176684,-0.010509011,-0.004876865,0.000302598,-0.004150758,-0.005349561,-0.003754518,-0.001868389,-0.00654204,-0.009684794,0.001184472,0.002952215,0.006952527,-0.000476891,4,0.001237289,-0.001461012,-0.001508872,-0.007002345,20.2578
0.003444167,0.003224653,0.005657503,0.005069995,0.007175784,0.005012126,0.002549622,0.003117182,0.003569457,0.008353746,0.002154852,0.000401393,0.007876994,-0.000710853,0.010159051,-0.001113292,0.090822617,0.015814704,-0.1649,564,0.115105496,-0.001570102,-0.000341525,-0.1,1.3,-0.081331849,0.039220713,-0.043304382,-0.036010438,-0.048184503,0.02480198,0.001045866,0.001268107,0.012284799,-0.000418673,0.001664092,0.002413159,0.000421408,0.001010184,0.001479317,0.001645096,0.000715869,0.000585103,8.95937E-05,41.6,-0.2,42.2,7.190676034,4.787491743,5.204006687,6.445719819,5.978885765,7.227662499,4.905274778,5.313205979,6.480044562,5.958424693,0.00886897,0.026950362,0.083298998,0.008380777,-0.001115993,-0.01,0.02288317,0.002763224,0.005259155,-0.032094246,-0.043367747,-0.042907263,0.007452967,5.20344E-05,-0.000372893,-6.1136E-05,-0.000883887,-0.000576984,0.0148191,-0.013263501,0.09,0.3,0.13,0.12,0.1,0.03,-0.02,0.05,0.13,0.57,0.19,0.36,0.55,1.12,1.33,2.36,3.13,0.006204876,0.013273357,-0.017972905,0.001073845,0.027038205,0.002470723,0.003254625,-0.006587561,-0.052686695,0.031349968,-0.01371721,-0.002128563,-0.020777336,-0.012147619,0.005004641,-0.005099714,0.004305692,-0.000510638,-0.002662191,-0.003957382,-0.002802741,-0.000893658,0.003161972,-0.005715689,-5.94662E-05,-0.004652333,-0.010620304,-0.000473555,1.7,0.002945943,-0.007368274,-0.002465898,0.004092086,18.194
-0.000622859,-0.00126772,0.003083418,0.000929994,0.00341902,0.011336287,0.012656284,0.014595463,0.016147484,-0.007652863,0.023079591,0.009338462,0.009804431,0.005232456,0.012779908,0.005561781,0.122670307,0.001128031,0.3361,202,0.056280773,-0.000587877,0.000360853,-0.1,-1.2,-0.066128487,-0.000506201,0.040732585,0.123200434,-0.019638093,-0.031551162,0.001179504,0.0025314,0.012576921,0.002230899,0.00221449,0.002786929,0.001263158,0.000962249,-0.000324541,-0.001645096,-0.000150667,0.000350898,4.47938E-05,41.7,0.2,42.3,7.151485464,4.564348191,5.075173815,6.50578406,5.860786223,7.218176838,4.553876892,5.272999559,6.588926478,5.84932478,0.004982275,-0.010543599,-0.069086186,0.005989334,0.002971146,0,-0.014886201,-0.002932923,-0.000501388,-0.005390469,-0.003641337,-0.003534839,0.011954534,-0.000585335,-0.000256322,0.000255177,-0.018348659,-0.018079098,0.0466933,-0.032121724,0.18,0.12,0.06,0.06,0.09,0.07,0.03,-0.02,0.03,0.51,0.07,0.24,0.46,1.01,1.18,2.16,2.98,0.001222472,0.021600464,0.01506231,0.007342753,-0.015663675,-0.00296394,-0.003719201,0.004541766,0.044488598,0.046593059,0.023029519,0.002835474,0.008989468,0.014444439,-0.003081569,0.009394452,-0.004792846,-0.000995969,0.003069649,0.004240606,0.00339214,0.001864927,0.001319013,0.011028526,-0.000802166,0.003785316,0.006566027,0.001863907,-2.6,-0.002643489,0.013041105,0.009608874,8.56094E-05,18.7955
0.00063821,0.000850296,0.00339967,0.003341104,0.012336802,-0.008247556,-0.017652084,-0.022900005,-0.025866491,-0.042163716,-0.021254657,-0.021777146,0.002538505,-0.009104401,0.000623753,-0.009565403,-0.109349408,0.003426718,-0.8106,-181,0.006935572,0.000717782,0.002078809,-0.1,-1.7,-0.049285336,-0.035561593,-0.073909907,-0.051396702,-0.090971778,0.005627477,0.001803633,0.002718976,0.004255013,0.004169568,0.001815384,0.001769465,0.00189175,0.001656341,0.001873672,0.001510904,0.001825304,0.001402361,0.000358278,41.6,-0.3,42,7.192182059,4.663439094,5.476463552,6.480044562,5.805134969,7.170888479,4.8978398,5.342334252,6.43775165,5.80814249,-0.001197702,-0.002943045,-0.023015561,0.005250925,0.003192795,-0.01,-0.000767146,0.003331536,0.00293313,0.004064877,0.006009409,0.005807062,-0.018769788,-0.003546978,0.001634479,0.000371623,0.017874959,0.020883224,-0.0213858,0.00332267,0.01,-0.04,0.1,0.09,0.12,0.12,0.11,0.15,0.16,0.46,0.16,0.32,0.57,1.12,1.28,2.3,3.13,0.026715908,0.028695498,0.018698979,-0.044219335,0.010469664,0.010331219,0.013885648,0.007975824,0.012817409,0.000178359,-0.005943236,-0.000120603,-0.002706511,0.001447578,0.00116254,-0.00202779,0.001782099,0.000993415,0.00021934,-0.000136525,-0.000239391,-0.000329356,-0.002367104,-0.00290836,0.000764881,-0.003787263,-0.004012937,-0.005605736,-0.8,0.001442446,0.003826141,0.001128393,0.006450253,13.7684
0.002493945,0.002620921,0.003217308,0.001486215,0.002404069,0.006219724,0.007066578,0.0097113,0.005830381,0.031642798,-0.00149807,0.020373579,0.005260039,0.007141447,0.005691951,0.006910994,-0.008531831,0.011192605,0.4297,163,-0.043053455,0.002853651,0.000340693,0.2,-0.1,0.09400355,-0.021745752,0.07348063,-0.114943225,0.203401073,0.006488444,0.001397596,0.001744017,0.013524528,0.001108955,0.001654651,0.002396419,0.000419903,0.001341811,-0.000504105,0.002128177,-0.002622961,0.001400397,0.000716172,41.5,0,42.1,7.070724107,4.644390899,5.099866428,6.335054251,5.843544417,7.163946684,4.779123493,5.153291594,6.507277712,5.799092654,0.014344772,0.008485236,0.021602061,0.003523421,0.001035854,-0.01,0.002953438,0.001116074,0.004863589,0.011201002,0.014084722,0.01375526,0.006958693,0.003507865,-0.002809929,-0.000243452,0.019378007,0.026130213,-0.0240079,0.006995276,0.12,0.03,0.04,0.04,0.06,-0.04,-0.07,-0.04,0,0.37,0.08,0.24,0.51,0.96,1.09,2.14,3.01,0.011746986,-0.006945521,0.003418402,-0.013152185,0.019930635,-0.007387574,-0.011106929,-0.00556532,-0.0313109,-0.085389398,-0.001006402,-0.00080129,-0.008696256,0.000184892,0.002188295,-0.000321861,0.005186987,-0.001014396,-0.001150983,-0.000217974,-0.001089109,-0.000909405,-0.001180376,-0.001952533,-0.000563479,0.000838398,0.000725688,0.004201138,0.2,0.00267194,-0.011554668,-0.005398375,0.007912256,12.6185
0.00203752,0.00194635,0.003360258,0.001926971,0.006043054,0.004184105,0.000853757,0.001926307,0.002522077,-0.004812591,0.00462468,0.001886372,0.007945092,0.000369814,0.00713081,0.003658059,-0.018712556,-0.017635753,0.1845,255,0.0896286,0.000493313,0.002388015,-0.1,1.9,-0.058485343,-0.025524057,0.020400197,0.106635804,-0.033972071,-0.04306395,0.001107282,0.001982545,-0.00159017,0.00262885,0.001730513,0.002642009,0.000209886,0.000966236,0.000612094,0.001722682,0.000125657,0.000349793,0.001252068,41.6,0,42.2,7.076653815,4.634728988,5.18178355,6.436150368,5.631211782,7.172424577,4.828313737,5.198497031,6.499787041,5.805134969,0.009579622,-0.011710494,-0.038092299,0.001047664,0.006723942,0.01,0.001390418,-0.003903684,0.000533021,-0.007371245,-0.002407699,-0.002381887,-0.000613835,-0.00023538,0.002809864,0.000236803,0.014163925,0.01503317,-0.0099282,0.002710024,0.09,-0.02,0.06,0.05,0.06,0,-0.02,-0.09,-0.04,0.26,0.05,0.2,0.48,0.87,0.98,1.96,2.88,0.003420731,0.004836769,0.013152716,-0.009978916,0.000609338,-0.000979428,-0.000459875,-0.005952643,0.016347907,0.075419413,-0.060598153,0.000424253,0.005258503,-0.001130742,-0.006058283,-0.000796942,0.003068433,0.001147601,0.000544806,-0.000174037,0.001045163,0.000330995,0.006845574,-0.0024023,0.000161218,0.000835239,0.004337863,-0.002800033,-0.3,-0.004952215,0.011384733,0.004353811,-0.006818079,11.9635
0.003017309,0.00311222,0.003009515,0.005120065,-0.000704654,0.008268255,0.005519241,0.007415414,0.004133697,0.021109445,-0.000758673,0.015842714,0.011353355,0.00550006,0.002430731,0.004784858,0.013994723,0.013909116,0.2706,216,0.04363319,-0.002512262,-0.002310893,-0.1,-0.5,0.049882165,-0.05425059,-0.056243195,-0.033937509,-0.071615692,-0.011709736,0.00191639,0.002364238,0.010935361,0.004274395,0.000864135,0.001381129,0,0.001844165,0.001941818,0.003436487,0.000571542,0.001048646,0.000848726,41.5,0,42.2,7.154615357,4.59511985,5.231108617,6.487684018,5.82008293,7.13009851,4.624972813,5.247024072,6.476972363,5.726847748,0.000107642,0.045810437,0.07095899,0.009173436,0.005309259,0,0.006554662,0.002256379,0.002288757,0.004805892,-0.000552195,-0.000521029,-0.007480572,-0.000649361,0.000719525,0.000293009,0.022713691,0.021254757,-0.0256056,0.009812233,0,0.02,0.07,0.08,0.06,-0.01,0,0.01,-0.02,0.28,0.12,0.28,0.54,0.86,0.98,1.97,2.86,0.004319513,-0.006859014,-0.004714245,-0.021813461,-0.006953228,0.000486495,0.00045861,0.001480141,-0.043711974,-0.086812515,0.028585679,0.00051738,-0.013032698,0.006183401,-0.000434847,0.001891883,-0.004824213,-0.000330572,0.000673177,0.000800013,0.0006026,-0.000601257,-0.006626842,0.002453288,-0.000611601,0.00249667,-0.002548161,0.005119645,-1.7,0.001289965,0.001869159,0.000693372,-0.002370701,10.9708
0.000929568,0.000295897,-4.24443E-05,0.003127385,-0.002213635,0.001337456,0.002808076,0.004892018,0.002695511,0.012628798,-0.000216729,0.010875892,-0.000310807,0.002718716,-0.009676473,0.002352478,-0.007793835,-0.005514925,0.0867,-333,-0.014146774,0.001562418,0.002983899,-0.1,1.5,-0.062872485,0.016700647,-0.003120127,-0.073859061,0.043726862,-0.026980269,0.000796298,0.001781545,0.005707778,0.002061715,0.001490839,0.001880289,0.000839102,0.000637274,3.59241E-05,0.000449539,-0.001684158,0.00197778,8.92977E-05,41.3,0,42.1,7.120444372,4.94875989,5.141663557,6.342121419,5.877735782,7.146772179,4.553876892,5.141663557,6.498282149,5.828945618,0.009673115,-0.000172944,-0.032357091,0.007175882,0.004850978,0,-0.001904228,-0.00236974,0.001540628,-0.001013622,-0.000155031,-0.000149271,0.002209539,0.002744935,-0.00233108,0.000181218,0.015168748,0.018321819,-0.0118258,0.000497937,0.04,0.05,0.1,0.1,0.11,0.12,0.11,0.1,0.11,0.29,0.18,0.34,0.61,0.94,1.05,2.03,2.93,-0.004867155,-0.020140741,0.009869467,0.014493007,-0.000613591,-0.003902679,-0.005054838,-0.002961014,0.045440962,0.073394379,0.015752541,-0.001638569,0.025757422,-0.012439628,0.003880054,-0.00386004,-0.008247346,-0.000378727,-0.001796601,-0.001745428,-0.002155812,0.000441355,-0.001154654,0.000200701,0.000750997,-0.001265011,0.000706365,-0.001871693,3.9,-0.000607626,-0.012607345,-0.005163211,-0.001648451,11.5018
0.003018904,0.003145887,0.005755947,-0.003694321,0.011003884,0.001948783,0.004868802,0.005582967,0.006880106,-0.013773753,0.012893257,0.002878163,-0.001336517,-0.002729916,-0.001202268,-0.001576597,0.087340924,0.016592459,-0.2112,171,0.004008207,0.003935352,0.003281617,0.1,-1.7,-0.001453841,0.052292224,-0.004922811,-0.002325582,-0.006547859,0.035191458,0.001831086,0.003074117,0.006099742,0.004247454,0.002271215,0.002376635,0.00209468,0.001630195,0.00086179,0.000931734,6.28945E-06,0.001161575,-0.000312577,41.3,0,42,7.104144093,4.49980967,5.262690189,6.391917113,5.82008293,7.142827401,4.787491743,5.225746674,6.463029457,5.762051383,0.005320477,-0.044158126,-0.047724667,-0.001629632,0.00586939,0.01,-0.004242133,-0.000123653,-0.00129255,0.005224275,-0.002562352,-0.002453989,0.00609272,-0.001848945,0.002036738,6.8152E-05,-0.040814814,-0.039473021,0.0920228,-0.057326659,0.24,0.13,0.12,0.11,0.09,0.11,0.15,0.16,0.19,0.18,0.06,0.21,0.46,0.81,0.96,1.95,2.88,0.008587694,0.02619525,0.0055547,-0.004141428,-0.002304325,0.0097407,0.014219564,0.00934259,0.027319029,-0.024008935,0.011529417,0.002712695,-0.008734407,0.014684417,6.12301E-05,0.006337593,0.011729174,0.000708818,0.003286645,0.003840792,0.002958963,0.000641845,0.005265753,0.002025816,-0.000462945,0.000815769,0.001054558,0.000915219,-1.5,-0.001968769,0.007089242,0.003573471,0.002725525,20.3158
0.001695496,0.002040268,0.003261079,-0.001248606,0.002290702,0.003836926,-0.002343578,-0.003246928,-0.006224293,0.00036837,-0.008125289,0.002445288,0.010765986,0.009129768,0.003064667,0.000909512,0.007920872,-0.025843851,-0.0212,-243,-0.022154903,0.000780302,0.001410406,-0.1,-0.7,0.031506186,-0.00162734,-0.048251951,0.006960585,-0.084492985,0.044553342,0.001174406,0.001294064,-0.000141433,0,0.002109953,0.001747597,0.002716541,0.001155052,0.002437714,0.001545428,0.001834828,0.000116083,0.000133973,41.2,0.1,42,7.135687347,4.820281566,5.049856007,6.532334292,5.666426688,7.19142933,4.787491743,5.176149733,6.562444094,5.777652323,-0.012980631,0.007555572,0.006790158,-0.001439322,0.006687546,0.017380931,-0.008796,0.001330915,0.003131111,-0.015740735,-0.007402056,-0.007196749,0.005242181,-0.002609862,0.000565622,0.000605049,-0.022594355,-0.029988867,0.0605835,-0.040626432,0.01,0.19,0.08,0.06,0.05,-0.05,-0.03,0.08,0.15,0.36,0.13,0.26,0.5,0.75,0.92,2.02,3.02,0.009964096,0.007117468,0.005451668,-0.008644697,0.015338543,-0.015579675,-0.021547964,-0.015232165,-0.089480218,-0.224180236,-0.011629145,-0.003106393,-0.009543521,-0.019874517,0.00197801,-0.008253801,0.001748877,-0.000284674,-0.004029573,-0.005192717,-0.003585699,-0.001380589,-0.000596446,-0.007490939,0.000333026,-0.001252406,-0.001444862,-1.36165E-05,-1.1,0.002113338,0.000502064,-0.002154371,0.004841236,20.9697
0.002263334,0.002807652,-0.001311857,-0.002052379,-0.004395816,0.003465794,0.002314043,0.002116503,-0.000420537,0.026189063,-0.008263696,0.005011968,0.004747832,0.010828159,0.006819702,0.01044888,-0.120139479,0.022997381,0.7073,16.55544316,0.006123616,0.002570073,0.000905185,0.2,0.1,-0.000940292,0.09570493,0.036518964,0.036326355,0.036651276,-0.007851975,0.002078518,0.003538134,0.005219734,0.005182065,0.002494933,0.002366865,0.002709182,0.00184222,0.001216632,0.001393821,0.001493024,0.000696217,0.000491082,41.5,0,42,6.905373942,4.752838004,5.192247729,6.133047987,5.415993153,6.874736185,4.771996911,5.177303051,6.057065847,5.419724951,-0.006897625,-0.00490706,-0.008954534,0.004573569,0.006266967,0.011405909,0.023004003,0.006213786,0.010122042,-0.015735425,0.01550966,0.016948396,0.003494526,0.001776982,-0.000417059,0.000240227,-0.058960018,-0.055923165,0.1371309,-0.065514595,0.07,0.13,0.04,0.02,-0.04,-0.27,-0.29,-0.2,-0.09,0.42,0.1,0.21,0.39,0.41,0.56,1.75,2.86,0.003981905,-0.009232379,-0.010096859,-0.018463989,0.017342126,0.004849741,0.005451026,-0.002532084,0.160123183,0.076830631,0.016935835,-0.000759444,0.009273656,-0.011226915,-0.000728595,-0.003683074,-0.004917985,0.001196228,-0.00110927,-0.00103374,-0.000761979,-7.79724E-05,-0.000267302,0.000250491,1.80924E-05,0.001223461,0.000695095,-0.001846698,0.8,0.005917431,-0.002328556,-0.000779016,0.009068083,27.3451
